Date,ABBV,ABT,ACN,AMT,ANET,AXP,BA,BAC,BLK,BP,BRK-B,C,CAT,CL,COP,CRM,CVS,CVX,D,DE,DHR,DIS,DUK,ETN,F,FCX,GE,GM,GS,HD,IBM,JNJ,JPM,KO,LIN,LLY,LMT,LOW,MA,MCD,MMM,MO,MRK,MS,NEE,NEM,NKE,NOW,NVO,O,ORCL,PFE,PG,PLD,PM,RTX,SHEL,SHW,SLB,SO,SPGI,T,TGT,TJX,TMO,TSM,UL,UNH,UNP,UPS,V,VZ,WFC,WM,WMT,XOM
2024-09-30,184.9243621826172,109.33314514160156,340.0836486816406,216.83111572265625,95.95500183105469,265.4491271972656,152.0399932861328,37.95854187011719,910.8927001953125,28.099525451660156,460.260009765625,59.47651290893555,381.5903015136719,99.05426025390625,98.87410736083984,269.7750244140625,58.27464294433594,135.53939819335938,52.89824295043945,407.87384033203125,274.80474853515625,93.99789428710938,107.41316986083984,323.60040283203125,9.37480640411377,48.67192459106445,186.70144653320312,43.98954772949219,475.85028076171875,384.9158935546875,209.55763244628906,153.52554321289062,202.35772705078125,67.95528411865234,464.52764892578125,873.7058715820312,554.245361328125,260.3609313964844,487.9338684082031,290.103271484375,131.601318359375,44.55938720703125,106.38060760498047,98.97403717041016,79.68849182128906,51.91283416748047,83.72063446044922,178.8780059814453,110.36628723144531,56.86994934082031,166.7350311279297,25.270225524902344,164.10289001464844,118.11634826660156,113.99810028076172,117.04269409179688,60.98235321044922,374.9296875,39.753822326660156,84.4682846069336,480.9996643066406,20.067350387573242,144.2304229736328,114.67650604248047,614.2369995117188,169.48597717285156,68.3794174194336,557.4261474609375,235.78521728515625,120.30876922607422,270.8663635253906,39.391693115234375,54.08150863647461,201.29751586914062,79.30255889892578,109.9430923461914
2024-10-01,184.43743896484375,108.90158081054688,338.6404724121094,216.374267578125,95.4625015258789,262.90423583984375,154.22000122070312,37.51850509643555,896.0326538085938,28.72614860534668,457.4100036621094,58.7259407043457,382.8293762207031,97.64205169677734,102.71524810791016,266.9758605957031,57.032779693603516,137.7758331298828,53.31016159057617,407.0040588378906,271.3847961425781,91.90666961669922,108.27022552490234,319.8316650390625,9.543481826782227,49.12042236328125,184.44418334960938,44.028785705566406,471.1024475097656,388.5731201171875,207.9178009033203,153.459228515625,198.69171142578125,67.81342315673828,462.7352600097656,872.2659912109375,574.440673828125,262.08160400390625,490.48321533203125,288.64569091796875,131.9479217529297,44.463356018066406,107.48601531982422,99.14495086669922,80.3861083984375,52.582984924316406,84.4119873046875,173.43600463867188,109.3837661743164,56.7294807434082,163.56472778320312,25.03446388244629,163.95126342773438,116.55430603027344,113.23747253417969,120.1629409790039,61.83306121826172,373.85888671875,40.88151931762695,85.12395477294922,476.90301513671875,20.185932159423828,140.84352111816406,113.79842376708984,608.646484375,167.9245147705078,68.04257202148438,556.1104125976562,234.8955841064453,117.59974670410156,273.4770202636719,39.654823303222656,53.028404235839844,201.61749267578125,79.81324005126953,112.48486328125
2024-10-02,184.30633544921875,108.97830963134766,342.787109375,216.1970977783203,97.40499877929688,265.175048828125,152.88999938964844,37.5280647277832,918.3178100585938,28.976795196533203,456.6700134277344,58.93495178222656,384.4488830566406,97.38442993164062,103.64500427246094,275.4621276855469,57.681514739990234,138.92626953125,53.42000198364258,407.0528869628906,270.74224853515625,92.00439453125,108.69876098632812,320.2319641113281,9.303784370422363,49.54943084716797,184.58279418945312,43.96992111206055,472.85162353515625,390.6724853515625,208.27798461914062,152.68238830566406,198.93167114257812,67.1514663696289,463.5340881347656,878.7649536132812,571.9185791015625,261.3318176269531,489.6828918457031,289.3887634277344,130.378662109375,44.16651916503906,104.99417114257812,99.23988342285156,80.53694152832031,52.44701385498047,78.701171875,176.08200073242188,107.96560668945312,56.207218170166016,164.1029052734375,24.982070922851562,162.89010620117188,116.15211486816406,112.30782318115234,119.8248291015625,62.71150588989258,371.4816589355469,41.6396369934082,85.78897094726562,479.2213439941406,20.240665435791016,139.17779541015625,113.61305236816406,608.4279174804688,171.56468200683594,67.51625061035156,564.7005615234375,232.79104614257812,117.37032318115234,272.8858947753906,39.514488220214844,52.942237854003906,201.0260009765625,78.98828125,113.97616577148438
2024-10-03,183.02345275878906,107.62615203857422,347.5494689941406,213.77296447753906,97.52749633789062,262.8944396972656,150.52000427246094,37.54719543457031,912.7920532226562,29.057361602783203,452.9599914550781,58.250885009765625,381.5610046386719,95.39018249511719,105.57967376708984,276.8715515136719,58.31170654296875,139.20237731933594,53.1637077331543,399.47845458984375,267.3915100097656,91.4962387084961,107.84169006347656,319.226318359375,9.277151107788086,48.52568054199219,182.0581817626953,44.12688064575195,467.1908264160156,390.9764709472656,211.11216735839844,152.0476837158203,196.95472717285156,66.68809509277344,457.6015625,873.3212890625,574.4027099609375,259.7456970214844,489.0899963378906,289.0934143066406,129.75289916992188,43.63397216796875,103.21429443359375,99.28736114501953,80.1787109375,51.67002487182617,77.75411224365234,178.1280059814453,106.66793823242188,56.189212799072266,163.27117919921875,24.746309280395508,161.18463134765625,114.15045166015625,111.1622085571289,119.4674072265625,63.303287506103516,366.51104736328125,42.53990173339844,84.9553451538086,479.1189270019531,20.112958908081055,138.43753051757812,112.25691986083984,596.7106323242188,175.15599060058594,66.22151947021484,565.1199951171875,230.18907165527344,115.3495864868164,272.7479553222656,39.04961395263672,52.63588333129883,202.7422637939453,78.98828125,114.9703598022461
2024-10-04,181.93719482421875,108.01933288574219,348.5115966796875,208.53306579589844,98.99250030517578,270.82379150390625,155.0,38.369895935058594,910.585693359375,29.43333625793457,461.9700012207031,59.514522552490234,387.4148254394531,94.50277709960938,107.57068634033203,283.61322021484375,59.859397888183594,138.73300170898438,53.301002502441406,398.7454528808594,266.9071350097656,92.98160552978516,106.24866485595703,325.1722717285156,9.383683204650879,49.28618240356445,185.2163848876953,44.81360626220703,475.8983154296875,387.91766357421875,214.22120666503906,151.84873962402344,203.94537353515625,66.35711669921875,456.0721435546875,874.908935546875,573.7485961914062,257.3905944824219,491.78753662109375,289.3887634277344,130.2246551513672,43.738739013671875,102.83021545410156,102.4301528930664,79.04743194580078,51.805999755859375,77.89617156982422,183.53599548339844,106.70502471923828,55.83802795410156,167.18515014648438,24.955875396728516,160.009765625,114.5058822631836,111.83831787109375,120.66527557373047,63.34952926635742,364.7427673339844,43.080055236816406,84.59005737304688,476.85650634765625,19.985258102416992,141.47276306152344,111.89592742919922,594.4168090820312,176.7955322265625,66.14781951904297,563.6422729492188,228.4958953857422,115.8172607421875,273.8020935058594,38.75138473510742,54.531463623046875,201.77264404296875,79.48916625976562,117.0806884765625
2024-10-07,181.3004608154297,108.70979309082031,343.27777099609375,208.26268005371094,98.13500213623047,268.6844482421875,155.91000366210938,38.226402282714844,902.4121704101562,29.666080474853516,453.5,59.47651290893555,388.5465393066406,94.05431365966797,107.73973846435547,280.4789123535156,60.47106170654297,139.0827178955078,52.257503509521484,396.83966064453125,265.6814880371094,90.28450775146484,102.68997192382812,326.7149353027344,9.312662124633789,49.52018356323242,184.10757446289062,45.10791778564453,475.37933349609375,387.6327209472656,215.2828369140625,151.12875366210938,203.6653594970703,65.26013946533203,451.2598876953125,885.9938354492188,574.1372680664062,258.140380859375,485.46356201171875,286.6164855957031,129.82032775878906,43.58159255981445,101.72481536865234,102.20227813720703,75.69133758544922,51.45634841918945,76.55133819580078,181.18800354003906,109.16131591796875,55.5318717956543,166.31431579589844,25.497255325317383,158.34222412109375,112.2423324584961,111.65989685058594,120.8005142211914,64.93997955322266,361.284912109375,43.20325469970703,83.2599868774414,471.5029296875,19.86667823791504,137.88226318359375,109.39830017089844,594.6551513671875,180.0648193359375,65.5057144165039,556.3582763671875,226.59222412109375,115.77313995361328,269.72357177734375,38.45316696166992,54.722938537597656,199.17401123046875,77.68213653564453,117.58717346191406
2024-10-08,180.73858642578125,109.92769622802734,346.7220764160156,209.1111297607422,100.05500030517578,264.0916748046875,154.64999389648438,38.197696685791016,910.470458984375,28.672435760498047,453.79998779296875,60.0845832824707,378.5072937011719,95.97222137451172,104.0582504272461,287.3782958984375,61.07345962524414,136.90150451660156,52.00120544433594,391.2101745605469,265.7012023925781,90.40176391601562,103.09986114501953,327.6424255371094,9.312662124633789,47.37518310546875,185.60250854492188,45.13734817504883,477.2535400390625,393.44635009765625,216.7046661376953,151.2803192138672,203.49154663085938,65.42091369628906,457.299560546875,901.1021118164062,576.5171508789062,262.68719482421875,491.1551208496094,287.61676025390625,129.66629028320312,43.25857162475586,101.65924835205078,102.05986785888672,75.88931274414062,51.2232551574707,76.4945068359375,184.39999389648438,108.63298034667969,55.38778305053711,170.6196746826172,25.47979164123535,159.32760620117188,111.625,111.55661010742188,119.30318450927734,63.12760925292969,366.8056945800781,41.82917022705078,83.63465881347656,482.6103820800781,19.939651489257812,140.02915954589844,110.6861343383789,591.2789306640625,181.56771850585938,66.2004623413086,554.4707641601562,227.2522735595703,115.56138610839844,270.87615966796875,38.60227584838867,54.85697555541992,202.34471130371094,78.28119659423828,114.46388244628906
2024-10-09,182.36798095703125,111.19354248046875,351.24395751953125,207.34552001953125,101.73249816894531,266.3586120605469,149.3699951171875,38.44641876220703,917.0419311523438,28.627676010131836,455.8999938964844,60.920677185058594,386.5367126464844,96.37298583984375,104.2178955078125,283.78070068359375,61.13833236694336,137.72982788085938,51.60760498046875,396.2923278808594,266.11639404296875,91.4669189453125,103.70539855957031,330.249267578125,9.428071975708008,47.6481819152832,187.39450073242188,47.020938873291016,485.5285339355469,395.2417297363281,222.08865356445312,152.18978881835938,206.06959533691406,65.78971862792969,457.4262390136719,907.0389404296875,573.7296142578125,266.4457702636719,494.6676940917969,289.4554443359375,129.97434997558594,43.852230072021484,103.29859924316406,103.53156280517578,75.96473693847656,51.213539123535156,78.08558654785156,187.72999572753906,108.44760131835938,55.65793991088867,174.45535278320312,26.361719131469727,160.3792724609375,111.1573257446289,112.85247039794922,119.73787689208984,63.08136749267578,372.26751708984375,41.8954963684082,83.29744720458984,485.5152587890625,20.003501892089844,142.81455993652344,111.20323181152344,595.0523681640625,182.6314697265625,66.21097564697266,563.6611938476562,227.3670654296875,117.36149597167969,272.81689453125,38.68998718261719,55.08673858642578,205.7869415283203,78.95884704589844,114.51078033447266
2024-10-10,181.993408203125,110.8770980834961,348.7999267578125,204.6407470703125,102.44000244140625,265.4263916015625,146.6199951171875,38.235965728759766,916.7254028320312,28.949939727783203,454.92999267578125,60.3126106262207,386.9757995605469,94.69361877441406,105.05374908447266,285.9984130859375,61.95387649536133,138.62254333496094,50.792938232421875,396.5660095214844,263.3685607910156,90.87081909179688,105.38229370117188,328.9702453613281,9.481339454650879,48.30143737792969,186.24606323242188,46.78548812866211,484.1253662109375,389.4376220703125,220.87535095214844,152.05714416503906,205.50958251953125,65.48710632324219,457.28009033203125,898.1139526367188,566.5047607421875,262.6295471191406,492.758056640625,289.6555480957031,128.48216247558594,43.372066497802734,102.48360443115234,102.62005615234375,76.30412292480469,51.86427688598633,77.75411224365234,188.92599487304688,108.93885040283203,55.35176467895508,172.0232391357422,25.619503021240234,160.07608032226562,110.6335220336914,112.11063385009766,118.76220703125,63.654666900634766,369.8018493652344,42.26508331298828,82.6698989868164,479.60302734375,19.604393005371094,144.33221435546875,109.84709167480469,589.6305541992188,181.30421447753906,65.68465423583984,569.8392944335938,228.4575958251953,117.22030639648438,273.348876953125,38.260616302490234,55.287784576416016,204.82699584960938,78.18299102783203,115.49559783935547
2024-10-11,181.84356689453125,111.3565902709961,348.48114013671875,205.92742919921875,104.23249816894531,271.0102233886719,151.02000427246094,40.13006591796875,949.9853515625,28.74405288696289,460.2099914550781,62.459842681884766,392.22467041015625,95.51422119140625,103.76709747314453,283.9581604003906,61.7499885559082,139.35882568359375,51.461143493652344,401.7654724121094,267.20367431640625,91.98484802246094,106.36046600341797,333.31500244140625,9.51684856414795,48.77918243408203,189.2557830810547,46.962074279785156,496.2159729003906,391.28045654296875,221.1028289794922,152.9571075439453,214.63412475585938,65.78971862792969,461.7806091308594,919.1888427734375,572.83837890625,265.0807800292969,496.9532470703125,290.60821533203125,129.7240447998047,43.51174545288086,102.79275512695312,104.87982177734375,77.17142486572266,52.73838806152344,77.80146026611328,187.71800231933594,111.265380859375,55.60390090942383,172.37628173828125,25.46232795715332,162.10369873046875,112.46681213378906,112.77734375,119.71855926513672,63.331024169921875,372.2970275878906,42.43566131591797,83.3255615234375,486.0180358886719,19.74297332763672,146.63641357421875,110.95932006835938,592.7386474609375,186.21304321289062,66.09518432617188,570.1728515625,231.79617309570312,118.77336120605469,273.71337890625,38.30515670776367,58.38964080810547,205.3796844482422,78.6642074584961,115.93640899658203
2024-10-14,183.21072387695312,112.44022369384766,352.2099914550781,208.20953369140625,103.36750030517578,271.3634948730469,148.99000549316406,40.091800689697266,951.3858642578125,28.63663101196289,459.9800109863281,62.71637725830078,384.351318359375,96.1153564453125,102.80916595458984,287.447265625,62.51919937133789,139.69017028808594,52.111045837402344,398.4815979003906,268.4194641113281,92.80570220947266,107.21751403808594,337.4351806640625,9.6943998336792,47.638431549072266,190.71112060546875,47.70765686035156,502.4150390625,394.624267578125,222.99859619140625,153.0897216796875,213.8520050048828,66.51786041259766,465.22906494140625,916.6741333007812,579.1908569335938,269.8583679199219,501.3067626953125,295.1811218261719,130.6963653564453,43.52921676635742,102.7552719116211,106.60789489746094,78.16128540039062,53.243431091308594,77.28057098388672,188.93800354003906,111.0243911743164,55.928070068359375,172.71951293945312,25.392473220825195,163.44911193847656,112.67259979248047,112.75857543945312,120.4044418334961,63.229312896728516,377.3757629394531,42.3598518371582,84.14981842041016,491.14813232421875,19.641347885131836,146.1829833984375,112.43252563476562,599.5604248046875,187.57931518554688,66.4109878540039,577.1802978515625,234.62774658203125,118.74690246582031,276.51123046875,38.47441101074219,59.50975799560547,207.01840209960938,78.8508071899414,116.37724304199219
2024-10-15,181.09642028808594,111.81394958496094,356.132080078125,215.46917724609375,98.07749938964844,272.1387939453125,152.35000610351562,40.311824798583984,966.04443359375,27.517662048339844,462.67999267578125,59.514522552490234,378.5365295410156,96.89779663085938,98.8083724975586,284.2045593261719,60.2393684387207,135.96273803710938,52.733489990234375,392.88140869140625,269.5264892578125,92.07279205322266,109.1086654663086,330.0442810058594,9.623381614685059,46.23988723754883,188.67164611816406,46.94245147705078,502.0594482421875,394.77630615234375,220.81846618652344,155.45811462402344,214.7306671142578,66.51786041259766,468.2781066894531,900.7077026367188,573.6253051757812,270.9156799316406,501.8707275390625,298.51556396484375,130.66748046875,43.56413269042969,104.47895812988281,106.55089569091797,78.04814910888672,54.078704833984375,77.7730484008789,185.5919952392578,109.1983871459961,57.053653717041016,170.72869873046875,25.70682144165039,164.45347595214844,113.54247283935547,113.07783508300781,120.78118133544922,61.102569580078125,381.68817138671875,40.70146560668945,84.9647216796875,492.0140380859375,19.872312545776367,148.7000274658203,113.91549682617188,596.3134765625,182.6217041015625,66.6530990600586,530.3594970703125,235.1251678466797,118.06743621826172,275.141845703125,38.96436309814453,60.3426628112793,207.29957580566406,80.18643188476562,112.87879943847656
2024-10-16,179.77493286132812,113.51934051513672,359.6097106933594,213.67539978027344,101.5199966430664,276.42724609375,154.89999389648438,40.94319152832031,974.4385375976562,27.687746047973633,465.69000244140625,61.044193267822266,384.0293884277344,96.55429077148438,98.76142120361328,286.678466796875,60.25790023803711,136.88308715820312,55.42462158203125,400.0942077636719,264.9302978515625,94.5451431274414,111.58671569824219,333.0318908691406,9.7920560836792,46.91471481323242,190.26559448242188,48.0804443359375,509.24853515625,397.65460205078125,221.491455078125,155.62860107421875,215.9376220703125,66.73538208007812,471.4635314941406,903.7648315429688,581.04931640625,273.0497131347656,508.6384582519531,298.1153869628906,131.2643585205078,43.79111862182617,103.43913269042969,113.47264099121094,79.55651092529297,54.651729583740234,79.49671173095703,183.7740020751953,109.40230560302734,57.83707046508789,171.39559936523438,25.907657623291016,163.32595825195312,118.7617416381836,113.51917266845703,121.93074798583984,61.62038040161133,382.51336669921875,41.393245697021484,86.44464874267578,492.5260314941406,20.057085037231445,147.01580810546875,114.5399169921875,587.40625,182.9632568359375,66.50572204589844,544.7079467773438,237.33493041992188,119.86756134033203,283.2496337890625,39.11580276489258,61.16599655151367,206.6693115234375,79.7641372680664,113.16954803466797
2024-10-17,177.99099731445312,113.58678436279297,362.4014892578125,210.51986694335938,101.84750366210938,280.4508361816406,155.30999755859375,40.75186538696289,961.7275390625,28.0368595123291,465.8500061035156,60.778160095214844,384.8781433105469,95.92452239990234,99.69117736816406,286.92486572265625,59.00678253173828,139.15635681152344,54.683197021484375,395.9600524902344,268.8345947265625,94.33992767333984,112.33199310302734,340.24700927734375,9.82756519317627,46.89515686035156,190.70120239257812,48.44343566894531,508.42205810546875,394.7952575683594,220.74266052246094,155.80860900878906,216.6907501220703,66.1017837524414,473.4897766113281,904.4552612304688,578.005615234375,270.41583251953125,508.3317565917969,299.8111572265625,130.61935424804688,43.4244499206543,102.81147766113281,113.40617370605469,78.98145294189453,54.875118255615234,78.98529052734375,183.4239959716797,109.57842254638672,57.59394454956055,172.2880096435547,25.558380126953125,163.23118591308594,114.76778411865234,112.81490325927734,121.47672271728516,62.26765823364258,382.208740234375,41.68701934814453,86.82867431640625,483.1783142089844,20.0755615234375,144.25814819335938,114.61796569824219,595.0523681640625,200.8809356689453,66.18992614746094,539.6455078125,231.2317657470703,119.48812866210938,286.0769958496094,39.06235122680664,61.63510513305664,206.61114501953125,79.44005584716797,112.87879943847656
2024-10-18,178.2646942138672,115.03202819824219,364.0533752441406,212.52964782714844,100.5,271.6285095214844,155.0,40.48401641845703,966.0635986328125,28.045808792114258,464.79998779296875,59.714046478271484,384.2635498046875,96.33686828613281,99.24038696289062,288.72857666015625,55.92067337036133,138.74220275878906,54.84795379638672,399.46868896484375,271.20684814453125,95.06305694580078,112.49967956542969,339.94439697265625,9.854199409484863,47.120094299316406,190.69131469726562,48.24722671508789,507.9414367675781,394.22528076171875,220.09805297851562,156.4243621826172,217.60801696777344,66.61243438720703,473.8696594238281,905.2935180664062,580.0821533203125,270.73309326171875,510.884521484375,301.5831604003906,130.0994873046875,43.31095504760742,101.8278579711914,114.94432067871094,79.54708862304688,55.962913513183594,78.53070068359375,184.35000610351562,109.45792388916016,58.269283294677734,171.31712341308594,25.51471710205078,163.2378692626953,114.5807113647461,112.8806381225586,121.64093780517578,61.99025344848633,381.50146484375,39.72538757324219,87.33447265625,488.61572265625,20.186426162719727,145.13726806640625,114.84236145019531,597.4951171875,195.94281005859375,66.26361846923828,543.05859375,233.50851440429688,119.94697570800781,286.3035888671875,39.187068939208984,61.615962982177734,206.29115295410156,79.8525161743164,112.5599136352539
2024-10-21,176.0748748779297,112.71964263916016,363.2515869140625,207.99354553222656,101.50250244140625,265.6913146972656,159.82000732421875,39.94830322265625,959.8377075195312,28.1711368560791,464.1600036621094,58.744937896728516,382.3346252441406,95.28202819824219,98.60176086425781,287.102294921875,54.510353088378906,138.86184692382812,54.948638916015625,397.73883056640625,268.94329833984375,94.41810607910156,111.6891860961914,338.8606262207031,9.658893585205078,46.88536834716797,192.295166015625,48.00196838378906,497.6575927734375,386.05584716796875,219.67153930664062,154.25497436523438,215.3196563720703,65.67623138427734,470.85955810546875,893.6170654296875,582.7369384765625,266.11895751953125,509.5684814453125,299.9922180175781,129.8107147216797,42.83079147338867,99.61705780029297,112.30477905273438,79.21713256835938,55.91434860229492,77.16693115234375,183.66799926757812,108.75347900390625,57.440860748291016,170.4050750732422,25.261493682861328,161.57955932617188,110.156494140625,111.70684051513672,121.62162780761719,61.99949264526367,375.0082092285156,40.20868682861328,86.85678100585938,487.11663818359375,20.010892868041992,139.64976501464844,112.84231567382812,591.199462890625,197.0846405029297,65.57939147949219,544.8319702148438,229.9212188720703,115.88786315917969,282.589599609375,38.92873001098633,61.29045104980469,205.38938903808594,79.3614730834961,112.62555694580078
2024-10-22,178.17030334472656,111.88140106201172,359.1556701660156,207.98414611816406,99.13999938964844,267.3203430175781,159.8800048828125,40.464881896972656,960.1062622070312,28.269607543945312,461.45001220703125,60.38861846923828,380.35675048828125,95.57929229736328,98.61114501953125,284.184814453125,53.273399353027344,138.89865112304688,54.921180725097656,397.43585205078125,258.2583312988281,94.53536224365234,111.67987060546875,335.4239196777344,9.863076210021973,47.4623908996582,174.90020751953125,52.7109260559082,498.1382141113281,381.733642578125,220.14547729492188,154.84231567382812,216.40106201171875,65.67623138427734,469.4860534667969,896.5953979492188,547.0584106445312,261.6778259277344,507.5996398925781,299.8016357421875,126.81666564941406,43.703819274902344,99.8980941772461,112.3427505493164,78.90603637695312,56.99242401123047,77.11009979248047,183.58999633789062,107.95634460449219,57.350807189941406,171.92515563964844,25.182907104492188,161.73204040527344,111.25086212158203,123.39776611328125,121.26419067382812,61.9625129699707,354.9980163574219,39.73486328125,87.18460083007812,478.1134033203125,19.863073348999023,138.05809020996094,112.38375854492188,582.2723999023438,193.69827270507812,65.13729095458984,543.2969970703125,230.97349548339844,115.88786315917969,280.5601806640625,36.968929290771484,62.04677200317383,204.6427764892578,80.54978942871094,113.20706176757812
2024-10-23,177.33969116210938,112.73890686035156,358.03509521484375,212.50146484375,98.51000213623047,266.17218017578125,157.05999755859375,40.503150939941406,947.970703125,28.027908325195312,460.6099853515625,59.95157241821289,377.6837158203125,94.91761779785156,98.15096282958984,280.3409118652344,53.207801818847656,138.49368286132812,55.7724609375,399.38079833984375,253.0393829345703,94.0467529296875,112.32266998291016,336.8005676269531,9.818689346313477,46.865806579589844,179.88009643554688,51.91629409790039,497.0810852050781,379.6342468261719,220.61940002441406,157.12539672851562,215.71554565429688,64.31449890136719,465.08294677734375,890.7767333984375,541.4832763671875,260.7511291503906,508.302001953125,284.4443054199219,123.13917541503906,43.47683334350586,99.65453338623047,112.30477905273438,80.09386444091797,56.07946014404297,75.81261444091797,181.53599548339844,107.27970123291016,57.8460693359375,169.75784301757812,25.20037078857422,161.61769104003906,113.0186767578125,123.39776611328125,122.88710021972656,61.5186653137207,356.3143005371094,39.92439651489258,88.18684387207031,475.6926574707031,20.777700424194336,137.00315856933594,111.43738555908203,572.4517211914062,196.0209197998047,63.83201217651367,538.3203735351562,230.87782287597656,115.95845031738281,279.54547119140625,38.18043899536133,61.80743408203125,205.3699951171875,81.77737426757812,112.80376434326172
2024-10-24,179.01040649414062,112.28605651855469,351.85260009765625,212.18214416503906,98.92500305175781,264.94549560546875,155.1999969482422,40.79970169067383,943.9799194335938,28.01896095275879,457.7699890136719,59.8565559387207,378.9859313964844,95.64641571044922,98.01948547363281,282.6374206542969,52.58932113647461,138.46609497070312,55.626007080078125,401.7557067871094,245.1319122314453,93.22590637207031,110.87870788574219,337.1227722167969,9.978486061096191,45.809574127197266,177.94952392578125,51.72008514404297,504.0970153808594,382.52203369140625,207.00784301757812,155.05075073242188,217.23147583007812,63.643070220947266,462.1897277832031,879.0115356445312,534.9506225585938,261.95782470703125,505.22491455078125,287.3118896484375,121.75286865234375,43.599056243896484,99.18614196777344,113.14981079101562,78.06700897216797,47.833621978759766,74.85608673095703,191.3159942626953,105.59274291992188,57.008636474609375,171.01312255859375,25.008264541625977,161.65579223632812,112.60711669921875,124.7030029296875,120.91642761230469,61.407718658447266,355.20428466796875,39.0904655456543,87.68104553222656,459.2037658691406,20.509780883789062,138.97422790527344,111.4178695678711,553.4756469726562,193.16148376464844,65.57939147949219,534.6687622070312,220.73777770996094,122.08242797851562,279.0135192871094,37.28963088989258,62.64033126831055,202.5677490234375,81.55150604248047,112.16597747802734
2024-10-25,177.3113555908203,110.05073547363281,348.53912353515625,209.2426300048828,98.52249908447266,262.3645324707031,155.00999450683594,40.072669982910156,934.4537963867188,28.215896606445312,454.010009765625,58.678428649902344,377.91864013671875,91.68592834472656,98.19792175292969,286.2842712402344,52.93605041503906,138.79742431640625,54.53672790527344,398.68682861328125,242.55210876464844,92.86433410644531,109.19251251220703,336.3416442871094,9.82756519317627,45.57484436035156,177.31588745117188,51.08241653442383,492.659912109375,378.9407653808594,203.48171997070312,152.40768432617188,214.65341186523438,63.283714294433594,461.50787353515625,880.3724365234375,533.1301879882812,258.3667297363281,501.9993591308594,278.7662658691406,120.09701538085938,43.398258209228516,97.40626525878906,110.9754867553711,76.76604461669922,47.027488708496094,74.67613983154297,190.1699981689453,105.09220886230469,55.207698822021484,170.1697235107422,24.842363357543945,160.321533203125,109.94136810302734,121.9422607421875,120.90677642822266,61.8145637512207,352.6993408203125,39.554813385009766,86.06060791015625,456.78302001953125,20.16794776916504,139.881103515625,111.04712677001953,550.4966430664062,198.5387725830078,64.93729400634766,538.2440185546875,220.30728149414062,121.27059173583984,277.545654296875,36.86203384399414,61.77870559692383,200.5217742919922,81.03102111816406,112.07219696044922
2024-10-28,179.0386962890625,109.90621948242188,349.0414733886719,208.6979217529297,98.09500122070312,266.40765380859375,150.69000244140625,40.77099609375,946.1095581054688,27.795166015625,458.489990234375,60.958683013916016,382.4618835449219,91.81059265136719,96.9770278930664,289.54656982421875,53.751319885253906,138.54893493652344,55.03102111816406,403.0066833496094,241.2967987060547,94.00767517089844,109.05276489257812,337.33758544921875,10.093896865844727,45.70198440551758,173.6131591796875,51.729896545410156,503.2128601074219,382.7215576171875,201.81344604492188,153.0897216796875,217.73355102539062,63.04729461669922,463.68994140625,883.2224731445312,526.37939453125,258.6852722167969,502.84033203125,282.74853515625,125.43038177490234,43.869693756103516,97.64045715332031,113.1118392944336,78.12356567382812,46.96921920776367,74.73296356201172,189.0,104.14677429199219,55.189697265625,169.09097290039062,25.20037078857422,161.350830078125,110.19391632080078,122.54324340820312,121.1676025390625,61.065574645996094,356.8545837402344,39.22313690185547,85.97631072998047,453.6454162597656,20.426633834838867,138.15989685058594,111.38860321044922,548.6694946289062,189.9898223876953,65.83203887939453,538.8922729492188,221.91436767578125,119.42634582519531,279.96905517578125,37.07583236694336,62.81266403198242,201.9374542236328,81.26670837402344,111.51881408691406
2024-10-29,178.82159423828125,109.26068115234375,350.7030334472656,199.9544219970703,100.39250183105469,265.3870544433594,152.97999572753906,40.684906005859375,943.1836547851562,26.282320022583008,454.6199951171875,61.462242126464844,379.4265441894531,90.83245849609375,96.0942153930664,294.593017578125,52.71114730834961,136.68983459472656,53.65799331665039,396.83966064453125,239.88333129882812,93.93926239013672,106.58404541015625,337.3765869140625,9.2416410446167,45.545509338378906,172.31619262695312,50.56246566772461,503.8856201171875,375.2929992675781,199.46267700195312,151.6592559814453,215.22308349609375,61.99761199951172,462.38458251953125,891.1022338867188,518.443359375,253.85855102539062,500.9307861328125,281.0431823730469,124.44844055175781,43.6077880859375,97.17207336425781,113.27325439453125,75.0031509399414,46.425323486328125,74.24996185302734,190.61599731445312,103.79454803466797,54.39727783203125,170.08143615722656,24.851091384887695,159.32083129882812,107.85552978515625,123.54801940917969,118.61731719970703,60.36282730102539,355.2337646484375,38.313392639160156,84.13109588623047,453.1891784667969,20.491302490234375,136.89212036132812,111.33007049560547,543.9329833984375,192.19534301757812,65.56886291503906,535.9273071289062,221.92396545410156,118.51744842529297,277.69342041015625,36.81748962402344,62.51588821411133,212.4580841064453,80.23551940917969,109.99938201904297
2024-10-30,190.19557189941406,110.27235412597656,334.792724609375,200.48971557617188,99.0,268.9690246582031,154.2899932861328,40.474449157714844,940.0178833007812,25.97796058654785,454.9599914550781,61.281715393066406,371.32904052734375,90.77491760253906,96.71406555175781,292.13885498046875,52.84233856201172,136.2572784423828,53.50238800048828,395.5202941894531,239.5176239013672,92.91319274902344,106.20208740234375,334.7014465332031,9.294905662536621,44.958709716796875,172.90029907226562,50.984310150146484,504.0010070800781,372.87060546875,194.22091674804688,152.1519012451172,216.68109130859375,62.33805465698242,461.1571044921875,835.1359252929688,517.6281127929688,252.33328247070312,508.2624816894531,277.7278747558594,122.80220794677734,44.08795166015625,98.2025375366211,111.96295166015625,74.56006622314453,45.590049743652344,72.40318298339844,190.0,104.96244049072266,54.46030807495117,171.18963623046875,24.903484344482422,158.3582763671875,108.37934112548828,124.0550765991211,117.71891021728516,60.640228271484375,355.4990234375,38.04804992675781,83.70022583007812,452.4350280761719,20.343482971191406,137.43809509277344,110.19831085205078,546.762939453125,189.7946014404297,64.8425521850586,536.718505859375,222.0961456298828,118.06743621826172,285.8504333496094,36.77294921875,62.62120056152344,208.2982940673828,79.93108367919922,109.44601440429688
2024-10-31,192.4326171875,109.23177337646484,333.1022033691406,200.54605102539062,96.61000061035156,265.0436096191406,149.30999755859375,40.00570297241211,941.130615234375,26.282320022583008,450.9200134277344,60.96818542480469,368.3524475097656,89.86390686035156,102.87490844726562,287.18115234375,52.907936096191406,136.9659423828125,54.490966796875,395.5202941894531,242.81898498535156,94.00767517089844,107.38520812988281,323.7370300292969,9.13510799407959,44.029605865478516,170.0688018798828,49.79725646972656,497.6480407714844,374.0390319824219,195.94607543945312,151.44139099121094,214.27684020996094,61.761199951171875,444.353271484375,818.2817993164062,517.732421875,252.7579803466797,494.3114318847656,278.2899169921875,123.67827606201172,47.54514694213867,95.85121154785156,111.25001525878906,74.71090698242188,44.13319396972656,73.04717254638672,186.59800720214844,103.7667465209961,53.46078109741211,164.59939575195312,24.711381912231445,157.4242706298828,105.63874053955078,124.60909271240234,116.87847900390625,62.46183395385742,352.43408203125,37.97224426269531,85.26443481445312,447.2397155761719,20.82389259338379,138.8446502685547,110.27637481689453,542.4931030273438,185.9495086669922,64.11624145507812,538.186767578125,222.00048828125,118.29685974121094,285.5450134277344,37.53014373779297,62.1520881652832,209.29705810546875,80.48104095458984,109.5304183959961
2024-11-01,192.1305694580078,114.27085876464844,333.92327880859375,198.40481567382812,98.5425033569336,267.60491943359375,154.58999633789062,39.94830322265625,945.0160522460938,26.16594696044922,452.1400146484375,60.531131744384766,371.7109375,89.49950408935547,101.27835083007812,290.4830017089844,52.298831939697266,140.87741088867188,53.99667739868164,391.3470153808594,244.89468383789062,93.62655639648438,104.97238159179688,327.07611083984375,9.072966575622559,44.58707046508789,169.9896240234375,49.993465423583984,499.1473693847656,372.9371337890625,197.39630126953125,151.69717407226562,215.26174926757812,61.477500915527344,445.4832763671875,807.6211547851562,517.0686645507812,252.86422729492188,502.7117614746094,281.24322509765625,122.47489929199219,47.03004837036133,95.43902587890625,111.82420349121094,72.91972351074219,43.9583625793457,73.92796325683594,188.6820068359375,103.7574691772461,53.25636672973633,166.73728942871094,24.528011322021484,157.34803771972656,106.06900787353516,122.6841049194336,114.714599609375,62.406349182128906,351.648193359375,37.678466796875,82.93214416503906,449.9863586425781,20.435871124267578,139.58497619628906,109.65196228027344,554.0118408203125,188.30148315429688,64.54781341552734,541.1041259765625,222.5935821533203,118.28804779052734,286.42181396484375,36.84421920776367,61.92231750488281,207.49351501464844,80.71674346923828,107.81401824951172
2024-11-04,189.22335815429688,113.35555267333984,332.2134094238281,199.20310974121094,98.72000122070312,265.15155029296875,155.07000732421875,39.536964416503906,951.1748657226562,26.613534927368164,442.2900085449219,59.76430892944336,368.6658020019531,89.76802062988281,102.23629760742188,293.7256774902344,51.211814880371094,141.70571899414062,52.742637634277344,392.57843017578125,244.3214111328125,93.60702514648438,104.82331848144531,324.2074279785156,9.19725227355957,45.25210952758789,170.0489959716797,50.817535400390625,491.57391357421875,375.7679748535156,195.56689453125,149.9066925048828,212.2105712890625,61.57206726074219,446.4671325683594,795.0078125,514.9353637695312,255.79888916015625,500.2381286621094,278.99493408203125,121.15599822998047,47.038787841796875,95.4296646118164,111.14474487304688,73.88130950927734,44.443992614746094,73.10401153564453,190.91799926757812,101.69975280761719,53.62721252441406,166.3155975341797,24.23985481262207,157.32894897460938,106.49927520751953,122.38359832763672,113.99007415771484,62.63753128051758,367.7880554199219,38.20915603637695,82.53874969482422,452.27679443359375,20.2510986328125,138.7984161376953,109.94466400146484,551.5789794921875,186.9449462890625,64.53729248046875,531.7704467773438,219.9342041015625,117.36149597167969,287.5153503417969,36.57697677612305,60.98409652709961,207.7359161376953,80.97209167480469,111.24681854248047
2024-11-05,190.36549377441406,113.43263244628906,333.7493896484375,200.8372344970703,101.27999877929688,270.7943420410156,151.0,40.063106536865234,973.0955200195312,26.819425582885742,445.05999755859375,61.02956771850586,375.3729248046875,90.3913345336914,102.56498718261719,293.2131042480469,51.858402252197266,141.1903076171875,53.630531311035156,391.2981262207031,247.17799377441406,94.42786407470703,106.276611328125,330.4246826171875,9.41031551361084,45.95627212524414,173.51412963867188,52.68149948120117,506.46136474609375,380.0616455078125,196.7517547607422,150.0109100341797,213.86166381835938,61.81794357299805,443.1258544921875,794.9288940429688,518.39599609375,259.85333251953125,500.2183532714844,283.2534484863281,121.8010025024414,47.30942153930664,95.22357940673828,112.7428970336914,74.14527893066406,44.677085876464844,73.8521957397461,194.20799255371094,102.07978057861328,53.20209884643555,168.46331787109375,24.440690994262695,157.97705078125,107.03242492675781,124.13020324707031,114.93677520751953,63.08136749267578,371.53076171875,38.4271125793457,83.08202362060547,455.945068359375,20.371198654174805,139.72378540039062,110.97883605957031,556.8617553710938,191.0437774658203,64.90570831298828,540.598876953125,223.72238159179688,118.10272979736328,288.9339599609375,36.75513458251953,61.338321685791016,209.32614135742188,82.18003845214844,111.5750961303711
2024-11-06,189.91241455078125,112.53656768798828,344.0278015136719,185.4539337158203,105.77999877929688,289.6558837890625,147.16000366210938,43.43996047973633,987.9362182617188,26.99846076965332,468.8999938964844,66.16728973388672,408.1839599609375,86.51715087890625,106.71605682373047,302.4878845214844,57.73393249511719,145.15701293945312,52.239200592041016,396.5171203613281,244.89468383789062,96.6363754272461,105.85738372802734,351.6709899902344,9.934099197387695,45.83890914916992,178.9593505859375,54.00589370727539,572.7965087890625,368.9283447265625,202.4674835205078,149.565673828125,238.55101013183594,60.238685607910156,450.6656799316406,765.6587524414062,523.203125,252.66148376464844,515.6238403320312,280.09051513671875,128.92498779296875,47.396732330322266,94.36174011230469,125.83451843261719,70.2518310546875,43.2008056640625,71.3330078125,198.89599609375,97.658447265625,51.555938720703125,177.74069213867188,23.890581130981445,153.48818969726562,106.38701629638672,117.669677734375,117.45808410644531,63.20157241821289,374.00628662109375,41.47854232788086,81.88309478759766,456.20574951171875,20.620643615722656,136.2998504638672,112.81303405761719,555.7594604492188,188.56497192382812,62.3899040222168,568.8764038085938,237.70802307128906,118.17330932617188,302.8343505859375,36.666053771972656,69.38018035888672,211.84718322753906,81.94434356689453,113.48844146728516
2024-11-07,189.26113891601562,111.09132385253906,348.4521484375,185.82958984375,107.75499725341797,281.471435546875,150.97999572753906,42.827728271484375,993.9226684570312,27.11483383178711,460.1300048828125,65.28543853759766,399.69476318359375,87.04456329345703,105.56089782714844,306.3121643066406,53.47955322265625,144.2826690673828,51.83644485473633,401.84368896484375,243.25390625,96.67546081542969,103.4818115234375,353.0221252441406,9.862112998962402,47.51129150390625,177.06838989257812,54.33944320678711,559.523681640625,379.4442138671875,202.5528106689453,148.47621154785156,228.2388458251953,60.20085906982422,453.4322814941406,786.437744140625,523.2221069335938,257.0731506347656,512.4081420898438,280.7192687988281,128.10670471191406,46.74196243286133,94.77391815185547,122.91570281982422,70.34610748291016,43.861244201660156,71.90123748779297,203.05599975585938,99.76251983642578,50.995147705078125,182.77163696289062,23.97789764404297,155.7373809814453,106.82664489746094,116.23296356201172,115.99940490722656,63.441993713378906,377.218505859375,40.976287841796875,81.42412567138672,462.8255310058594,20.361963272094727,139.64976501464844,114.00330352783203,551.99609375,196.3429412841797,62.747802734375,577.2279663085938,232.03530883789062,118.37627410888672,301.2581481933594,36.14046859741211,66.8431625366211,213.74771118164062,82.34700012207031,113.62913513183594
2024-11-08,188.30780029296875,112.33423614501953,343.4482116699219,189.52047729492188,100.11250305175781,282.2369384765625,151.67999267578125,43.1721076965332,997.0116577148438,26.314395904541016,463.4100036621094,65.78386688232422,385.1643981933594,88.77069091796875,105.53250885009766,317.3215637207031,52.045814514160156,144.429931640625,52.89824295043945,385.1311340332031,242.55210876464844,96.7634048461914,105.4847412109375,359.00439453125,9.871109962463379,45.340126037597656,182.968994140625,54.525848388671875,566.3378295898438,385.5808410644531,202.58120727539062,147.28257751464844,228.81817626953125,60.44672775268555,447.59716796875,820.0570068359375,535.282470703125,261.7068176269531,519.2155151367188,284.8254089355469,129.329345703125,47.187198638916016,96.41326904296875,123.95881652832031,72.56149291992188,43.74470138549805,71.86334991455078,201.61599731445312,99.36395263671875,52.01722717285156,185.5960235595703,23.694133758544922,159.83551025390625,108.34191131591797,118.54298400878906,119.35148620605469,62.008750915527344,379.8414001464844,40.9194221496582,83.02582550048828,468.151123046875,20.63912010192871,138.60406494140625,114.95944213867188,547.8751220703125,196.3527069091797,62.605613708496094,587.1051025390625,231.01177978515625,116.86734008789062,303.29736328125,36.060298919677734,67.44015502929688,217.3159637451172,83.3094253540039,113.59161376953125
2024-11-11,164.6442413330078,112.53656768798828,345.1580505371094,184.14852905273438,99.32749938964844,287.5067443847656,148.9600067138672,44.080902099609375,1010.9794311523438,26.3052978515625,467.3599853515625,66.90535736083984,388.26824951171875,88.18573760986328,105.9675521850586,336.8171691894531,52.298831939697266,144.0341796875,53.227779388427734,393.5264892578125,240.4368438720703,98.56147766113281,104.76742553710938,364.1740417480469,10.10506534576416,43.9122428894043,182.7215118408203,56.5663948059082,578.9090576171875,387.8511962890625,202.4390411376953,146.87521362304688,231.048583984375,59.91716003417969,444.6357421875,820.944580078125,540.990234375,264.9986877441406,524.5188598632812,287.26422119140625,128.039306640625,47.082435607910156,94.36174011230469,127.77719116210938,71.56221771240234,41.11263656616211,72.54524230957031,207.20199584960938,101.11579895019531,52.143856048583984,185.4783477783203,23.268495559692383,158.234375,106.72374725341797,117.33162689208984,120.32715606689453,61.8053092956543,382.3757629394531,41.9713134765625,82.73545837402344,472.2850341796875,20.61140251159668,141.8428955078125,115.18384552001953,543.0888671875,189.37498474121094,61.78855895996094,596.1051025390625,231.45181274414062,116.13493347167969,306.3020935058594,36.024662017822266,69.86662292480469,216.83114624023438,82.70054626464844,112.9913558959961
2024-11-12,161.49163818359375,112.1897201538086,348.3555603027344,181.93212890625,98.88749694824219,283.12994384765625,145.1699981689453,43.87043762207031,994.2007446289062,25.614011764526367,466.2900085449219,66.1576919555664,384.81182861328125,87.74461364746094,104.63409423828125,336.2454528808594,50.63081359863281,142.92056274414062,52.20258331298828,384.8281555175781,236.8290557861328,98.68851470947266,104.22708892822266,361.2759094238281,9.988088607788086,42.640846252441406,180.82061767578125,56.32113265991211,569.5385131835938,382.9020080566406,201.44549560546875,144.6016082763672,231.30931091308594,59.76585006713867,443.8077392578125,807.552001953125,536.60986328125,260.54840087890625,523.578857421875,284.5205078125,125.48816680908203,47.52768325805664,92.34766387939453,126.61927795410156,70.0067138671875,40.38420486450195,72.6020736694336,209.6580047607422,99.23419189453125,51.57402801513672,185.919677734375,23.22415542602539,158.05328369140625,105.46102905273438,116.6461410522461,119.17760467529297,60.6309814453125,376.8943176269531,42.009220123291016,82.15473175048828,468.7562561035156,20.463586807250977,144.03610229492188,116.93023681640625,536.962158203125,187.14988708496094,61.08821487426758,586.0181884765625,228.54371643066406,114.83778381347656,305.8282775878906,35.98902893066406,69.90513610839844,217.95594787597656,83.46656036376953,112.87879943847656
2024-11-13,160.79315185546875,111.5152587890625,357.6390075683594,183.28451538085938,98.79000091552734,282.27618408203125,139.97000122070312,43.880001068115234,989.0491333007812,25.986942291259766,468.1000061035156,66.03308868408203,378.9957580566406,87.33226013183594,105.75003814697266,336.80731201171875,50.855716705322266,146.07736206054688,51.79067611694336,380.62554931640625,238.7367401123047,100.37908935546875,103.69608306884766,361.9318542480469,9.988088607788086,42.17140197753906,181.73146057128906,56.615440368652344,571.10498046875,389.6560974121094,201.5028076171875,145.1699981689453,232.85418701171875,59.57671356201172,444.44091796875,800.5995483398438,528.806640625,262.88458251953125,516.3659057617188,283.281982421875,126.54712677001953,48.23483657836914,92.27271270751953,127.04987335205078,69.98786163330078,40.04426956176758,72.469482421875,209.11000061035156,99.09516143798828,51.465484619140625,185.9686737060547,23.694133758544922,158.75852966308594,109.03408813476562,117.60394287109375,119.54468536376953,60.547760009765625,380.4504089355469,41.30795669555664,81.97675323486328,475.1061096191406,20.60216522216797,143.42532348632812,118.17904663085938,538.1041870117188,182.1630096435547,60.88661193847656,577.6284790039062,229.97860717773438,117.9615249633789,305.4631652832031,36.64823913574219,70.06880950927734,218.82861328125,83.96741485595703,113.92926788330078
2024-11-14,160.11355590820312,110.83118438720703,349.7659912109375,182.91824340820312,96.48750305175781,282.923828125,138.13999938964844,43.90870666503906,1004.4943237304688,26.42354393005371,467.70001220703125,65.32378387451172,379.2796936035156,87.69666290283203,106.79032135009766,326.8820495605469,51.62412643432617,148.9120330810547,51.433685302734375,385.6979675292969,236.6116180419922,106.63323211669922,103.10918426513672,354.2949523925781,9.961091995239258,42.3181037902832,176.62286376953125,56.52714538574219,565.713134765625,385.4098205566406,199.6589813232422,143.87217712402344,233.53976440429688,59.15116500854492,441.7620849609375,775.3726196289062,511.03851318359375,260.98284912109375,514.901611328125,284.4347839355469,127.38470458984375,48.357059478759766,92.14157104492188,126.73408508300781,70.96827697753906,39.510093688964844,71.67393493652344,207.9600067138672,97.62137603759766,50.714759826660156,183.43850708007812,23.07340431213379,159.23507690429688,107.33173370361328,120.38347625732422,114.87882232666016,60.834407806396484,381.5997619628906,41.17529296875,81.28363037109375,475.4319763183594,20.555971145629883,142.0187530517578,117.35208129882812,529.2863159179688,183.95867919921875,60.9078369140625,565.5014038085938,225.3582000732422,117.04381561279297,304.2490539550781,36.40771484375,70.09770965576172,214.98883056640625,82.95587921142578,114.00491333007812
2024-11-15,155.73385620117188,111.6694107055664,341.5548400878906,184.49598693847656,93.59750366210938,281.5204772949219,140.19000244140625,44.72182846069336,1004.772705078125,26.359872817993164,470.2799987792969,65.90847778320312,376.058349609375,89.72006225585938,106.22289276123047,320.58392333984375,49.84366226196289,148.5623016357422,52.751800537109375,389.91033935546875,227.83428955078125,112.45741271972656,105.4932861328125,351.48492431640625,9.9071044921875,41.76064682006836,175.16749572753906,55.95814895629883,570.4513549804688,387.7467041015625,195.83758544921875,145.88999938964844,236.86126708984375,58.385189056396484,437.4856262207031,737.1142578125,507.09423828125,260.06573486328125,516.3757934570312,278.78533935546875,125.61356353759766,48.8285026550293,90.22116088867188,128.2939910888672,71.97701263427734,39.75289535522461,72.6020736694336,202.2779998779297,94.30306243896484,51.13987350463867,180.19241333007812,21.991561889648438,161.57955932617188,106.08770751953125,120.74968719482422,115.11189270019531,61.178287506103516,372.9835205078125,40.9194221496582,82.36080169677734,468.5887451171875,20.953235626220703,140.7787322998047,117.41079711914062,509.4859313964844,181.5286407470703,60.9078369140625,564.6241455078125,225.3486328125,118.30569458007812,305.6210021972656,37.1025505065918,71.5805435180664,211.2847900390625,82.73981475830078,112.82288360595703
2024-11-18,156.95144653320312,113.07613372802734,340.80133056640625,186.74058532714844,92.61750030517578,280.2153625488281,143.8699951171875,44.69313430786133,1007.2667236328125,26.760093688964844,472.20001220703125,66.13853454589844,376.4401550292969,90.73655700683594,107.58473205566406,317.6172180175781,52.52373123168945,149.46414184570312,52.82502365112305,395.3639221191406,227.3994140625,110.95250701904297,106.78173828125,350.3492126464844,10.087069511413574,42.59194564819336,175.7516326904297,55.183135986328125,565.1173095703125,389.8935852050781,198.7991485595703,146.61941528320312,236.5908966064453,58.49866485595703,436.9692687988281,718.345703125,503.42498779296875,262.3536071777344,516.1184692382812,277.32769775390625,125.98133087158203,49.186439514160156,90.45536804199219,128.02603149414062,72.01472473144531,41.14177322387695,70.92576599121094,201.0679931640625,92.5141372680664,51.34790802001953,182.14398193359375,22.044769287109375,162.73275756835938,107.23819732666016,123.6888656616211,115.94709014892578,61.97256851196289,369.4012145996094,41.213199615478516,83.14463806152344,468.3187255859375,21.23963165283203,144.878173828125,117.1171875,497.7785339355469,182.9632568359375,61.43838882446289,562.1646118164062,224.23895263671875,120.70860290527344,308.1083679199219,37.63703918457031,71.33980560302734,211.682373046875,82.5728759765625,113.76851654052734
2024-11-19,157.2252197265625,112.8545150756836,341.9219055175781,188.91000366210938,94.42500305175781,280.22515869140625,145.60000610351562,44.39657974243164,986.2959594726562,26.459930419921875,468.8599853515625,65.75511932373047,374.3545837402344,89.76802062988281,106.95108795166016,318.7802429199219,52.26134490966797,148.38565063476562,52.715179443359375,391.0245056152344,228.17037963867188,109.8580322265625,106.81936645507812,356.08673095703125,9.943097114562988,43.149410247802734,175.79122924804688,54.064754486083984,558.7644653320312,386.43572998046875,200.8627166748047,144.94265747070312,234.7176971435547,59.188995361328125,432.575927734375,720.8448486328125,505.6056823730469,250.277099609375,513.9714965820312,276.9752502441406,124.0650634765625,48.76738739013672,90.43663787841797,126.5522689819336,72.66519927978516,41.93819046020508,69.99765014648438,204.4199981689453,95.12800598144531,51.71873474121094,185.2527618408203,22.25758934020996,162.7422637939453,107.68716430664062,121.64177703857422,115.52949523925781,61.495994567871094,367.58056640625,40.8436164855957,83.38074493408203,467.67633056640625,20.999427795410156,144.3599853515625,117.00955200195312,505.5536804199219,185.10049438476562,61.395938873291016,550.1041870117188,223.1675567626953,118.98457336425781,307.8023681640625,37.35198211669922,70.70433044433594,212.39988708496094,85.04769134521484,112.17985534667969
2024-11-20,158.3484649658203,111.69833374023438,344.9358825683594,188.6564483642578,95.42749786376953,282.3448791503906,146.0800018310547,44.061763763427734,982.995849609375,26.45083236694336,468.8299865722656,65.44839477539062,373.5419616699219,90.05570983886719,107.27264404296875,321.01763916015625,53.254661560058594,149.9940948486328,52.90740203857422,395.7841796875,230.4042510986328,111.6561050415039,106.96983337402344,352.9241943359375,9.655152320861816,42.7386474609375,176.20704650878906,53.829307556152344,559.29296875,379.9761962890625,205.01849365234375,145.04685974121094,232.48728942871094,59.56726837158203,438.4986877441406,744.2364501953125,506.99945068359375,253.91644287109375,507.1246032714844,277.1466979980469,123.72631072998047,48.87215042114258,91.27973175048828,126.02592468261719,72.47665405273438,41.75365447998047,69.47674560546875,204.5959930419922,97.57502746582031,51.4473991394043,187.0670623779297,22.11570930480957,162.86619567871094,107.13531494140625,122.43994903564453,115.7140121459961,61.140907287597656,365.76971435546875,41.251102447509766,83.07853698730469,468.4398193359375,21.091814041137695,113.45230865478516,117.18569946289062,509.2476806640625,183.82205200195312,61.06699752807617,572.5087280273438,223.42581176757812,117.99302673339844,303.4002380371094,37.61031723022461,70.84876251220703,212.13809204101562,85.61730194091797,113.77796936035156
2024-11-21,162.09571838378906,112.97978210449219,348.7806396484375,190.468994140625,101.24250030517578,287.5362243652344,143.41000366210938,44.44441223144531,986.1903686523438,26.851051330566406,472.05999755859375,66.0905990600586,381.46319580078125,90.38174438476562,105.82568359375,330.95269775390625,53.507667541503906,150.2730255126953,53.42915344238281,427.62591552734375,232.33168029785156,112.10562133789062,108.02317810058594,363.1949462890625,9.718140602111816,42.797325134277344,176.91989135742188,54.62394332885742,572.9214477539062,389.903076171875,212.47023010253906,147.3109893798828,236.33021545410156,60.2954216003418,443.30120849609375,740.7889404296875,513.90185546875,256.0305480957031,509.65753173828125,274.8221130371094,123.22303771972656,48.915794372558594,93.54673767089844,129.1840057373047,72.92916870117188,42.074161529541016,71.12464904785156,209.41000366210938,95.12800598144531,51.90867614746094,188.71461486816406,22.284191131591797,164.6388397216797,106.60215759277344,123.2099609375,117.0542221069336,61.925838470458984,377.2448425292969,41.75335693359375,83.23906707763672,476.11163330078125,21.23039436340332,113.33114624023438,117.21505737304688,512.4848022460938,186.63267517089844,61.15188980102539,569.6390991210938,228.64892578125,117.34986877441406,305.877685546875,37.85974884033203,72.0523452758789,214.8046112060547,86.80561065673828,115.3004379272461
2024-11-22,167.02285766601562,113.46153259277344,346.47186279296875,191.87771606445312,101.62000274658203,295.681396484375,149.2899932861328,44.96097946166992,994.3062744140625,27.032970428466797,476.57000732421875,66.94369506835938,389.1983642578125,91.02423858642578,105.683837890625,337.10296630859375,54.360416412353516,150.95172119140625,53.21862030029297,436.5295104980469,233.11256408691406,113.01441955566406,107.87269592285156,369.5198669433594,10.060074806213379,42.75820541381836,179.34547424316406,57.419891357421875,579.3319091796875,398.9749755859375,213.01480102539062,146.9983673095703,239.9896697998047,60.44672775268555,443.0186462402344,738.9022827148438,514.1010131835938,255.50929260253906,515.3567504882812,276.5464782714844,124.28764343261719,49.52691650390625,92.90972137451172,128.8968963623047,72.12721252441406,42.132442474365234,73.30289459228516,212.1199951171875,97.38037872314453,51.96296310424805,188.57730102539062,22.745304107666016,168.00308227539062,108.31385803222656,122.06434631347656,117.28728485107422,61.70157241821289,382.1459655761719,41.914451599121094,82.7291030883789,478.9886169433594,21.4151668548584,116.51885223388672,118.87879180908203,509.6646728515625,185.5006103515625,62.191776275634766,563.3275756835938,231.87269592285156,120.43169403076172,305.8974304199219,38.438785552978516,73.1404037475586,217.59716796875,88.81887817382812,115.16804504394531
2024-11-25,167.126708984375,113.81802368164062,349.0124816894531,194.9205780029297,99.93000030517578,299.51849365234375,153.10000610351562,45.439292907714844,989.53857421875,26.66913414001465,477.42999267578125,67.81595611572266,397.1882019042969,91.427001953125,100.34054565429688,334.2348327636719,56.300193786621094,149.0922393798828,53.57561111450195,452.2060546875,234.93125915527344,113.3564453125,108.15483093261719,368.8051452636719,10.258035659790039,43.4036865234375,178.41485595703125,59.05821990966797,579.572265625,407.21099853515625,216.03370666503906,147.5762481689453,241.66976928710938,60.88173294067383,443.9051818847656,745.80712890625,494.8252868652344,265.7806091308594,521.0360717773438,282.1768798828125,126.12650299072266,49.54438018798828,94.7645492553711,127.91118621826172,72.73460388183594,41.238895416259766,75.06443786621094,210.54200744628906,96.91693115234375,51.96296310424805,184.3603515625,23.206418991088867,169.06100463867188,110.43710327148438,122.7404556274414,115.22843170166016,60.78581237792969,393.3751220703125,41.4595832824707,83.50350952148438,484.6214294433594,21.341257095336914,121.6639175415039,122.12797546386719,510.5980529785156,180.62109375,62.372161865234375,577.5902709960938,238.50201416015625,122.86138153076172,309.1249694824219,39.17815399169922,74.0455093383789,218.79949951171875,87.89571380615234,113.44700622558594
2024-11-26,170.97781372070312,113.65422821044922,350.8382263183594,195.3431854248047,102.0824966430664,299.87176513671875,150.75999450683594,45.67845153808594,984.7322387695312,26.34168243408203,478.55999755859375,66.85742950439453,399.32269287109375,92.6161117553711,100.9836196899414,338.246337890625,55.297508239746094,151.10977172851562,54.11566925048828,450.59344482421875,233.843994140625,112.81897735595703,110.07341766357422,369.40240478515625,9.988088607788086,42.52348709106445,182.76112365722656,53.750823974609375,581.9461669921875,408.0184326171875,218.6131591796875,147.55712890625,241.3607635498047,61.04249954223633,444.7916564941406,779.7092895507812,494.40814208984375,264.9600830078125,522.896240234375,282.31024169921875,128.671875,50.2777214050293,95.19547271728516,125.63356018066406,73.54129791259766,41.034942626953125,73.50177001953125,214.01400756835938,98.37217712402344,52.23430252075195,186.6943817138672,22.851720809936523,170.8908233642578,108.6599349975586,124.21471405029297,117.13191223144531,60.5428581237793,389.8617248535156,41.20371627807617,84.3629150390625,486.8225402832031,21.332015991210938,117.9542465209961,123.50789642333984,509.3866271972656,179.4109649658203,62.711727142333984,578.5054931640625,234.97210693359375,120.55673217773438,307.7727355957031,39.52558135986328,74.47881317138672,220.5448760986328,89.67326354980469,111.55574798583984
2024-11-27,172.80899047851562,114.60807800292969,349.8529357910156,196.56410217285156,100.57250213623047,298.576416015625,152.39999389648438,45.69758224487305,977.9880981445312,26.496313095092773,483.0799865722656,67.25042724609375,395.27886962890625,92.78873443603516,101.56050109863281,325.2656555175781,56.187740325927734,150.7192840576172,54.64657211303711,455.4410705566406,236.0679931640625,114.91998291015625,110.4307861328125,364.2033996582031,9.988088607788086,42.797325134277344,178.8009490966797,54.447364807128906,581.8788452148438,407.94207763671875,216.78842163085938,148.39747619628906,241.18695068359375,60.92901611328125,445.2981872558594,778.5929565429688,498.48516845703125,263.7244567871094,526.7550048828125,281.1193542480469,128.2169952392578,50.33010482788086,96.60063934326172,125.56658172607422,74.51880645751953,41.07402038574219,74.19312286376953,208.27999877929688,98.37217712402344,52.7498664855957,179.17247009277344,22.904924392700195,170.9384765625,110.18456268310547,123.78276062011719,116.86969757080078,60.65499496459961,387.71624755859375,41.374290466308594,84.75011444091797,487.6619873046875,21.498315811157227,121.2537841796875,123.66448974609375,518.005859375,176.82479858398438,63.390838623046875,580.021484375,234.58946228027344,121.19989776611328,310.6153564453125,39.534488677978516,74.34400939941406,221.5242156982422,90.2330551147461,111.2625961303711
2024-11-29,172.66737365722656,114.43466186523438,350.0557556152344,196.28231811523438,101.45500183105469,298.9984436035156,155.44000244140625,45.448848724365234,981.2018432617188,26.660037994384766,483.0199890136719,67.93097686767578,397.6385498046875,92.66405487060547,102.45893859863281,325.2458801269531,56.08466720581055,150.5519256591797,54.385528564453125,455.3432922363281,236.91802978515625,114.7929458618164,110.08282470703125,367.57147216796875,10.015084266662598,43.2276496887207,180.34539794921875,54.535648345947266,584.896728515625,409.7945861816406,217.25657653808594,148.0250244140625,241.119384765625,61.057647705078125,449.0680847167969,785.6658325195312,501.9552917480469,262.99072265625,527.30908203125,282.00543212890625,129.23321533203125,50.40867614746094,95.2142105102539,125.9493637084961,74.66117095947266,40.97631072998047,74.60037994384766,209.88800048828125,98.99319458007812,52.360931396484375,181.27117919921875,23.241891860961914,170.8431854248047,109.23049926757812,124.94715881347656,118.31673431396484,60.496131896972656,391.1017150878906,41.6396369934082,84.17404174804688,487.33551025390625,21.396686553955078,123.322998046875,123.00878143310547,525.9199829101562,180.21116638183594,63.4969482421875,581.756591796875,234.04420471191406,121.23561096191406,310.9904479980469,39.49884796142578,73.34260559082031,221.29151916503906,90.84194946289062,111.5462875366211
2024-12-02,171.5724639892578,112.54619598388672,349.0994567871094,194.71395874023438,102.5250015258789,296.6235656738281,156.5399932861328,44.99924850463867,978.6212768554688,26.368968963623047,477.3299865722656,68.42941284179688,394.1136474609375,93.12437438964844,100.37835693359375,326.25128173828125,55.36310577392578,150.812255859375,53.08027267456055,452.460205078125,238.49951171875,114.4900131225586,108.32413482666016,364.4383239746094,9.880108833312988,42.679962158203125,178.64256286621094,53.99608612060547,581.1685180664062,407.7223815917969,217.2374725341797,147.82452392578125,237.76890563964844,60.64793014526367,447.8017272949219,790.0615844726562,496.45025634765625,262.6239013671875,525.7457275390625,280.28033447265625,128.6138153076172,49.91978454589844,94.24932098388672,125.39429473876953,73.14268493652344,39.96997833251953,75.2857437133789,209.68600463867188,100.72650146484375,51.510440826416016,177.9073944091797,22.896055221557617,171.2625274658203,108.35125732421875,123.03153991699219,115.25757598876953,60.122352600097656,389.310546875,41.34586715698242,82.8896484375,487.67132568359375,20.971712112426758,121.84101104736328,123.49811553955078,526.2377319335938,189.71653747558594,63.571224212646484,580.1549682617188,230.33255004882812,119.7170639038086,312.5400085449219,39.06235122680664,72.48564910888672,218.2855987548828,90.97942352294922,111.4422607421875
2024-12-03,171.31761169433594,112.0451889038086,340.5598449707031,195.1459503173828,103.61499786376953,296.4762878417969,155.0,44.78879165649414,996.7430419921875,26.78738021850586,470.19000244140625,68.45816802978516,390.9314880371094,90.72695922851562,100.29326629638672,326.6651916503906,55.466182708740234,150.54263305664062,52.46004104614258,448.8440246582031,238.08438110351562,113.79618835449219,106.87578582763672,365.9363708496094,9.736136436462402,42.86578369140625,178.9197540283203,52.64226150512695,581.5259399414062,410.0047302246094,218.7755584716797,145.49447631835938,236.38815307617188,60.52406311035156,447.6258239746094,803.4269409179688,493.2635803222656,264.8828430175781,520.6205444335938,282.2546081542969,126.92977905273438,49.67533874511719,95.41092681884766,124.82967376708984,72.4024429321289,40.61481475830078,75.06680297851562,211.46400451660156,101.21775817871094,50.91074752807617,179.3588104248047,22.665498733520508,167.1834716796875,108.87506866455078,121.78263092041016,114.69429779052734,61.000736236572266,389.0546569824219,41.36482620239258,81.46361541748047,483.3063659667969,21.93252944946289,122.52142333984375,122.08882904052734,530.6764526367188,194.098388671875,63.00883865356445,577.0181884765625,226.70700073242188,115.86703491210938,308.9472961425781,39.04453659057617,71.38796997070312,218.178955078125,91.8338394165039,111.27204895019531
2024-12-04,166.5603790283203,111.73686981201172,347.7952880859375,194.8736114501953,105.43000030517578,296.95721435546875,158.27999877929688,44.35831069946289,992.9056396484375,26.496313095092773,468.32000732421875,68.53486633300781,391.1762390136719,90.91875457763672,97.89112091064453,362.58135986328125,54.39790725708008,147.19558715820312,52.17307662963867,445.9217834472656,233.52767944335938,114.3238754272461,106.53721618652344,369.6275634765625,9.66415023803711,42.09316635131836,180.8305206298828,52.34795379638672,578.2709350585938,408.63916015625,223.06507873535156,143.6896514892578,235.0170440673828,59.27585220336914,448.9253845214844,819.7359008789062,493.7406311035156,262.8363342285156,515.6337890625,282.8200988769531,126.25231170654297,49.282466888427734,94.9612808227539,124.39905548095703,71.88046264648438,40.45848846435547,74.60038757324219,224.62600708007812,101.00457000732422,51.03794479370117,184.55648803710938,22.37286949157715,166.88803100585938,107.61233520507812,122.52445220947266,115.79171752929688,60.00087356567383,385.8562316894531,40.75925064086914,81.076416015625,485.23699951171875,21.738521575927734,121.23516082763672,122.82282257080078,525.1654052734375,195.85501098632812,62.99822235107422,582.319091796875,224.80335998535156,115.0362777709961,305.877685546875,37.877567291259766,70.3480453491211,218.45045471191406,92.7569808959961,108.06637573242188
2024-12-05,166.28665161132812,111.37073516845703,345.9598693847656,196.43260192871094,106.83000183105469,294.92578125,156.6699981689453,44.96097946166992,1007.251220703125,26.505407333374023,470.57000732421875,69.23457336425781,386.7407531738281,91.19686889648438,98.77064514160156,356.1846618652344,53.28276824951172,148.1345977783203,52.682212829589844,437.9661865234375,225.23471069335938,113.84504699707031,107.2237777709961,363.2928466796875,9.394201278686523,41.848670959472656,171.1875457763672,52.37738037109375,576.4261474609375,407.3213195800781,224.2688446044922,142.782470703125,237.02540588378906,59.95235824584961,438.3043518066406,815.5672607421875,493.72149658203125,260.7125244140625,519.2254638671875,287.0179748535156,129.03964233398438,49.68406295776367,97.00345611572266,124.71485900878906,72.31702423095703,40.126304626464844,74.80027770996094,224.74400329589844,100.86553955078125,50.938011169433594,182.64413452148438,22.78964614868164,167.7648162841797,106.43379974365234,124.41191101074219,115.10218048095703,60.1317024230957,379.1344299316406,40.07261657714844,81.39751434326172,479.2958068847656,22.01567840576172,120.39628601074219,123.2338638305664,517.21142578125,199.37803649902344,63.189231872558594,551.9823608398438,224.4494171142578,113.97327423095703,305.06829833984375,37.9042854309082,70.92578125,217.2481231689453,93.59174346923828,108.5391845703125
2024-12-06,166.30552673339844,111.38036346435547,350.37457275390625,194.49795532226562,108.25,298.3212585449219,153.92999267578125,44.970603942871094,1005.4097290039062,26.10519027709961,470.5,69.15789794921875,386.7896728515625,90.36257934570312,97.61688995361328,356.785888671875,51.81153869628906,144.33200073242188,51.886104583740234,433.9395751953125,227.4586944580078,114.06980895996094,105.42745208740234,363.4592590332031,9.45719051361084,41.144508361816406,173.83096313476562,52.51503372192383,579.2078247070312,411.9336853027344,227.4119415283203,142.58193969726562,238.84066772460938,59.58075714111328,439.14471435546875,816.6439819335938,489.47589111328125,263.95611572265625,522.9852294921875,286.5483703613281,128.82672119140625,50.04201126098633,96.57252502441406,124.37033081054688,71.40593719482422,40.16538619995117,75.09536743164062,224.8679962158203,102.67298889160156,51.03794479370117,187.9888916015625,22.816246032714844,165.65859985351562,104.759521484375,122.5995864868164,114.58747100830078,59.10380935668945,378.85888671875,39.061737060546875,80.09423065185547,481.9819641113281,22.061870574951172,123.39756774902344,123.4002456665039,525.6519775390625,198.12887573242188,62.64805221557617,524.0003662109375,223.43540954589844,112.20460510253906,306.9732666015625,37.74393844604492,71.5709228515625,216.16819763183594,93.98457336425781,107.39498138427734
2024-12-09,166.66419982910156,110.70591735839844,347.2833251953125,196.31991577148438,105.91999816894531,291.1868591308594,157.0399932861328,44.16257095336914,1008.7936401367188,27.369516372680664,463.8699951171875,68.87992095947266,390.9314880371094,89.12551879882812,97.56012725830078,346.51568603515625,52.54247283935547,146.04270935058594,51.46027755737305,439.2269592285156,233.18174743652344,111.99811553955078,105.20173645019531,356.4490051269531,9.538174629211426,42.76799011230469,169.6134033203125,51.826759338378906,573.8375854492188,409.84234619140625,219.73092651367188,142.85885620117188,235.41293334960938,59.6474494934082,432.4418029785156,793.795654296875,486.5945129394531,264.6511535644531,517.2960205078125,288.8389587402344,127.25885009765625,48.76738739013672,97.228271484375,123.04969787597656,70.89347076416016,40.77113723754883,73.90548706054688,224.0959930419922,102.9603271484375,51.31962966918945,186.77284240722656,23.14434814453125,162.77085876464844,107.95841217041016,120.86238098144531,113.21813201904297,60.458763122558594,370.4837951660156,39.26200485229492,79.6220474243164,478.7922058105469,21.590700149536133,126.1005859375,123.21429443359375,533.4667358398438,194.3716278076172,62.43584060668945,536.53759765625,224.69578552246094,114.8129653930664,304.2984313964844,37.73503494262695,69.92438507080078,211.5760955810547,92.14811706542969,106.76141357421875
2024-12-10,165.814697265625,111.28401184082031,350.5677795410156,187.38858032226562,104.77999877929688,296.4762878417969,164.10000610351562,44.00865936279297,1019.0997924804688,27.378610610961914,462.489990234375,69.49339294433594,380.2882080078125,90.0365219116211,96.80355072021484,343.80517578125,51.68035125732422,145.96832275390625,50.92336654663086,433.9004821777344,231.6298828125,112.11539459228516,104.49637603759766,350.99542236328125,9.502182006835938,41.731300354003906,169.56390380859375,51.856266021728516,565.0579223632812,403.5492858886719,221.37411499023438,142.50550842285156,234.4956512451172,59.942832946777344,434.6207580566406,789.8442993164062,489.3899841308594,260.7511291503906,523.4205932617188,288.2063903808594,125.59419250488281,48.44436264038086,94.61466979980469,121.336669921875,70.36199188232422,40.53665542602539,73.04877471923828,225.5679931640625,101.20848846435547,50.6835823059082,174.30824279785156,22.67436408996582,164.19088745117188,105.83516693115234,121.11591339111328,114.21842193603516,60.15972900390625,365.71063232421875,38.97591018676758,79.69760131835938,477.6729431152344,21.720041275024414,125.87689208984375,124.4865493774414,532.0963745117188,187.3157958984375,62.297889709472656,540.911376953125,228.11135864257812,116.32260131835938,308.3254699707031,37.681583404541016,69.37554931640625,210.22378540039062,92.8552017211914,106.54390716552734
2024-12-11,164.58761596679688,109.97364807128906,351.475830078125,187.4449462890625,107.2300033569336,296.7020263671875,165.9600067138672,44.326107025146484,1026.9954833984375,27.587818145751953,461.3900146484375,68.97576904296875,380.7581787109375,88.95288848876953,96.64278411865234,349.7485046386719,48.503623962402344,145.2338409423828,50.23834228515625,437.87823486328125,232.67764282226562,111.99811553955078,103.06684875488281,354.34393310546875,9.367206573486328,42.05405044555664,166.9600830078125,51.16798782348633,572.3308715820312,402.393798828125,219.84555053710938,140.03221130371094,235.142578125,59.6855583190918,430.43878173828125,786.337646484375,481.08941650390625,258.6177062988281,528.8031616210938,283.7880859375,125.59419250488281,47.745933532714844,93.44369506835938,122.10226440429688,70.21015167236328,41.30849838256836,75.05729675292969,229.43600463867188,103.52574920654297,50.265625,175.13204956054688,22.37286949157715,162.61839294433594,104.72209930419922,119.08761596679688,113.56775665283203,60.299903869628906,366.04522705078125,39.63393783569336,78.62098693847656,481.515625,21.692325592041016,126.74373626708984,124.10487365722656,530.6167602539062,189.91172790527344,62.372161865234375,510.6114807128906,224.92669677734375,115.3399887084961,309.7171630859375,37.40542984008789,68.94224548339844,208.7060546875,93.2578353881836,105.8346939086914
2024-12-12,163.4738311767578,109.7038803100586,347.9402160644531,185.81082153320312,106.87999725341797,294.7000427246094,167.75,44.326107025146484,1020.7867431640625,27.424089431762695,458.6300048828125,68.4677505493164,372.83697509765625,89.72006225585938,95.4322738647461,352.88275146484375,46.460777282714844,143.8392333984375,49.83102798461914,429.52197265625,231.7880401611328,112.2815170288086,102.66246032714844,351.1423034667969,9.349210739135742,41.15428924560547,163.1880340576172,51.42363357543945,571.4132690429688,395.7474670410156,221.8900146484375,139.65025329589844,233.21145629882812,60.8289680480957,428.45526123046875,772.8240966796875,473.7810974121094,254.37013244628906,526.78466796875,284.29608154296875,125.57485961914062,48.007850646972656,94.84886932373047,122.40850830078125,69.48888397216797,40.60504150390625,74.21009063720703,229.6840057373047,100.67089080810547,50.10205841064453,171.9349822998047,22.49701690673828,162.82806396484375,104.43214416503906,119.25663757324219,112.70341491699219,59.80464553833008,361.0359191894531,39.19524383544922,78.73432159423828,478.344482421875,21.581462860107422,126.1005859375,123.72319793701172,521.3223876953125,187.4407196044922,62.297889709472656,493.6047058105469,224.85935974121094,115.21493530273438,310.1514892578125,37.48560333251953,68.17194366455078,208.63795471191406,92.40343475341797,105.74012756347656
2024-12-13,163.64373779296875,109.24140167236328,346.4911804199219,185.16281127929688,112.37000274658203,296.5057678222656,169.64999389648438,43.93170166015625,1018.5889282226562,27.269460678100586,457.8999938964844,68.06517791748047,372.57257080078125,89.60498046875,95.53628540039062,349.2163391113281,46.26399230957031,143.05824279785156,50.025428771972656,430.4602355957031,232.17352294921875,110.75706481933594,102.34268188476562,348.5672607421875,9.349210739135742,40.6750602722168,164.35629272460938,51.649776458740234,565.4925537109375,398.19207763671875,220.51429748535156,140.01312255859375,231.6762237548828,60.142921447753906,425.3285827636719,779.51171875,471.939697265625,253.2986297607422,523.41064453125,284.2673034667969,125.7393798828125,47.94673156738281,95.55144500732422,121.92044067382812,69.86849975585938,39.295833587646484,73.53425598144531,224.22000122070312,99.1322250366211,50.28379440307617,170.042236328125,22.6832332611084,163.0281982421875,103.94575500488281,118.89981079101562,114.35438537597656,59.37480545043945,358.72314453125,38.35603713989258,78.57376098632812,471.7037658691406,21.83090591430664,125.38290405273438,122.18669128417969,523.5881958007812,196.77066040039062,62.46765899658203,498.12188720703125,226.08126831054688,115.0184097290039,310.65484619140625,37.66377258300781,67.8253173828125,207.4218292236328,92.7656478881836,104.81340789794922
2024-12-16,162.0013427734375,108.50914764404297,344.92620849609375,181.9415283203125,116.52999877929688,297.90911865234375,173.1699981689453,43.73931884765625,1026.4075927734375,26.332590103149414,455.20001220703125,68.5252685546875,371.0157470703125,89.10633087158203,94.16500854492188,352.0943603515625,43.66825485229492,138.8651580810547,49.55331039428711,428.48602294921875,231.4717254638672,110.04054260253906,101.04483032226562,347.7252502441406,8.989278793334961,39.84376525878906,164.1384735107422,51.36464309692383,566.3135375976562,392.20458984375,219.09083557128906,137.36795043945312,231.32859802246094,59.59980392456055,418.48895263671875,769.514892578125,469.07745361328125,251.08798217773438,524.7068481445312,285.3311462402344,125.30386352539062,47.75467300415039,94.48441314697266,123.48033142089844,69.0807876586914,39.15904998779297,73.48664855957031,225.98599243164062,100.15182495117188,49.593231201171875,167.92393493652344,22.390605926513672,163.10443115234375,102.71920013427734,118.26126861572266,114.7040023803711,58.07592010498047,359.2447204589844,38.03179168701172,77.32716369628906,469.00836181640625,21.101051330566406,123.4534912109375,121.08079528808594,526.9370727539062,197.97483825683594,62.94516372680664,477.086181640625,224.0703887939453,114.83081817626953,311.7899169921875,36.416629791259766,69.30814361572266,205.90411376953125,93.37589263916016,102.57227325439453
2024-12-17,165.54095458984375,109.15470123291016,345.1580505371094,181.50010681152344,112.94999694824219,295.720703125,173.02999877929688,43.33530044555664,1011.5316772460938,26.45083236694336,455.6600036621094,68.17061614990234,367.9608459472656,89.6529312133789,92.92611694335938,345.92431640625,41.269317626953125,137.70298767089844,49.60886001586914,433.538818359375,230.8292694091797,110.93373107910156,101.4680404663086,339.8239440917969,8.971284866333008,39.72639846801758,164.1483917236328,50.292903900146484,555.061279296875,390.06549072265625,218.74688720703125,139.81260681152344,230.15065002441406,60.409725189208984,420.3454284667969,769.1395874023438,468.08514404296875,248.81939697265625,525.3995361328125,283.7688903808594,123.92955017089844,47.257041931152344,94.48441314697266,122.24580383300781,68.58728790283203,38.88547897338867,74.24818420410156,222.94400024414062,100.11473846435547,49.53871154785156,166.4332733154297,23.436975479125977,162.3324737548828,102.71920013427734,118.35517883300781,114.03390502929688,57.82361602783203,357.04022216796875,37.12581253051758,78.64930725097656,466.81658935546875,21.091814041137695,122.66123962402344,120.43487548828125,525.5260009765625,196.4475860595703,62.923946380615234,464.6637268066406,221.1743927001953,113.73210144042969,314.16864013671875,36.327537536621094,68.18156433105469,203.33566284179688,93.91722106933594,102.13728332519531
2024-12-18,163.31336975097656,107.8443374633789,335.7973327636719,173.6018829345703,108.06999969482422,282.41351318359375,172.6199951171875,41.84430694580078,983.6505737304688,25.959653854370117,446.5899963378906,65.2950210571289,356.29931640625,88.94330596923828,90.6469497680664,332.7610778808594,42.43130111694336,133.9561767578125,48.72016906738281,416.347412109375,225.6597442626953,109.29456329345703,99.46484375,328.114013671875,8.719330787658691,37.858421325683594,158.3566436767578,49.15234375,531.4652709960938,376.0755920410156,210.33981323242188,138.22738647460938,222.4358367919922,59.88566207885742,412.5970458984375,755.3989868164062,460.7673034667969,241.1544952392578,514.4661865234375,278.78509521484375,121.49063873291016,46.48877716064453,92.86026000976562,115.833984375,66.92646789550781,36.775115966796875,73.20108795166016,212.197998046875,98.214599609375,47.98495101928711,162.21632385253906,22.9581298828125,161.14114379882812,98.0394287109375,116.95602416992188,111.14954376220703,56.65555953979492,343.1342468261719,35.599971771240234,76.96829223632812,457.1353454589844,20.768463134765625,121.82234954833984,118.65370178222656,512.9452514648438,191.45465087890625,61.36410903930664,478.25372314453125,216.03663635253906,110.60562133789062,305.7591857910156,35.846500396728516,66.2076644897461,199.86241149902344,92.07666778564453,100.63375091552734
2024-12-19,161.8975067138672,108.31645965576172,359.5130920410156,168.4834747314453,109.06999969482422,287.6147155761719,177.0399932861328,41.72887420654297,979.8231201171875,25.841407775878906,449.3399963378906,65.58258056640625,352.8526916503906,89.10633087158203,90.0133056640625,331.7743225097656,41.02566909790039,131.23204040527344,49.05343246459961,416.9631652832031,223.5445098876953,109.314208984375,100.70625305175781,328.6231384277344,8.764322280883789,37.398765563964844,163.15834045410156,49.49647903442383,535.0775756835938,367.6720886230469,213.92237854003906,137.110107421875,224.93661499023438,59.50453186035156,409.9784851074219,748.3162231445312,457.637939453125,236.0477752685547,517.7511596679688,278.16217041015625,123.0391616821289,46.26179504394531,93.97450256347656,115.31721496582031,66.21469116210938,36.16935729980469,73.39147186279297,214.9739990234375,95.87879943847656,47.0308837890625,165.5310516357422,22.851720809936523,161.2460174560547,95.67123413085938,114.72113037109375,112.13042449951172,56.79572677612305,336.9537048339844,35.19943618774414,77.23271942138672,453.8056335449219,20.85161018371582,121.57069396972656,118.61456298828125,513.4520263671875,190.553955078125,61.06699752807617,468.2334899902344,214.69927978515625,109.56049346923828,310.7929992675781,35.605979919433594,66.29431915283203,199.95970153808594,91.92903137207031,99.77322387695312
2024-12-20,165.72972106933594,110.06038665771484,353.91986083984375,172.55001831054688,112.80999755859375,293.080810546875,177.35000610351562,42.488800048828125,991.739013671875,26.014230728149414,453.20001220703125,66.3206558227539,358.4044189453125,88.25286102294922,89.95657348632812,339.0960388183594,41.569183349609375,132.81259155273438,49.67366027832031,422.69036865234375,225.90684509277344,109.9620132446289,101.83482360839844,331.0513000488281,8.890298843383789,38.005123138427734,166.6927947998047,50.94184112548828,546.774169921875,374.9106140136719,213.3873748779297,137.9600372314453,229.41680908203125,59.59980392456055,414.59033203125,758.4118041992188,466.5681457519531,239.1368865966797,522.4509887695312,280.51025390625,125.11997985839844,47.00386047363281,92.58642578125,118.1307601928711,68.01786804199219,37.40040588378906,73.2391586303711,218.25,78.7867202758789,47.96677780151367,166.38424682617188,23.374906539916992,160.1690673828125,97.4827651977539,116.6461410522461,113.12101745605469,56.66490173339844,339.9947204589844,35.12314224243164,78.2526626586914,458.70220947265625,21.017902374267578,122.54938507080078,119.39749145507812,520.7659301757812,193.07000732421875,60.653167724609375,478.6461181640625,217.74923706054688,112.26712799072266,313.5862731933594,35.570350646972656,67.72901916503906,200.2515869140625,90.78730010986328,100.1136474609375
2024-12-23,168.382080078125,110.137451171875,346.5780944824219,173.1604766845703,113.08999633789062,293.2279968261719,177.69000244140625,42.21945571899414,1002.353515625,26.15066909790039,454.3500061035156,66.87660217285156,357.76800537109375,88.1377944946289,91.1481704711914,338.3559265136719,41.36302185058594,132.92416381835938,49.692169189453125,422.58282470703125,226.5098114013672,109.34364318847656,102.09815979003906,330.64984130859375,8.908294677734375,38.38654327392578,167.3363037109375,51.67927932739258,551.29443359375,374.7673034667969,212.02120971679688,138.72398376464844,230.1796112060547,59.437828063964844,412.65570068359375,786.5845336914062,464.1543273925781,238.79904174804688,523.37109375,279.1780700683594,124.82962036132812,46.776878356933594,93.8328628540039,119.09732055664062,68.79607391357422,37.28316879272461,73.06781768798828,217.65199279785156,82.22551727294922,48.157588958740234,165.87429809570312,23.685270309448242,160.2167205810547,98.25643157958984,116.23296356201172,113.26669311523438,57.15081024169922,339.3747253417969,35.53321075439453,78.42266845703125,464.70867919921875,21.101051330566406,122.95948791503906,119.17239379882812,521.9982299804688,203.00694274902344,60.68499755859375,484.5893859863281,218.52853393554688,112.32965087890625,313.10260009765625,35.579246520996094,67.92159271240234,198.27659606933594,88.92707061767578,100.52027130126953
2024-12-24,169.9017791748047,110.57103729248047,349.3409729003906,173.47039794921875,114.6500015258789,297.8011169433594,179.33999633789062,42.6908073425293,1016.9400634765625,26.187053680419922,458.6600036621094,68.05560302734375,359.90252685546875,88.59809112548828,91.83854675292969,339.86566162109375,41.466102600097656,133.7330322265625,49.775482177734375,423.0324401855469,228.0814208984375,110.48223114013672,102.4837646484375,334.3997497558594,9.016275405883789,38.35720443725586,169.78170776367188,52.61335372924805,562.8943481445312,378.2910461425781,214.39051818847656,139.27784729003906,233.964599609375,59.87613296508789,416.0168762207031,785.9819946289062,465.71905517578125,241.55030822753906,530.0498046875,281.7658386230469,126.16522216796875,46.68084716796875,93.90840148925781,121.59506225585938,69.19469451904297,37.429725646972656,73.09638214111328,221.11199951171875,80.98348236083984,48.375667572021484,168.10049438476562,23.711870193481445,161.0077362060547,98.7847900390625,115.416015625,113.46092987060547,57.4124641418457,341.028076171875,35.98143005371094,78.53599548339844,470.7711181640625,21.20267677307129,123.4068832397461,120.85570526123047,525.6650390625,201.99855041503906,60.68499755859375,484.35968017578125,221.04931640625,112.78522491455078,316.4881591796875,35.45453643798828,68.93260955810547,199.8137664794922,91.22038269042969,100.61482238769531
2024-12-26,169.1466522216797,111.06241607666016,348.1817321777344,172.78480529785156,114.86000061035156,298.3212585449219,180.3800048828125,42.85433578491211,1016.4099731445312,26.241626739501953,459.0799865722656,68.39106750488281,359.4619140625,88.57891082763672,91.63048553466797,337.1916198730469,42.09394836425781,133.86317443847656,49.719947814941406,424.009765625,228.6053009033203,110.47241973876953,101.86304473876953,333.04864501953125,9.06126594543457,38.327857971191406,170.4351348876953,53.272132873535156,561.3875732421875,377.3361511230469,214.8490753173828,139.01998901367188,234.7660369873047,59.61886978149414,414.60009765625,784.4705810546875,467.4841003417969,240.78765869140625,530.4851684570312,282.5421447753906,126.9588394165039,46.81434631347656,94.30500030517578,122.52334594726562,68.68221282958984,37.21477508544922,73.2391586303711,219.82200622558594,81.24301147460938,48.22119903564453,168.36526489257812,23.55225372314453,162.1704559326172,100.85107421875,115.55842590332031,113.66486358642578,57.337711334228516,340.03411865234375,35.98143005371094,78.23377990722656,470.7991638183594,21.211912155151367,127.1258773803711,122.3432846069336,523.8763427734375,198.7971954345703,61.035160064697266,489.1927185058594,221.51113891601562,112.87454986572266,316.7447204589844,35.597068786621094,69.09630584716797,199.46353149414062,91.32864379882812,100.69993591308594
2024-12-27,168.02340698242188,110.79263305664062,344.07611083984375,172.32052612304688,113.02999877929688,295.4360656738281,180.72000122070312,42.65232849121094,1006.6726684570312,26.34168243408203,456.510009765625,68.05560302734375,357.2490234375,88.04188537597656,91.65885925292969,333.9649353027344,41.69100570678711,133.8817901611328,49.92359924316406,420.3153991699219,228.6943359375,109.49088287353516,101.8912582397461,327.63427734375,9.025273323059082,38.005123138427734,168.6600799560547,53.370452880859375,556.5101318359375,375.1588439941406,212.83328247070312,138.51388549804688,232.8638458251953,59.50453186035156,413.290771484375,773.6341552734375,466.5204772949219,239.7354278564453,526.576904296875,281.4112243652344,125.99100494384766,46.61854553222656,94.14447021484375,121.30796813964844,68.43544006347656,36.97052001953125,72.74417114257812,216.29200744628906,80.98348236083984,47.84865188598633,165.6977996826172,23.6054630279541,161.5700225830078,99.29428100585938,115.31156921386719,113.3443832397461,57.64606857299805,337.8493347167969,36.04818344116211,78.51709747314453,468.01971435546875,21.119529724121094,126.29631805419922,121.29610443115234,522.7732543945312,197.397216796875,60.971492767333984,488.08258056640625,221.22250366210938,112.65122985839844,314.5239562988281,35.56143569946289,68.4704360961914,198.49063110351562,90.21643829345703,100.69047546386719
2024-12-30,166.31495666503906,108.68257904052734,340.5115051269531,172.36790466308594,111.44999694824219,291.7854309082031,176.5500030517578,42.23869705200195,990.5244750976562,26.459930419921875,452.1600036621094,67.47088623046875,355.4376525878906,87.06375885009766,91.81961822509766,331.29083251953125,41.17560577392578,133.01712036132812,49.86805725097656,415.0182189941406,227.25942993164062,108.75472259521484,101.29875946044922,325.4312744140625,8.890298843383789,37.32052230834961,166.6966094970703,52.76084518432617,553.9698486328125,371.88336181640625,210.41622924804688,136.88092041015625,231.0775604248047,59.104339599609375,408.0926818847656,764.4178466796875,461.1775817871094,238.18121337890625,519.9971313476562,277.5583190917969,124.97480773925781,46.35154724121094,92.88858795166016,120.3414077758789,68.103271484375,36.14982604980469,71.05931091308594,213.5399932861328,79.46336364746094,47.91225814819336,163.68734741210938,23.428110122680664,159.24456787109375,99.16220092773438,113.94436645507812,111.89735412597656,57.730167388916016,333.3812255859375,36.05772399902344,77.79934692382812,464.49420166015625,20.888565063476562,125.87689208984375,118.50689697265625,515.588623046875,196.18324279785156,60.22871780395508,485.9866027832031,219.1635284423828,111.9455337524414,311.2174072265625,35.2763786315918,67.79642486572266,196.78805541992188,89.14360809326172,100.00963592529297
2024-12-31,167.7307891845703,108.98126220703125,339.8352966308594,173.7796630859375,110.52999877929688,291.2555236816406,177.0,42.27717590332031,988.2876586914062,26.887435913085938,453.2799987792969,67.47088623046875,355.1929016113281,87.17882537841797,93.78671264648438,329.8995056152344,42.06583786010742,134.6627655029297,49.858795166015625,415.6853942871094,227.16049194335938,109.29456329345703,101.32696533203125,324.9319763183594,8.908294677734375,37.24228286743164,165.3975372314453,52.37738037109375,553.0715942382812,371.4631652832031,210.01498413085938,138.10324096679688,231.4541473388672,59.323486328125,409.0795593261719,762.6002197265625,463.629638671875,238.248779296875,521.0064086914062,277.8362731933594,124.93608093261719,46.53844451904297,93.93673706054688,120.31269836425781,68.03684997558594,36.36476516723633,72.0302505493164,212.0240020751953,79.73214721679688,48.530128479003906,163.4225616455078,23.525650024414062,159.77828979492188,99.72830200195312,114.26717376708984,112.38292694091797,58.54314041137695,334.54254150390625,36.56315994262695,77.74268341064453,464.5034484863281,21.03638458251953,125.99803924560547,118.23286437988281,516.9698486328125,193.3441162109375,60.16505432128906,484.12994384765625,219.40408325195312,112.64229583740234,311.93798828125,35.62379837036133,67.63272857666016,196.321044921875,88.92707061767578,101.7212142944336
2025-01-02,169.37319946289062,109.2992172241211,336.96624755859375,171.52464294433594,111.79000091552734,292.8648986816406,171.8699951171875,42.6042366027832,980.854736328125,27.223983764648438,451.1000061035156,67.03954315185547,352.2652587890625,86.83361053466797,94.64732360839844,326.2781982421875,41.43799591064453,136.40138244628906,50.358680725097656,410.26971435546875,227.41778564453125,108.77434539794922,101.40221405029297,325.0200500488281,8.683338165283203,37.04668426513672,167.18251037597656,50.509212493896484,555.3413696289062,370.95709228515625,210.12008666992188,137.53030395507812,231.73414611816406,58.92329406738281,404.6826171875,768.5963134765625,460.10906982421875,238.4225311279297,516.8804931640625,280.3473815917969,125.52647399902344,46.7342414855957,93.64400482177734,119.41311645507812,67.96092987060547,37.48834228515625,70.12644958496094,210.8679962158203,81.12250518798828,48.031551361083984,162.8243408203125,23.59659194946289,158.1867218017578,98.36965942382812,114.97926330566406,112.6645736694336,58.96364974975586,327.8798522949219,36.620384216308594,77.50659942626953,462.1438293457031,21.091814041137695,127.87153625488281,118.56562042236328,519.2952880859375,197.3482666015625,59.974056243896484,482.83795166015625,220.4431610107422,110.6502914428711,310.3192443847656,35.81977844238281,67.58458709716797,195.1049346923828,88.58258056640625,101.47534942626953
2025-01-03,171.05332946777344,109.67498016357422,341.8253173828125,172.9742889404297,115.19999694824219,298.1274719238281,169.89999389648438,43.10443878173828,984.1614990234375,27.715158462524414,453.55999755859375,68.05560302734375,356.20135498046875,86.45001983642578,95.60250091552734,328.4884948730469,42.890480041503906,137.46127319335938,50.664161682128906,414.23333740234375,232.39541625976562,109.10807800292969,101.3646011352539,335.41802978515625,8.890298843383789,36.88042068481445,170.52439880371094,50.90251541137695,560.3252563476562,371.6446533203125,212.70907592773438,137.69261169433594,234.90118408203125,58.83754348754883,404.0279541015625,772.4585571289062,459.6987609863281,239.87054443359375,515.8514404296875,282.5229797363281,125.69098663330078,47.29494857788086,93.61567687988281,120.52323150634766,68.32156372070312,37.234317779541016,69.78376770019531,214.75399780273438,81.24301147460938,48.65249252319336,163.10873413085938,23.578855514526367,157.37664794921875,99.6622543334961,115.8527603149414,112.52860260009766,60.290557861328125,331.2062683105469,36.801578521728516,77.74268341064453,465.93988037109375,20.943994522094727,126.56660461425781,118.15458679199219,528.68603515625,204.2306671142578,59.96343994140625,490.9632873535156,222.73306274414062,110.57882690429688,310.8226013183594,35.864315032958984,68.66301727294922,196.1848602294922,89.35028839111328,101.99544525146484
2025-01-06,169.9961700439453,108.913818359375,339.39093017578125,170.7950439453125,118.9800033569336,296.9471435546875,170.77999877929688,43.6719856262207,976.3619995117188,28.215431213378906,451.4100036621094,69.72343444824219,356.6028137207031,83.94713592529297,94.56221008300781,326.1498718261719,42.93732833862305,136.91270446777344,49.67366027832031,410.0931701660156,235.720458984375,109.00010681152344,100.03852081298828,341.27301025390625,8.926291465759277,37.721492767333984,171.01028442382812,52.63302230834961,563.4739379882812,371.8260498046875,212.72817993164062,137.1865234375,233.75595092773438,57.9418830871582,403.4515075683594,755.7841186523438,444.60504150390625,241.08694458007812,506.52105712890625,280.0310363769531,126.09747314453125,46.360443115234375,94.16336822509766,123.10710906982422,67.60978698730469,36.921669006347656,68.53677368164062,215.41000366210938,78.81452178955078,48.1502571105957,162.49090576171875,23.844884872436523,153.059326171875,100.63406372070312,114.88433074951172,110.80964660644531,60.5054817199707,332.46600341796875,36.96369552612305,76.45832824707031,460.9219970703125,20.87932586669922,129.82888793945312,118.30137634277344,533.8236694335938,215.391357421875,58.81744384765625,491.6044921875,221.29945373535156,110.9540023803711,308.9768981933594,35.2852897644043,69.35628509521484,196.2918701171875,89.99005889892578,101.88196563720703
2025-01-07,169.4581298828125,109.26068115234375,344.27899169921875,167.86732482910156,115.29000091552734,297.0848693847656,172.50999450683594,44.326107025146484,945.53076171875,28.952199935913086,452.9200134277344,70.62445068359375,355.4278259277344,83.80329895019531,96.15100860595703,320.62408447265625,42.89984893798828,139.07899475097656,50.01616668701172,405.45263671875,236.61106872558594,109.33383178710938,100.45233154296875,336.72027587890625,8.782319068908691,37.887760162353516,170.87144470214844,51.10900115966797,560.3155517578125,366.917724609375,213.96058654785156,139.64068603515625,236.0076141357422,57.970458984375,405.4447326660156,763.87451171875,442.6587219238281,238.02674865722656,505.9966125488281,277.3091735839844,128.49769592285156,45.799739837646484,95.39091491699219,121.42280578613281,66.84104919433594,37.28316879272461,68.62244415283203,210.8300018310547,77.24805450439453,47.949363708496094,158.9015655517578,24.05770492553711,153.7264862060547,100.55858612060547,115.26410675048828,111.48946380615234,61.60813522338867,329.10015869140625,37.5454216003418,76.5810775756836,458.273193359375,20.509780883789062,129.7916259765625,117.57715606689453,542.230712890625,206.98170471191406,59.26311111450195,492.1595764160156,221.80938720703125,111.64183044433594,307.62469482421875,34.670623779296875,68.93260955810547,197.877685546875,89.37981414794922,102.83705139160156
2025-01-08,168.4859161376953,110.07966613769531,345.573486328125,169.78126525878906,115.51000213623047,297.9012756347656,171.75999450683594,44.45115661621094,950.678955078125,28.306392669677734,451.8399963378906,70.22186279296875,353.5381164550781,83.87042236328125,96.10372924804688,322.5679626464844,43.115379333496094,139.73912048339844,50.5438232421875,402.2444763183594,235.61160278320312,107.73392486572266,101.7878189086914,337.8951416015625,8.764322280883789,38.86576461791992,171.4466094970703,50.14541244506836,560.2189331054688,369.7538757324219,213.21542358398438,135.85916137695312,235.9687957763672,58.79943084716797,410.38885498046875,777.634765625,447.3242492675781,238.33567810058594,510.9438781738281,274.97064208984375,130.2010498046875,45.826438903808594,94.28611755371094,122.36064910888672,67.05933380126953,38.23088455200195,67.86093139648438,209.8159942626953,79.37992858886719,47.949363708496094,159.9901580810547,23.81828498840332,154.4888916015625,99.53959655761719,115.70085144042969,112.57715606689453,60.477447509765625,332.1904602050781,37.01137924194336,78.40377044677734,462.4795837402344,20.491302490234375,128.83157348632812,119.05494689941406,541.5150756835938,202.77197265625,59.57083511352539,501.98846435546875,223.04092407226562,113.23185729980469,308.5426025390625,34.688438415527344,68.91336059570312,200.98123168945312,90.35424041748047,101.11601257324219
2025-01-10,165.34274291992188,108.21045684814453,337.9032897949219,164.35214233398438,114.33999633789062,288.50732421875,172.0,43.39302444458008,921.3131713867188,28.46102523803711,442.6600036621094,68.43900299072266,343.6781311035156,82.8155746459961,96.38744354248047,313.637939453125,44.98955154418945,142.3795623779297,49.42371368408203,400.84161376953125,232.62303161621094,106.6444091796875,99.56827545166016,334.3116149902344,8.683338165283203,38.122474670410156,170.25662231445312,49.014686584472656,540.8824462890625,372.3226623535156,209.93856811523438,135.65863037109375,232.80479431152344,58.18961715698242,404.6630859375,790.1604614257812,446.5609436035156,239.31068420410156,500.07373046875,270.5715026855469,126.98788452148438,45.27463150024414,93.71954345703125,118.14032745361328,63.946475982666016,38.201568603515625,67.7752456665039,204.91400146484375,79.95462799072266,47.18232345581055,151.88937377929688,23.694133758544922,151.11509704589844,97.73749542236328,111.22891235351562,111.79051208496094,60.68303680419922,324.92742919921875,36.8301887512207,76.79830169677734,450.2241516113281,20.29295539855957,132.00064086914062,117.49887084960938,538.9114990234375,203.9957275390625,58.49910354614258,498.3229675292969,216.68125915527344,110.12324523925781,303.716064453125,34.278656005859375,67.36312866210938,201.63307189941406,91.53533935546875,100.74722290039062
2025-01-13,166.82467651367188,109.05834197998047,337.275390625,167.64939880371094,112.63999938964844,292.16650390625,170.57000732421875,43.34492492675781,920.705810546875,28.39735221862793,443.9100036621094,69.75218200683594,354.93829345703125,83.52518463134766,98.57205200195312,314.841796875,48.27872848510742,144.4342498779297,49.4885139465332,421.77789306640625,237.38294982910156,106.08493041992188,99.82221221923828,333.75360107421875,8.737327575683594,38.54302215576172,170.13763427734375,49.09334945678711,543.7317504882812,371.6446533203125,207.6934814453125,137.9600372314453,237.0169677734375,58.74225997924805,411.77630615234375,787.7699584960938,460.9772644042969,240.04434204101562,500.3115234375,271.8365173339844,130.26876831054688,45.256832122802734,95.35314178466797,118.65709686279297,63.54787826538086,38.269954681396484,68.61293029785156,203.1479949951172,78.43450164794922,47.912841796875,151.3191680908203,23.765077590942383,151.3819580078125,99.41694641113281,111.60869598388672,114.34467315673828,60.701717376708984,330.79296875,38.003177642822266,77.31771087646484,450.1029052734375,20.171329498291016,129.34422302246094,117.3324966430664,552.0387573242188,197.13287353515625,58.39299774169922,517.8944702148438,218.1725616455078,111.66861724853516,302.9363708496094,34.559696197509766,67.91197204589844,201.90550231933594,90.08848571777344,103.34769439697266
2025-01-14,165.70143127441406,108.89454650878906,337.1304626464844,169.4117431640625,114.91000366210938,295.4519348144531,167.02000427246094,44.03751754760742,928.5726318359375,28.27910614013672,450.0299987792969,70.4519271850586,363.8190612792969,84.07180786132812,99.18675994873047,319.2525329589844,48.32558059692383,145.8753662109375,49.70142364501953,424.13250732421875,235.146484375,106.12419891357422,100.48995208740234,333.0290222167969,8.800314903259277,38.631038665771484,175.3834686279297,50.0864143371582,552.018798828125,375.08245849609375,208.0278778076172,138.22738647460938,240.18096923828125,59.11386489868164,417.5020751953125,735.8399658203125,462.217529296875,242.4866943359375,504.38409423828125,269.871826171875,132.79481506347656,45.71073532104492,94.0972671508789,119.26000213623047,64.5158920288086,39.237213134765625,67.74669647216797,206.25799560546875,75.2459487915039,48.53377914428711,153.66880798339844,23.419240951538086,152.2397003173828,102.0115737915039,112.48219299316406,116.0248031616211,61.589439392089844,336.2254638671875,38.022254943847656,77.48770904541016,451.8563537597656,20.395870208740234,127.20045471191406,116.69636535644531,553.4995727539062,197.2209930419922,58.08527374267578,520.3828735351562,220.69334411621094,112.41004180908203,305.07818603515625,34.70475387573242,68.54747009277344,201.5552520751953,89.36013793945312,103.75431060791016
2025-01-15,163.2622528076172,107.60636901855469,337.8453674316406,170.85189819335938,116.0999984741211,307.216552734375,166.1999969482422,45.307281494140625,976.7861328125,28.470121383666992,458.510009765625,75.02410125732422,367.0698547363281,84.25401306152344,99.75418853759766,316.9040222167969,48.859718322753906,147.20486450195312,49.664398193359375,420.76739501953125,235.4928436279297,106.18309020996094,100.11376190185547,335.41802978515625,8.953285217285156,39.298614501953125,178.78482055664062,50.83368682861328,585.2348022460938,387.7927551269531,210.20603942871094,138.43746948242188,244.91722106933594,58.856597900390625,418.1763000488281,737.6476440429688,461.7500305175781,247.8250732421875,517.5927124023438,270.5618896484375,133.3464813232422,45.425933837890625,94.51274871826172,124.9349594116211,65.7591552734375,40.419403076171875,67.6515121459961,210.8260040283203,76.85875701904297,48.55205154418945,155.635009765625,23.25075912475586,152.1539306640625,101.75682830810547,112.52017974853516,115.6557388305664,62.00994110107422,341.4316101074219,38.756568908691406,77.76158905029297,463.09515380859375,20.4987850189209,125.39220428466797,116.56912994384766,548.01416015625,202.4586944580078,58.064048767089844,520.0765991210938,222.11729431152344,113.8660888671875,312.1748352050781,34.614097595214844,73.13076782226562,202.36273193359375,89.9014663696289,105.44698333740234
2025-01-16,165.50132751464844,110.32801055908203,340.0862731933594,180.0899658203125,118.12999725341797,306.3902893066406,168.92999267578125,44.864784240722656,959.9534301757812,28.906721115112305,462.80999755859375,75.25414276123047,372.6117858886719,84.92527770996094,99.87714385986328,315.75946044921875,48.691043853759766,148.18112182617188,50.96964645385742,430.8038635253906,239.3819122314453,104.49483489990234,102.56840515136719,337.9734802246094,9.00727653503418,39.298614501953125,178.23944091796875,50.97134017944336,592.0634155273438,390.88671875,212.71864318847656,141.11129760742188,246.78067016601562,59.313961029052734,422.58294677734375,748.3755493164062,464.5073547363281,249.81370544433594,518.3755493164062,268.10833740234375,134.70138549804688,45.53273391723633,95.0887451171875,129.9687042236328,67.73316192626953,40.69297409057617,67.68958282470703,211.4320068359375,76.99779510498047,49.83958435058594,156.84420776367188,23.49018096923828,152.96401977539062,104.6628189086914,113.74497985839844,116.98623657226562,62.09404373168945,348.556884765625,39.18571853637695,79.22539520263672,471.1535339355469,20.601699829101562,124.19915008544922,118.79071807861328,558.1898803710938,210.2809600830078,58.82804489135742,488.6568298339844,225.9946746826172,116.07249450683594,313.13226318359375,34.759151458740234,73.13076782226562,205.2911834716797,89.86210632324219,105.26732635498047
2025-01-17,163.46234130859375,109.9115219116211,342.0556640625,180.39317321777344,119.94999694824219,307.4526062011719,171.08999633789062,44.758975982666016,968.861572265625,28.824857711791992,467.95001220703125,76.67276763916016,377.96759033203125,85.04994201660156,100.10411834716797,320.2590026855469,49.30952072143555,150.12425231933594,51.17330551147461,446.82501220703125,235.8787841796875,105.04449462890625,102.75650024414062,339.0406799316406,9.160246849060059,39.48514938354492,181.32347106933594,50.11591720581055,604.5713500976562,390.93450927734375,214.7535400390625,140.4046630859375,251.5266571044922,59.752254486083984,426.0125732421875,716.8836669921875,467.8085021972656,252.01466369628906,519.9212646484375,269.2680358886719,136.49188232421875,46.15574264526367,92.46366119384766,131.94009399414062,67.15424346923828,40.7125129699707,67.43257141113281,214.29600524902344,72.93795776367188,49.876102447509766,158.3090362548828,23.321697235107422,153.564453125,103.29474639892578,115.44449615478516,117.61749267578125,62.346343994140625,348.369873046875,41.56031799316406,79.2348403930664,468.07568359375,20.854312896728516,124.53469848632812,119.25067901611328,556.1428833007812,207.0600128173828,59.06149673461914,487.8625183105469,225.38851928710938,115.88489532470703,315.47149658203125,35.158058166503906,74.21882629394531,205.9722442626953,90.49203491210938,106.21294403076172
2025-01-21,164.46279907226562,113.11744689941406,345.771240234375,179.95730590820312,121.5,312.75457763671875,175.55999755859375,44.884029388427734,975.7354125976562,28.67022705078125,468.57000732421875,78.28309631347656,391.48016357421875,85.08850860595703,98.61933135986328,322.5087890625,49.806182861328125,147.1212158203125,51.75651168823242,454.38909912109375,241.5689239501953,106.6934814453125,104.17662048339844,350.15338134765625,9.38520336151123,39.56367874145508,185.9346466064453,52.98698806762695,613.0709228515625,399.5767517089844,214.24717712402344,141.47418212890625,255.28265380859375,59.4759407043457,432.3245544433594,733.3110961914062,483.0452880859375,255.19070434570312,523.250732421875,270.8589782714844,142.16329956054688,45.80863952636719,90.87726593017578,131.39462280273438,67.23965454101562,41.37688446044922,69.65049743652344,219.3699951171875,75.10691833496094,50.46052932739258,169.65403747558594,23.623197555541992,154.12672424316406,110.64463806152344,117.55229187011719,122.12369537353516,62.39306640625,355.7903747558594,41.71290588378906,80.01869201660156,475.7143859863281,21.04142951965332,128.0113525390625,120.66976165771484,569.46875,214.10885620117188,60.38788986206055,502.438232421875,227.7650146484375,118.68977355957031,319.429443359375,35.375640869140625,74.96025848388672,207.15914916992188,91.61406707763672,105.4091567993164
2025-01-22,161.21372985839844,114.07630157470703,348.3808288574219,175.5609588623047,129.82000732421875,316.9842834472656,174.8000030517578,44.047142028808594,970.19189453125,28.315488815307617,460.510009765625,78.30227661132812,390.7431335449219,84.43273162841797,97.4655532836914,328.212158203125,49.65624237060547,145.41978454589844,48.997886657714844,451.0534362792969,241.63819885253906,106.80146026611328,102.34268188476562,363.4690856933594,9.025273323059082,38.37579345703125,186.78746032714844,51.87592315673828,611.1295776367188,391.6221008300781,213.29185485839844,138.72398376464844,255.0982666015625,58.86613082885742,432.46136474609375,744.799560546875,476.4144287109375,250.14892578125,522.3787231445312,269.6513671875,144.32154846191406,45.22123718261719,90.34846496582031,130.15054321289062,64.99990844726562,40.72228240966797,70.4786605834961,225.03399658203125,74.68053436279297,49.273433685302734,181.10716247558594,23.06454086303711,157.0049591064453,108.62552642822266,116.67879486083984,120.79320526123047,61.62681579589844,352.0702819824219,39.70069122314453,77.93157958984375,476.5630187988281,20.88237953186035,126.5479736328125,119.95533752441406,570.9891967773438,218.51438903808594,59.47532653808594,497.3945617675781,226.8701934814453,118.4039535522461,319.3603515625,35.31218338012695,74.66175079345703,205.70953369140625,91.76171112060547,103.57464599609375
2025-01-23,162.6143341064453,119.34525299072266,352.4068603515625,176.60317993164062,129.1199951171875,320.54510498046875,178.5,44.62430191040039,981.1727905273438,28.642940521240234,459.8299865722656,78.58023834228516,399.38134765625,84.77992248535156,98.34506225585938,330.2251281738281,51.07499694824219,145.0478973388672,49.257083892822266,465.7402648925781,243.102783203125,108.99029541015625,102.83174133300781,361.9613037109375,9.142250061035156,37.796573638916016,199.12359619140625,53.31146240234375,617.66845703125,395.7187805175781,215.94772338867188,140.03221130371094,258.1166687011719,58.62792205810547,430.7319030761719,757.265869140625,474.4489440917969,253.36793518066406,529.3545532226562,272.6033020019531,144.81515502929688,45.57723617553711,91.24553680419922,131.8731231689453,65.70221710205078,40.986083984375,70.71663665771484,226.83999633789062,75.17179870605469,49.42866516113281,183.3191680908203,23.445844650268555,158.34873962402344,111.84288024902344,119.09041595458984,122.64812469482422,62.290279388427734,355.3868713378906,40.0821533203125,77.68603515625,478.9693908691406,21.0788516998291,127.92745208740234,119.98468017578125,571.24755859375,219.9045867919922,60.13322448730469,507.012939453125,238.6563262939453,119.3508071899414,323.95001220703125,35.52069854736328,74.55583953857422,204.40582275390625,92.33257293701172,104.16092681884766
2025-01-24,162.26182556152344,121.09832763671875,351.5822448730469,175.3619842529297,129.1699981689453,316.08917236328125,176.05999755859375,44.749351501464844,983.7951049804688,28.606557846069336,463.19000244140625,78.1009750366211,400.590087890625,84.7509765625,96.30233764648438,329.4554748535156,51.767757415771484,144.71316528320312,49.50703048706055,469.71368408203125,243.2413330078125,110.0896224975586,103.32079315185547,361.26611328125,9.106256484985352,37.11918258666992,195.107421875,53.006656646728516,615.1572265625,395.8238525390625,214.76309204101562,140.20411682128906,257.03936767578125,58.99951934814453,429.1881408691406,775.8468627929688,474.1436462402344,254.22116088867188,528.6312255859375,273.5904846191406,144.62159729003906,46.32483673095703,90.22572326660156,131.8922576904297,69.11875915527344,41.07402038574219,70.03125,224.99600219726562,81.53961944580078,49.620426177978516,180.4976806640625,23.51795768737793,157.36781311035156,112.2108383178711,120.84690856933594,121.69637298583984,61.10352325439453,354.44207763671875,40.29195785522461,78.83819580078125,479.1652526855469,21.256610870361328,128.5240020751953,120.11192321777344,571.2178344726562,217.22210693359375,59.95282745361328,509.63519287109375,239.35867309570312,118.83270263671875,325.91424560546875,35.84708023071289,74.44993591308594,203.75399780273438,93.26761627197266,102.751953125
2025-01-27,168.55029296875,125.3599624633789,362.00140380859375,181.95652770996094,100.30000305175781,311.24957275390625,175.16000366210938,45.29766082763672,992.9441528320312,28.606557846069336,474.70001220703125,77.7079849243164,388.1585388183594,87.96240234375,97.11564636230469,342.5002746582031,53.33360290527344,146.1821746826172,51.589874267578125,474.99188232421875,247.98146057128906,111.24784088134766,105.91650390625,305.0367431640625,9.34021282196045,36.00000762939453,192.83653259277344,53.999725341796875,611.660888671875,405.7265319824219,214.12301635742188,146.00059509277344,258.01959228515625,60.85755157470703,429.422607421875,798.3297119140625,480.564697265625,260.2518615722656,542.65234375,280.90325927734375,146.6443328857422,47.57085037231445,92.4825439453125,130.77259826660156,70.06780242919922,40.61481475830078,71.94458770751953,228.12399291992188,81.11324310302734,51.136253356933594,155.60549926757812,24.21204948425293,162.67990112304688,114.39977264404297,123.83768463134766,121.44387817382812,60.86991500854492,358.39837646484375,40.568519592285156,81.69026184082031,485.69403076171875,22.58515167236328,132.8208770751953,122.23563385009766,579.9825439453125,188.27285766601562,61.68244171142578,520.1722412109375,244.78506469726562,121.7179946899414,330.1978454589844,36.844337463378906,75.04690551757812,207.84017944335938,95.86603546142578,104.17984771728516
2025-01-28,166.55894470214844,123.38411712646484,367.0848693847656,177.1148223876953,106.54000091552734,311.85943603515625,177.77999877929688,45.05717468261719,1013.4405517578125,28.342775344848633,469.9700012207031,76.62483978271484,383.5495300292969,86.66046905517578,95.87675476074219,355.17999267578125,54.40597152709961,145.2338409423828,51.201080322265625,470.9105529785156,245.2600860595703,110.06999206542969,104.6844711303711,306.1333312988281,9.07026481628418,35.18517303466797,192.8067626953125,49.201507568359375,616.0263671875,399.95867919921875,215.58470153808594,143.60372924804688,259.2716064453125,59.41877365112305,425.5337829589844,795.1884765625,436.4476013183594,256.3638916015625,542.3749389648438,279.04388427734375,146.52816772460938,46.81434631347656,92.01983642578125,132.581298828125,66.9454574584961,40.399864196777344,70.81182098388672,234.0780029296875,78.96282958984375,50.204837799072266,161.22886657714844,24.11289405822754,159.35264587402344,113.41853332519531,122.44200897216797,124.64872741699219,60.34663009643555,358.39837646484375,39.405052185058594,78.89486694335938,485.4141845703125,22.828405380249023,131.47865295410156,121.68756866455078,580.6284790039062,198.15103149414062,60.992713928222656,519.1769409179688,239.72427368164062,120.96764373779297,330.138671875,36.62675476074219,74.9891357421875,207.85963439941406,95.75776672363281,102.16565704345703
2025-01-29,166.98770141601562,123.8393325805664,363.23345947265625,173.9881134033203,107.83999633789062,310.09869384765625,173.66000366210938,44.970603942871094,1014.7999267578125,28.315488815307617,469.260009765625,77.28623962402344,386.43878173828125,86.38081359863281,96.0469741821289,349.308837890625,53.997901916503906,144.7503662109375,51.00667953491211,469.1152038574219,221.4010772705078,111.1006088256836,104.03555297851562,310.96026611328125,9.187241554260254,35.61713409423828,197.43780517578125,48.945858001708984,615.620849609375,394.79248046875,218.42208862304688,144.33901977539062,258.7280578613281,59.86660385131836,428.2794189453125,794.28955078125,433.49945068359375,253.76547241210938,543.8018798828125,278.047119140625,146.66368103027344,46.86774444580078,92.8035888671875,132.74400329589844,67.2776107788086,40.63435363769531,72.896484375,228.7259979248047,77.88761901855469,49.36474609375,159.28231811523438,23.995710372924805,159.39102172851562,112.4372787475586,123.04015350341797,121.52156829833984,60.53350830078125,354.6979675292969,39.04266357421875,78.22432708740234,482.4016418457031,22.669355392456055,130.57455444335938,121.56034088134766,564.6690673828125,198.08251953125,60.76988220214844,514.9849853515625,240.09950256347656,119.50267028808594,331.5205078125,36.51795959472656,75.4609603881836,203.87074279785156,95.96446990966797,102.76139831542969
2025-01-30,167.35928344726562,124.75945281982422,369.3742980957031,176.0631561279297,113.86000061035156,313.7381591796875,179.52999877929688,44.94173812866211,1033.03076171875,28.752094268798828,472.3500061035156,78.46521759033203,368.5039978027344,87.65380096435547,95.952392578125,339.01708984375,53.92198181152344,145.33612060546875,51.663936614990234,470.9105529785156,220.75782775878906,111.33617401123047,105.57792663574219,320.26165771484375,9.142250061035156,35.97055435180664,203.8538055419922,48.67055130004883,623.65673828125,395.8238525390625,246.73870849609375,145.98150634765625,260.3294677734375,61.02906799316406,436.1548156738281,813.2063598632812,438.546630859375,255.96636962890625,560.8551025390625,278.2484436035156,149.43165588378906,45.87094497680664,93.43626403808594,133.9210968017578,67.6667251586914,42.099891662597656,74.56230926513672,202.5500030517578,79.10186004638672,49.6021614074707,167.50106811523438,24.25712013244629,160.5224609375,113.83367156982422,123.73326873779297,125.26053619384766,62.28092575073242,359.7564392089844,39.118961334228516,80.20756530761719,488.2961730957031,22.472883224487305,130.9008026123047,123.4002456665039,602.937744140625,203.78033447265625,61.862823486328125,522.1342163085938,240.4554901123047,102.6375961303711,338.5973815917969,35.78361511230469,75.89424896240234,216.40167236328125,97.09635925292969,103.61247253417969
2025-01-31,175.21990966796875,123.90714263916016,373.4488525390625,175.23880004882812,115.2300033569336,312.2627258300781,176.52000427246094,44.5377311706543,1036.8677978515625,28.25181770324707,468.6700134277344,78.05305480957031,365.0251159667969,83.61299133300781,93.46517944335938,337.171875,53.59931945800781,138.70712280273438,51.46027755737305,467.54547119140625,220.42137145996094,110.9729995727539,105.3239974975586,319.6155090332031,9.07026481628418,35.19498825073242,201.8704833984375,48.631221771240234,618.5377197265625,393.4173583984375,244.283447265625,145.2939453125,259.4268798828125,60.48594665527344,435.9007263183594,801.2044067382812,441.6951599121094,252.1268768310547,550.3714599609375,276.6957702636719,147.30245971679688,46.485042572021484,93.31350708007812,133.35751342773438,67.9134750366211,41.7383918762207,73.20108795166016,203.67599487304688,78.27691650390625,49.89437484741211,167.18646240234375,23.905567169189453,159.16087341308594,112.51277160644531,123.61932373046875,125.23140716552734,61.53337478637695,352.4836120605469,38.41325378417969,79.28206634521484,486.3096008300781,22.20155906677246,128.5426483154297,122.12797546386719,594.004150390625,204.92579650878906,60.88661193847656,519.1864624023438,238.40614318847656,102.03910064697266,337.3636169433594,35.711082458496094,75.87499237060547,214.2904815673828,96.61407470703125,101.02145385742188
2025-02-03,181.16537475585938,124.41077423095703,373.7010498046875,175.63674926757812,111.5,311.35772705078125,175.8699951171875,44.45115661621094,977.3358154296875,28.078994750976562,464.6099853515625,76.83694458007812,355.3058776855469,83.93122863769531,93.1341781616211,334.74444580078125,53.09635543823242,138.8465576171875,52.136043548583984,458.2153015136719,212.02963256835938,111.89566040039062,106.46196746826172,308.8160400390625,8.899297714233398,35.204811096191406,202.40597534179688,47.09736633300781,610.7817993164062,390.3424377441406,249.08889770507812,145.02655029296875,258.9513244628906,60.36207962036133,443.805419921875,800.562255859375,434.5108337402344,248.69459533691406,558.8138427734375,277.9896240234375,145.2119598388672,47.03684616088867,94.22945404052734,132.13404846191406,67.42945098876953,42.12920379638672,72.90599822998047,204.18800354003906,76.6084976196289,49.99897003173828,165.7511444091797,23.617116928100586,161.81690979003906,111.18242645263672,123.79972076416016,126.1734390258789,60.89794158935547,351.97186279296875,38.29881286621094,79.30094909667969,483.4835205078125,22.688066482543945,125.04734802246094,121.65821075439453,590.0291748046875,195.60562133789062,61.17311477661133,524.6320190429688,233.8167724609375,99.4128646850586,341.33148193359375,36.2459831237793,75.23949432373047,217.6566925048828,97.97233581542969,101.26730346679688
2025-02-04,180.98434448242188,125.04035186767578,379.91949462890625,174.46188354492188,112.31999969482422,310.6691589355469,176.22999572753906,44.9321174621582,979.1770629882812,28.779376983642578,467.489990234375,75.74630737304688,355.69903564453125,83.42012023925781,95.12018585205078,339.57952880859375,53.475948333740234,142.4539337158203,49.95136642456055,463.3366394042969,212.7718048095703,111.20858001708984,105.73780822753906,308.1208801269531,9.142250061035156,35.8134765625,200.49205017089844,47.75613784790039,612.530029296875,392.9494323730469,252.65232849121094,146.57357788085938,260.04803466796875,59.71415328979492,444.3818664550781,816.0117797851562,432.8506774902344,249.4023895263672,554.0178833007812,277.7212829589844,146.79917907714844,46.832149505615234,85.6837387084961,131.7583465576172,66.33805847167969,42.353912353515625,73.02973937988281,202.0260009765625,76.5806884765625,49.57688522338867,165.05313110351562,23.31964683532715,161.2128448486328,111.6258773803711,123.79972076416016,124.66812896728516,62.262245178222656,351.9226379394531,39.3096923828125,78.57376098632812,479.1092834472656,22.688066482543945,126.3895263671875,122.47050476074219,576.9317626953125,199.76641845703125,60.748661041259766,522.0194091796875,234.2786102294922,99.84162902832031,340.67010498046875,36.091861724853516,76.52011108398438,216.11952209472656,99.1829605102539,103.98125457763672
2025-02-05,182.6993865966797,127.90727233886719,386.3514404296875,177.61703491210938,115.48999786376953,315.2923583984375,181.83999633789062,45.316898345947266,978.058837890625,28.80666732788086,473.7300109863281,76.6921615600586,352.65252685546875,83.53584289550781,94.770263671875,343.31927490234375,52.84961700439453,142.24008178710938,50.080963134765625,458.8334045410156,209.9218292236328,108.49951934814453,107.08269500732422,308.6593933105469,9.00727653503418,36.009822845458984,202.87203979492188,47.008872985839844,623.415283203125,395.17449951171875,251.5441131591797,147.719482421875,262.46466064453125,60.142921447753906,443.30706787109375,831.9256591796875,429.21563720703125,250.6046600341797,561.1325073242188,276.8203430175781,147.5443878173828,46.79654312133789,84.67337036132812,133.83917236328125,65.67373657226562,43.92691421508789,70.983154296875,205.41200256347656,79.46336364746094,49.943912506103516,168.7593994140625,23.833454132080078,162.056640625,112.06932067871094,124.35990142822266,125.43535614013672,62.16878890991211,358.7034912109375,39.18965530395508,79.20651245117188,479.6502685546875,22.893896102905273,126.02603149414062,122.83261108398438,578.7305297851562,204.19154357910156,61.80977249145508,516.62158203125,235.2214813232422,99.95775604248047,344.9044189453125,36.3819694519043,77.0785903930664,218.6782684326172,100.8463363647461,103.90560150146484
2025-02-06,183.86178588867188,124.1880111694336,375.7674560546875,179.78677368164062,115.2699966430664,314.91864013671875,184.8000030517578,45.92292022705078,970.4618530273438,29.07044792175293,477.2200012207031,79.46220397949219,359.1385803222656,82.62931060791016,94.51492309570312,326.4261779785156,51.47357177734375,141.22669982910156,50.34016418457031,456.1845397949219,207.82388305664062,110.02090454101562,107.70340728759766,309.24688720703125,8.332404136657715,36.47123718261719,204.33969116210938,47.126861572265625,635.7493286132812,395.4991455078125,242.12437438964844,146.5926513671875,268.744140625,60.37160873413086,450.127197265625,859.7723999023438,427.9276123046875,249.13092041015625,561.99462890625,282.1204528808594,147.4185791015625,46.849945068359375,83.14364624023438,135.91041564941406,65.74015808105469,43.8487548828125,68.2892837524414,204.66000366210938,80.798095703125,49.81545639038086,169.43775939941406,23.283592224121094,161.93199157714844,111.84288024902344,137.97511291503906,125.06631469726562,61.823055267333984,359.4317626953125,38.4598274230957,79.1309585571289,484.1178283691406,22.875186920166016,125.53202819824219,123.46875,569.1211547851562,206.08102416992188,61.618778228759766,507.27130126953125,234.28823852539062,101.36019897460938,342.96990966796875,36.209716796875,78.39774322509766,218.82418823242188,101.23021697998047,102.53445434570312
2025-02-07,181.60366821289062,125.01129150390625,374.44805908203125,178.92454528808594,118.47000122070312,311.5938415527344,181.49000549316406,45.59586715698242,956.4055786132812,29.352420806884766,472.739990234375,78.87344360351562,357.5956726074219,83.67085266113281,93.02069854736328,321.5121154785156,51.25529861450195,141.89608764648438,50.571598052978516,456.79278564453125,204.6077117919922,108.81360626220703,108.14542388916016,306.50537109375,8.314409255981445,37.52168655395508,203.5662078857422,46.59590530395508,633.508544921875,389.01507568359375,241.073486328125,146.22023010253906,267.6764831542969,60.8289680480957,444.62615966796875,867.6157836914062,423.9872741699219,244.27334594726562,557.624755859375,282.0628967285156,145.0474090576172,46.86774444580078,82.41654205322266,134.85072326660156,64.79112243652344,43.80967330932617,65.37646484375,201.6580047607422,80.10291290283203,49.65946960449219,171.51211547851562,23.20246124267578,161.05941772460938,110.72010040283203,137.11109924316406,124.26024627685547,61.57075500488281,354.8554382324219,38.56546401977539,79.87704467773438,484.2016906738281,22.959388732910156,122.42821502685547,122.03011322021484,567.8887939453125,201.79295349121094,61.830997467041016,504.3905944824219,232.9123992919922,101.03862762451172,343.5028381347656,36.15531921386719,78.05906677246094,218.814453125,99.55697631835938,102.96943664550781
2025-02-10,181.3559112548828,127.18085479736328,375.33087158203125,179.9099578857422,120.2300033569336,305.1902160644531,180.5500030517578,44.893646240234375,950.1487426757812,31.308032989501953,470.1700134277344,77.91793823242188,356.94708251953125,82.89933013916016,94.07988739013672,322.8639831542969,51.52102279663086,144.82476806640625,51.201080322265625,461.0899353027344,201.3816680908203,107.26277923583984,108.71912384033203,313.192626953125,8.314409255981445,37.757301330566406,203.5067138671875,45.78964614868164,628.3218994140625,395.3367919921875,239.72708129882812,147.28976440429688,263.0567321777344,61.5054817199707,450.3030700683594,858.300537109375,427.6413879394531,248.6364288330078,560.33984375,295.5958251953125,144.87319946289062,47.91795349121094,81.58557891845703,132.27854919433594,66.14824676513672,45.392452239990234,67.52777099609375,204.36199951171875,77.77639770507812,49.51265335083008,175.89675903320312,23.31964683532715,160.63754272460938,112.72034454345703,139.1619415283203,124.55158996582031,61.79501724243164,353.4678039550781,39.57377243041992,80.75532531738281,480.6109619140625,23.258777618408203,122.36296081542969,122.30413055419922,549.3953857421875,203.5845489501953,61.82038879394531,510.45831298828125,235.07716369628906,101.9765625,346.67120361328125,36.21878433227539,76.53987884521484,219.9624786376953,101.29911041259766,104.93634796142578
2025-02-11,182.77560424804688,127.30674743652344,378.357666015625,183.26406860351562,116.83999633789062,304.511474609375,180.44000244140625,45.00908279418945,952.7034912109375,31.42628288269043,472.6099853515625,78.2846908569336,355.9741516113281,84.25914001464844,96.18883514404297,320.1011047363281,52.19480514526367,146.37742614746094,51.57136154174805,465.32818603515625,199.52122497558594,107.00757598876953,109.74424743652344,309.89306640625,8.28741455078125,36.9031982421875,207.07666015625,45.9174690246582,625.1441650390625,397.5999450683594,244.94918823242188,149.09457397460938,266.8903503417969,64.41162872314453,450.1858215332031,854.4677734375,428.7290344238281,249.20848083496094,559.5570068359375,297.3113708496094,145.24099731445312,47.926856994628906,81.71778106689453,132.740966796875,66.74615478515625,44.444740295410156,67.90852355957031,201.80999755859375,77.61882019042969,49.898040771484375,174.19598388671875,23.013164520263672,162.4593505859375,114.89039611816406,140.5006866455078,125.38679504394531,62.96307373046875,355.6427001953125,40.12113952636719,81.64305114746094,504.12384033203125,23.530101776123047,123.4534912109375,122.02032470703125,541.8131713867188,204.35797119140625,62.520713806152344,510.98455810546875,238.3484344482422,102.30708312988281,346.7503356933594,36.708351135253906,77.0624008178711,220.6046142578125,100.85619354248047,105.5982894897461
2025-02-12,183.89036560058594,126.38663482666016,377.212890625,179.56886291503906,109.63999938964844,301.39324951171875,186.25,44.45115661621094,938.7340698242188,31.544530868530273,471.7300109863281,78.43911743164062,345.96014404296875,83.64192962646484,93.05851745605469,321.7983093261719,59.99556350708008,144.015869140625,51.775020599365234,467.54547119140625,200.07540893554688,107.21370697021484,109.44328308105469,303.4016418457031,8.305410385131836,37.26643753051758,207.88980102539062,46.8908805847168,626.8441162109375,388.79547119140625,246.0167236328125,148.2637939453125,267.3368225097656,65.46927642822266,448.0557861328125,862.3407592773438,421.6783142089844,242.6444549560547,559.4578857421875,294.8099365234375,144.07958984375,47.47295379638672,80.89624786376953,132.08590698242188,65.74966430664062,45.73440933227539,68.78427124023438,196.47999572753906,75.81135559082031,49.613590240478516,169.30996704101562,22.95907974243164,162.60317993164062,113.0033950805664,142.3141326904297,123.12399291992188,62.383724212646484,349.86578369140625,39.80424499511719,81.9830322265625,495.72967529296875,23.72657585144043,119.85319519042969,121.7560806274414,534.6284790039062,202.04750061035156,62.7541618347168,504.74468994140625,239.09886169433594,102.06591033935547,347.5115661621094,36.74461364746094,76.68502044677734,221.2369842529297,101.97823333740234,102.42118072509766
2025-02-13,184.3191375732422,127.64574432373047,377.8919677734375,180.01417541503906,109.75,302.4753112792969,185.44000244140625,44.566593170166016,945.0872802734375,31.371706008911133,480.489990234375,79.2402114868164,347.59149169921875,84.62561798095703,91.63994598388672,325.4788818359375,62.984901428222656,144.92701721191406,52.497074127197266,457.40106201171875,201.47071838378906,107.56705474853516,107.1673355102539,301.37493896484375,8.413390159606934,39.48514938354492,206.6204833984375,47.0875244140625,626.7958374023438,393.8470764160156,249.267333984375,150.16415405273438,268.18121337890625,66.22200775146484,450.48870849609375,861.2443237304688,414.76123046875,244.97145080566406,561.15234375,297.1292724609375,143.93443298339844,47.72215270996094,79.71591186523438,131.82579040527344,65.10430908203125,46.652809143066406,69.6885757446289,197.89599609375,73.0677261352539,50.39353561401367,170.9222412109375,23.112319946289062,163.9839630126953,114.06954956054688,141.64002990722656,122.21109771728516,62.953739166259766,355.4065246582031,40.40923309326172,81.95470428466797,505.8120422363281,23.97918128967285,120.86842346191406,123.53772735595703,529.3021850585938,197.593017578125,59.37982940673828,508.3623352050781,241.46571350097656,103.2986068725586,351.604736328125,37.20698165893555,76.29795837402344,221.43154907226562,103.39556121826172,103.16535949707031
2025-02-14,183.76649475097656,126.50287628173828,376.40771484375,179.4362030029297,106.87000274658203,305.9574279785156,184.4199981689453,45.172603607177734,938.9365234375,31.835594177246094,479.5899963378906,81.66278076171875,347.218017578125,82.97648620605469,91.7734146118164,322.2127685546875,62.47243881225586,146.02687072753906,51.46027755737305,471.1362609863281,204.1525115966797,108.34247589111328,105.92864990234375,302.70648193359375,8.530367851257324,38.748844146728516,206.53123474121094,47.55948257446289,637.999755859375,391.0491027832031,251.27728271484375,149.11367797851562,268.4432373046875,65.6217269897461,446.531494140625,835.4275512695312,403.76055908203125,244.1279296875,559.6165161132812,295.72039794921875,144.5471649169922,47.42844772338867,78.38449096679688,133.85845947265625,64.59181213378906,45.470619201660156,69.5267562866211,197.3260040283203,72.17790222167969,49.99897003173828,171.21717834472656,23.013164520263672,156.1884002685547,114.02238464355469,142.8553466796875,118.8800048828125,63.40330505371094,351.2042236328125,40.09232711791992,80.82142639160156,503.3591003417969,24.203723907470703,120.21040344238281,122.05545806884766,528.5170288085938,199.6195526123047,58.244441986083984,501.0218200683594,239.78199768066406,103.81671142578125,349.8052978515625,37.161651611328125,77.39138793945312,221.55804443359375,102.4014663696289,103.27031707763672
2025-02-18,186.98696899414062,126.08637237548828,375.9808349609375,179.59727478027344,111.05999755859375,307.7378845214844,184.97000122070312,44.758975982666016,942.7349243164062,32.11756896972656,482.82000732421875,81.68207550048828,347.88629150390625,83.31403350830078,92.90795135498047,324.60064697265625,62.22570037841797,146.7977294921875,51.478790283203125,492.07257080078125,202.40090942382812,107.53761291503906,105.25473022460938,306.5739440917969,8.632583618164062,38.58195114135742,208.32614135742188,47.32350540161133,649.2423706054688,385.1379699707031,252.99876403808594,149.19070434570312,271.70428466796875,65.79324340820312,455.1592102050781,848.22216796875,408.8649597167969,243.08079528808594,563.431396484375,292.15509033203125,144.9070281982422,46.947837829589844,78.64887237548828,135.5540008544922,65.00940704345703,46.4183235168457,73.8578872680664,199.49600219726562,76.3118896484375,50.67798614501953,176.7618865966797,23.040206909179688,158.62391662597656,114.45639038085938,141.27923583984375,120.19109344482422,64.05500793457031,347.39556884765625,40.95659637451172,81.80241394042969,507.1643371582031,24.390840530395508,122.30665588378906,121.55484008789062,519.81201171875,198.4839324951172,58.276275634765625,479.2203674316406,241.65814208984375,104.57780456542969,352.69232177734375,37.35204315185547,78.16548919677734,222.1612548828125,102.14556121826172,105.08309173583984
2025-02-19,188.0350341796875,127.97506713867188,378.5613708496094,178.6592559814453,103.91999816894531,304.8557434082031,186.14999389648438,44.258766174316406,950.910400390625,31.417184829711914,483.7699890136719,81.01612091064453,346.9035339355469,84.3073501586914,94.92914581298828,320.2293701171875,63.01336669921875,147.80357360839844,51.53433609008789,499.63671875,202.84625244140625,109.29456329345703,106.1090087890625,302.9610595703125,8.679045677185059,37.86528778076172,208.74261474609375,46.9990348815918,645.3403930664062,377.6130676269531,254.200927734375,151.98219299316406,271.0249328613281,66.76512908935547,451.4853820800781,857.968994140625,413.0724792480469,239.1734161376953,563.3223266601562,289.38525390625,146.08387756347656,47.47295379638672,80.83016204833984,135.53468322753906,65.54086303710938,46.320621490478516,73.08685302734375,197.42799377441406,77.30368041992188,51.081722259521484,178.4528350830078,23.337675094604492,159.6403350830078,114.75830078125,142.2286834716797,121.79350280761719,63.84721755981445,346.27362060546875,40.5052604675293,82.36431884765625,506.1664123535156,24.549894332885742,122.90828704833984,121.15237426757812,527.5332641601562,196.7314910888672,59.04026794433594,489.0875244140625,237.7037811279297,104.197265625,351.2092590332031,38.08638000488281,77.74942779541016,222.32662963867188,102.36209869384766,105.23573303222656
2025-02-20,191.3984375,128.98236083984375,373.34210205078125,182.2786865234375,103.4000015258789,298.8947448730469,180.8800048828125,43.57578659057617,953.8411865234375,31.51723861694336,481.79998779296875,78.50668334960938,343.12005615234375,84.7413330078125,97.24588775634766,314.210205078125,61.770179748535156,149.27003479003906,52.136043548583984,486.4117431640625,205.7853240966797,108.50933074951172,107.40936279296875,302.36383056640625,8.725506782531738,38.248165130615234,206.997314453125,47.0875244140625,620.3341674804688,376.8586730957031,254.6048126220703,153.70521545410156,258.94158935546875,66.73654174804688,451.3193054199219,863.9754028320312,416.2591247558594,238.92132568359375,558.1499633789062,290.4490661621094,144.9945526123047,48.354061126708984,82.79425811767578,129.41737365722656,66.56584167480469,46.98500442504883,73.51521301269531,193.5959930419922,77.61882019042969,51.861671447753906,173.0260772705078,23.34668731689453,160.33070373535156,114.06954956054688,143.90924072265625,121.50214385986328,64.58391571044922,344.4726257324219,40.9085807800293,83.64054870605469,499.3857727050781,24.465688705444336,120.44540405273438,120.72046661376953,534.4596557617188,195.8993377685547,58.93415832519531,480.8377685546875,238.27145385742188,105.64695739746094,346.52288818359375,38.52155685424805,76.0850830078125,222.91036987304688,95.67902374267578,106.85767364501953
2025-02-21,192.5417938232422,130.6773223876953,353.3769836425781,181.4922637939453,98.30000305175781,290.572998046875,177.14999389648438,43.10443878173828,939.2256469726562,31.25897979736328,478.739990234375,76.87554931640625,334.1673583984375,86.28437805175781,93.37510681152344,305.694580078125,60.24230194091797,147.5121612548828,53.1635856628418,480.7115783691406,208.0415802001953,106.65422821044922,109.67791748046875,291.15313720703125,8.623291969299316,36.304344177246094,198.1616973876953,45.51434326171875,604.2428588867188,367.9394226074219,251.46966552734375,156.22718811035156,256.45703125,67.98474884033203,447.5085754394531,864.529541015625,420.4857177734375,231.89193725585938,552.4324951171875,292.1358947753906,141.0069122314453,48.9948616027832,84.51282501220703,126.864501953125,67.93245697021484,44.288421630859375,72.8203353881836,187.6820068359375,81.6415786743164,52.384681701660156,164.97447204589844,23.707256317138672,163.2264404296875,114.13558959960938,146.59620666503906,120.34062194824219,62.99717330932617,339.1090087890625,40.082733154296875,84.19295501708984,497.4924621582031,24.905414581298828,116.81690979003906,118.88481140136719,529.2127075195312,194.07838439941406,59.560218811035156,446.3841857910156,236.25099182128906,105.40233612060547,344.5851135253906,38.766334533691406,74.99166107177734,221.8498992919922,93.28730010986328,105.60783386230469
2025-02-24,194.4473876953125,130.7063751220703,353.0374450683594,181.91864013671875,92.69000244140625,290.7008972167969,179.91000366210938,42.76776123046875,918.5750732421875,31.120624542236328,498.4200134277344,75.80421447753906,333.0667419433594,86.90158081054688,94.21409606933594,304.23419189453125,59.80575942993164,148.42401123046875,52.64518737792969,475.3843078613281,208.94212341308594,109.14733123779297,110.02910614013672,283.79034423828125,8.688337326049805,36.43196487426758,197.0510711669922,45.78964614868164,604.7645263671875,365.1892395019531,251.8446807861328,157.61328125,253.6424102783203,67.2605972290039,448.0264587402344,872.1686401367188,420.0563659667969,229.86557006835938,553.908935546875,294.7811584472656,141.4932098388672,49.17286682128906,86.18421173095703,125.20751190185547,67.19220733642578,43.0280647277832,76.41850280761719,185.51600646972656,83.96810150146484,52.5865478515625,167.08815002441406,24.02275276184082,163.523681640625,113.90914916992188,148.3811798095703,122.42942810058594,63.17662811279297,338.42010498046875,39.88106155395508,84.65962982177734,497.3245544433594,25.01768684387207,118.22694396972656,119.23820495605469,532.19384765625,187.62673950195312,59.7618293762207,441.6946716308594,233.15292358398438,105.24829864501953,345.9000549316406,39.2740364074707,74.72073364257812,223.45516967773438,92.19477844238281,106.16120147705078
2025-02-25,194.50454711914062,131.5490264892578,352.1061096191406,193.0516815185547,92.87999725341797,288.54669189453125,178.27000427246094,42.26755142211914,923.5980224609375,30.650217056274414,499.82000732421875,75.41814422607422,336.44732666015625,89.00396728515625,92.55520629882812,301.8265686035156,60.413124084472656,147.04212951660156,53.1635856628418,478.3668212890625,208.21971130371094,108.48970031738281,111.32949829101562,281.5384216308594,8.75338363647461,36.08835983276367,197.60638427734375,45.927303314208984,593.9178466796875,375.5694885253906,247.88243103027344,159.87535095214844,249.81846618652344,68.1181411743164,456.78118896484375,892.3550415039062,427.870361328125,235.0139617919922,558.8931274414062,297.8001708984375,142.524169921875,49.84036636352539,86.33528900146484,124.85107421875,67.64773559570312,41.943565368652344,77.78924560546875,184.45799255371094,84.3017807006836,51.60474395751953,165.692138671875,24.1038761138916,165.546875,115.68292999267578,149.4635467529297,124.2937240600586,63.18606948852539,347.4349365234375,39.3817138671875,85.5739517211914,497.47381591796875,24.933483123779297,119.74979400634766,120.44559478759766,536.1688232421875,185.39459228515625,59.316165924072266,450.1741027832031,236.57810974121094,107.01512908935547,348.1048278808594,39.62760925292969,73.54020690917969,224.49620056152344,96.1514663696289,104.6919174194336
2025-02-26,193.42788696289062,131.6846466064453,347.6435852050781,190.1902618408203,96.37999725341797,291.2615966796875,173.0399932861328,42.26755142211914,919.51025390625,30.142913818359375,494.1000061035156,76.31575775146484,336.6634826660156,86.95943450927734,91.64947509765625,303.2572937011719,60.6029167175293,145.8388671875,52.86735916137695,469.4683532714844,207.2598114013672,109.76571655273438,110.39929962158203,291.13360595703125,8.799845695495605,37.256622314453125,199.9268341064453,47.64797592163086,596.6802978515625,372.8861083984375,246.04554748535156,156.97801208496094,251.1675567626953,67.46070098876953,450.9772644042969,905.4266357421875,421.22991943359375,239.55154418945312,556.158203125,291.6183166503906,143.38975524902344,48.81686019897461,84.39952087402344,126.2479476928711,67.3915023803711,42.578636169433594,77.26569366455078,188.39199829101562,83.00411987304688,51.476280212402344,169.55572509765625,23.815425872802734,164.25242614746094,115.25836944580078,146.91900634765625,124.26445007324219,63.65831756591797,353.89093017578125,38.98799514770508,84.52629852294922,494.5025329589844,24.858638763427734,116.6007080078125,122.5953598022461,529.9479370117188,190.5343475341797,59.43288803100586,443.67578125,236.18362426757812,105.90971374511719,346.6613464355469,39.14710998535156,73.97563934326172,222.49200439453125,94.68492889404297,104.43431091308594
2025-02-27,195.34304809570312,131.5974578857422,346.2077941894531,193.26011657714844,91.56999969482422,289.39263916015625,173.8300018310547,42.440704345703125,910.9492797851562,30.548751831054688,502.4100036621094,76.12272644042969,334.1280517578125,86.98836517333984,92.8316879272461,290.9920349121094,61.1912956237793,147.2771453857422,52.284156799316406,471.4599609375,203.5686798095703,109.25530242919922,110.00064849853516,284.3093566894531,8.632583618164062,36.73630142211914,199.7483367919922,46.831886291503906,587.2437744140625,372.685546875,243.5354766845703,157.60366821289062,251.41986083984375,67.52740478515625,449.7363586425781,895.6797485351562,425.962158203125,238.02932739257812,559.6759033203125,297.0622253417969,146.39508056640625,49.02156448364258,85.53265380859375,124.50426483154297,65.84456634521484,41.15217208862305,76.17100524902344,184.19200134277344,82.69824981689453,51.90754318237305,161.97601318359375,23.52696990966797,164.8948516845703,115.83389282226562,146.2353973388672,127.39767456054688,63.535526275634766,349.8755798339844,39.285682678222656,84.08818817138672,490.8771667480469,25.167383193969727,115.153076171875,121.2210922241211,519.9510498046875,177.2884063720703,59.92099380493164,448.4322814941406,235.78916931152344,106.5802001953125,351.7135009765625,39.22869873046875,74.14015197753906,223.38710021972656,95.26564025878906,105.09262084960938
2025-02-28,199.1637420654297,133.67015075683594,338.0878601074219,194.823486328125,93.05000305175781,296.04217529296875,174.6300048828125,44.345340728759766,942.6578979492188,30.548751831054688,513.8300170898438,77.16510009765625,338.0098876953125,87.92383575439453,94.52871704101562,293.9029846191406,62.3680534362793,149.11021423339844,53.04108810424805,471.6954345703125,205.59730529785156,111.6993408203125,111.51934051513672,287.1878967285156,8.874183654785156,36.23562240600586,205.25201416015625,48.30674743652344,604.0263061523438,378.7303161621094,242.77572631835938,158.8454132080078,256.8549499511719,67.85136413574219,456.3512878417969,910.9877319335938,429.6926574707031,241.0737762451172,571.061279296875,295.5095520019531,150.8690185546875,49.70685958862305,87.1095962524414,128.2324676513672,67.14302062988281,41.855628967285156,75.6093978881836,185.95199584960938,84.02371978759766,52.329627990722656,163.2540283203125,23.824440002441406,166.6879425048828,116.9189224243164,147.4317169189453,129.8085479736328,63.71498489379883,356.5284729003906,40.00590896606445,85.51679992675781,498.7071533203125,25.644535064697266,116.78871154785156,122.4677505493164,525.645263671875,176.7401580810547,60.55976486206055,454.55731201171875,238.65272521972656,107.84870147705078,358.6046447753906,39.07457733154297,75.78511810302734,226.47117614746094,97.05697631835938,106.21845245361328
2025-03-03,201.49810791015625,135.81068420410156,334.68267822265625,198.60397338867188,86.01000213623047,290.66156005859375,170.05999755859375,43.825897216796875,931.7540893554688,29.340456008911133,510.0799865722656,74.48194122314453,326.3055114746094,89.50544738769531,88.31260681152344,289.17645263671875,61.58987045288086,143.91177368164062,53.2752799987793,457.0184020996094,203.54885864257812,110.7079849243164,112.63936614990234,272.6385192871094,8.725506782531738,34.88083267211914,200.27391052246094,46.58607482910156,587.4962158203125,372.13165283203125,240.61184692382812,161.0208282470703,252.94363403320312,68.90900421142578,451.6612548828125,919.9824829101562,434.3733825683594,238.66925048828125,569.6838989257812,293.32135009765625,149.2156219482422,51.00627899169922,87.95946502685547,124.3983154296875,68.53047943115234,41.386661529541016,75.0162353515625,182.06199645996094,82.8372802734375,53.05610656738281,159.28231811523438,23.66218376159668,168.36593627929688,116.5604019165039,150.76431274414062,130.62847900390625,62.770503997802734,351.84356689453125,38.23896026611328,86.52635955810547,494.56793212890625,25.9345645904541,113.51742553710938,121.27015686035156,520.3585815429688,169.3388671875,61.74742126464844,446.98712158203125,237.80137634277344,108.05709838867188,357.72467041015625,39.772666931152344,74.53687286376953,227.44406127929688,96.05305480957031,102.81236267089844
2025-03-04,197.9536895751953,133.2537078857422,335.4490966796875,196.24472045898438,85.5199966430664,278.8379821777344,158.89999389648438,41.04589080810547,917.601318359375,28.99918556213379,495.8599853515625,69.82981872558594,321.1069641113281,87.8177490234375,86.41536712646484,283.5321960449219,60.935062408447266,142.8871307373047,50.895835876464844,449.70941162109375,203.76658630371094,106.99776458740234,110.49422454833984,273.3826599121094,8.474614143371582,34.262351989746094,197.1105499267578,44.46226501464844,564.0840454101562,364.4825744628906,243.5162353515625,159.23043823242188,242.8790740966797,66.87946319580078,450.7818908691406,901.51806640625,431.37469482421875,232.55125427246094,550.0147094726562,294.74798583984375,141.86280822753906,50.10736846923828,87.40232849121094,117.25981903076172,67.79368591308594,41.77979278564453,73.97339630126953,181.21800231933594,81.1039810180664,53.249698638916016,154.8092041015625,23.211475372314453,166.0550537109375,114.89983367919922,146.16893005371094,125.62118530273438,62.524932861328125,350.4134216308594,37.528343200683594,85.61204528808594,482.8883972167969,24.531179428100586,110.11454010009766,119.50324249267578,513.3328857421875,176.22129821777344,62.079105377197266,454.22235107421875,233.65118408203125,105.81912231445312,348.2432556152344,38.86606216430664,70.9275894165039,223.7276153564453,93.47431945800781,102.60245513916016
2025-03-05,201.55528259277344,133.3795928955078,337.8550109863281,197.73228454589844,87.81999969482422,279.5363464355469,163.16000366210938,40.680355072021484,933.3641357421875,29.40502166748047,498.5,70.41857147216797,332.6441650390625,88.4831771850586,84.73739624023438,288.1008605957031,62.58632278442383,141.7684783935547,50.68037033081055,458.6568298339844,208.36814880371094,107.29222106933594,109.37419128417969,281.7147216796875,8.967106819152832,37.46278762817383,200.80941772460938,47.667640686035156,575.6639404296875,368.9421691894531,241.7274627685547,158.94166564941406,244.1213836669922,66.774658203125,457.52374267578125,919.9824829101562,442.5238037109375,235.56663513183594,553.2152709960938,296.3674621582031,143.56484985351562,49.795867919921875,87.99723052978516,119.21543884277344,67.43965911865234,43.096771240234375,74.44219970703125,183.1580047607422,84.21836853027344,53.57236862182617,158.830078125,23.38274574279785,167.42623901367188,117.03215026855469,145.39987182617188,126.53870391845703,62.43048095703125,357.35699462890625,37.864444732666016,84.43106079101562,488.5786437988281,24.493759155273438,109.5693130493164,120.77936553955078,520.905029296875,180.41143798828125,62.43219757080078,455.53350830078125,235.67308044433594,107.83963775634766,348.6881408691406,38.838863372802734,71.75977325439453,224.1459503173828,94.4684066772461,100.598876953125
2025-03-06,200.80255126953125,130.83229064941406,331.6268310546875,196.06471252441406,84.33999633789062,271.1358947753906,158.42999267578125,39.8819465637207,925.16943359375,29.248220443725586,497.8399963378906,68.1214828491211,335.1206359863281,89.96835327148438,84.47044372558594,282.2593078613281,61.922019958496094,143.78018188476562,50.296287536621094,473.7066650390625,212.57391357421875,103.48384094238281,109.00399780273438,271.74755859375,8.929936408996582,36.991554260253906,194.41326904296875,46.40909194946289,551.0093383789062,364.53033447265625,239.1692657470703,159.62510681152344,239.27835083007812,67.13672637939453,455.481689453125,903.2001953125,443.5617980957031,236.09017944335938,544.8125610351562,299.1822204589844,142.91319274902344,50.73927688598633,88.76209259033203,114.99593353271484,66.98992919921875,43.165565490722656,74.34651947021484,173.41799926757812,81.60449981689453,52.85327911376953,148.38954162597656,23.65317153930664,167.4741973876953,113.50345611572266,145.78916931152344,125.21125030517578,62.345481872558594,355.1476745605469,38.181339263916016,84.49772644042969,480.4590148925781,25.008331298828125,107.2098617553711,118.43327331542969,524.3334350585938,172.15841674804688,62.3251953125,466.76922607421875,237.2789764404297,109.18061065673828,340.26458740234375,40.09904479980469,70.29863739013672,219.83602905273438,93.14949798583984,102.67877960205078
2025-03-07,204.1754608154297,132.8275146484375,331.9566650390625,201.14324951171875,83.36000061035156,268.74560546875,154.17999267578125,40.07555389404297,917.8897094726562,29.58027458190918,495.6199951171875,68.00566101074219,344.2501220703125,93.2955093383789,86.40582275390625,279.1412353515625,62.94694519042969,146.96693420410156,51.72957992553711,490.16925048828125,209.86244201660156,103.56237030029297,110.80744171142578,279.022216796875,9.19941520690918,36.26507568359375,192.23162841796875,46.76396560668945,543.244140625,359.8224182128906,251.52732849121094,160.4529266357422,235.14381408691406,68.06098175048828,458.0318603515625,860.472412109375,455.23956298828125,235.27577209472656,541.790283203125,309.7085876464844,142.29074096679688,51.433475494384766,89.37588500976562,114.91886138916016,69.68827819824219,43.11643600463867,75.18842315673828,170.12600708007812,80.798095703125,53.913475036621094,152.53823852539062,24.094863891601562,168.7111053466797,113.13548278808594,143.320556640625,125.32836151123047,63.082176208496094,358.6391906738281,39.727420806884766,87.05018615722656,464.3786315917969,25.373212814331055,108.17808532714844,117.07862854003906,528.3779296875,173.38217163085938,63.37376022338867,472.28179931640625,241.1873321533203,110.19539642333984,341.41143798828125,41.75812530517578,68.75042724609375,223.32870483398438,90.2754898071289,104.01449584960938
2025-03-10,206.43362426757812,133.0406036376953,325.2821960449219,201.88230895996094,77.55999755859375,257.0498962402344,148.14999389648438,38.555782318115234,887.2003173828125,29.70940399169922,497.1000061035156,65.06190490722656,339.2480773925781,94.0284423828125,88.57003021240234,269.2835693359375,61.903045654296875,148.1232147216797,52.96614456176758,479.5343017578125,203.0936279296875,101.17723083496094,112.47801208496094,272.80181884765625,9.255170822143555,33.86965560913086,190.87051391601562,47.394840240478516,516.05615234375,357.76934814453125,247.06497192382812,161.42510986328125,225.380126953125,68.08003234863281,451.4755859375,821.0695190429688,460.5450134277344,235.0042724609375,532.2282104492188,305.814208984375,143.57456970214844,52.50149154663086,89.9235610961914,107.59735107421875,72.87462615966797,41.64219284057617,73.09323120117188,156.76600646972656,73.17894744873047,53.922698974609375,146.2758331298828,24.013736724853516,169.0083770751953,111.21073150634766,142.978759765625,125.44550323486328,63.082176208496094,352.8791809082031,39.50654602050781,88.53594207763672,456.33380126953125,25.522905349731445,107.0218505859375,115.4491195678711,523.4987182617188,167.06756591796875,64.5079116821289,461.5555114746094,240.20057678222656,109.28933715820312,337.61492919921875,42.14796447753906,64.61861419677734,221.5969696044922,86.43692016601562,106.6668701171875
2025-03-11,203.5084991455078,128.48838806152344,317.99658203125,198.7650604248047,79.12999725341797,251.21681213378906,154.05999755859375,38.34281539916992,882.460205078125,29.49725914001465,496.25,65.14877319335938,333.90203857421875,90.74951934814453,90.9630355834961,273.37860107421875,61.66579818725586,144.8424072265625,51.65463638305664,466.5054931640625,203.46969604492188,96.09284973144531,111.71865844726562,277.4203796386719,9.004277229309082,35.22444152832031,190.47312927246094,47.59199142456055,515.8329467773438,351.5717468261719,239.41932678222656,159.6539764404297,222.39085388183594,67.68939208984375,443.6685791015625,815.4290771484375,450.65496826171875,225.5897674560547,521.01123046875,295.7023620605469,143.4967498779297,51.753883361816406,89.451416015625,107.93453216552734,70.83650207519531,42.67416000366211,70.95974731445312,161.67999267578125,72.40036010742188,52.28168487548828,141.74374389648438,23.427818298339844,165.99752807617188,110.5597152709961,144.41244506835938,125.04530334472656,63.10106658935547,348.18438720703125,38.488643646240234,85.81204986572266,448.4944763183594,24.334707260131836,105.99722290039062,113.98650360107422,510.9777526855469,167.380859375,63.480751037597656,467.14935302734375,230.03302001953125,105.42951202392578,328.380615234375,39.37376022338867,65.10243225097656,218.13345336914062,86.06290435791016,104.1480941772461
2025-03-12,202.0507354736328,126.1832275390625,314.6399841308594,195.83729553222656,80.25,256.48919677734375,158.8000030517578,38.63322067260742,882.1597290039062,29.700180053710938,495.94000244140625,65.58309173583984,332.29034423828125,87.58628845214844,93.1939697265625,280.8088073730469,61.53292465209961,143.5169677734375,50.32439422607422,462.4536437988281,202.82644653320312,96.93697357177734,110.71253204345703,286.9819030761719,8.91135311126709,36.107994079589844,193.73179626464844,47.2174072265625,519.9873657226562,348.2962646484375,240.0733184814453,156.75660705566406,221.18736267089844,66.64126586914062,440.8350524902344,813.252197265625,443.5617980957031,221.38180541992188,519.8619384765625,288.6076354980469,146.12278747558594,51.4512825012207,88.1483154296875,109.82270050048828,69.77438354492188,42.88055419921875,70.3952865600586,168.6280059814453,69.32304382324219,51.96823501586914,148.34036254882812,23.175416946411133,161.44296264648438,109.19163513183594,143.671875,124.89891052246094,63.63941955566406,345.0380554199219,38.4598274230957,84.45964050292969,446.86865234375,24.063385009765625,100.84587860107422,113.2208251953125,509.43743896484375,173.45068359375,63.15977096557617,462.4109802246094,229.75244140625,104.4328384399414,329.07269287109375,38.61221694946289,66.69903564453125,216.8200225830078,83.85816955566406,104.11946105957031
2025-03-13,201.56480407714844,125.80549621582031,307.5968933105469,196.86061096191406,80.13999938964844,252.2397918701172,159.32000732421875,38.40089416503906,872.8540649414062,29.85698127746582,504.25,64.88816833496094,327.5535583496094,87.29698181152344,91.70668029785156,268.13897705078125,62.396514892578125,144.40060424804688,50.67100524902344,458.2546081542969,201.96551513671875,95.08186340332031,112.2027359008789,278.7863464355469,8.855600357055664,36.89338302612305,191.16859436035156,46.438663482666016,509.40728759765625,333.70831298828125,236.3899383544922,156.89137268066406,218.55718994140625,66.33635711669922,444.35455322265625,793.25390625,449.74188232421875,215.88436889648438,515.095703125,286.7761535644531,142.09622192382812,52.109886169433594,89.4325180053711,107.58770751953125,69.59258270263672,44.86585998535156,69.49596405029297,162.32400512695312,70.34263610839844,51.49806594848633,145.1649627685547,23.076263427734375,161.65391540527344,104.12503051757812,142.8838348388672,126.10923767089844,63.97943878173828,337.4139404296875,38.3445930480957,85.36441802978516,448.35430908203125,24.409555435180664,98.23262023925781,110.73731231689453,505.7109069824219,167.9878387451172,62.731788635253906,462.8049621582031,226.65670776367188,104.40565490722656,324.8312072753906,39.62760925292969,66.24424743652344,217.1508026123047,83.16919708251953,103.68057250976562
2025-03-14,201.7744140625,122.72550201416016,309.29461669921875,199.8546600341797,83.51000213623047,261.2895202636719,161.80999755859375,39.58186340332031,900.228271484375,30.79779624938965,514.5999755859375,66.38418579101562,333.7742919921875,86.62190246582031,94.33804321289062,275.6974792480469,62.3300895690918,147.6061553955078,51.22370910644531,468.4676513671875,208.5463104248047,96.8191909790039,114.01568603515625,288.5247497558594,9.041446685791016,38.140174865722656,195.8280792236328,47.65113067626953,525.5200805664062,337.6099853515625,238.84231567382812,156.71810913085938,225.59364318847656,66.38433837890625,446.5505065917969,804.9600830078125,448.0503234863281,217.61019897460938,522.8345336914062,289.0221252441406,146.28811645507812,52.43029022216797,89.30032348632812,111.11359405517578,70.3772201538086,45.44572067260742,68.55838775634766,168.86599731445312,71.51053619384766,52.26324462890625,146.74774169921875,23.184432983398438,161.05941772460938,105.56858825683594,144.2035369873047,126.8803482055664,64.95226287841797,337.09832763671875,39.468135833740234,86.07872772216797,454.5585021972656,24.867992401123047,98.42061614990234,111.17904663085938,519.2172241210938,170.43533325195312,62.817386627197266,469.6578674316406,229.79115295410156,105.79193115234375,328.04449462890625,39.50068664550781,68.55689239501953,219.5774383544922,84.00581359863281,106.76228332519531
2025-03-17,204.3469696044922,123.62625122070312,315.978759765625,201.52227783203125,85.08999633789062,260.0599060058594,161.85000610351562,40.1142692565918,928.630126953125,31.139068603515625,523.010009765625,67.50376892089844,336.72247314453125,87.48021697998047,94.72892761230469,277.0295715332031,63.2506217956543,149.2042236328125,51.25181198120117,473.2259521484375,210.38693237304688,97.52589416503906,114.67061614990234,292.08203125,9.218001365661621,38.78811264038086,200.71607971191406,48.301727294921875,535.15869140625,340.3199768066406,243.2854461669922,156.74697875976562,227.0397491455078,67.3058090209961,451.2660217285156,816.1218872070312,449.4342956542969,218.97727966308594,527.1448364257812,293.0129089355469,149.01138305664062,52.42138671875,90.28134155273438,113.6375961303711,68.99932861328125,46.703731536865234,70.51007080078125,168.58599853515625,74.29124450683594,52.530609130859375,151.4076385498047,23.481901168823242,162.77577209472656,107.9745101928711,147.83998107910156,128.89105224609375,66.20842742919922,337.5618896484375,39.7850341796875,86.23111724853516,461.827880859375,25.101892471313477,99.33244323730469,112.41588592529297,516.7506103515625,172.5402374267578,63.898033142089844,479.62481689453125,230.11041259765625,106.96981048583984,330.76336669921875,39.57321548461914,68.54721069335938,222.82919311523438,86.08258819580078,108.53688049316406
2025-03-18,203.75625610351562,122.3283920288086,314.3877868652344,203.58779907226562,83.98999786376953,258.427001953125,161.57000732421875,40.31755447387695,929.23095703125,31.563356399536133,523.1400146484375,67.77401733398438,330.8948669433594,86.30364990234375,95.84439849853516,275.03631591796875,64.12369537353516,151.1689453125,51.30802536010742,472.0682678222656,210.56503295898438,97.51607513427734,114.62316131591797,285.6061706542969,9.245877265930176,39.112091064453125,199.48414611816406,47.9764289855957,535.585693359375,335.9378356933594,237.49588012695312,158.10421752929688,228.04913330078125,66.59550476074219,451.65814208984375,813.8954467773438,451.0393981933594,216.16554260253906,525.3613891601562,292.65625,146.7841339111328,51.9229850769043,90.21466827392578,113.78209686279297,67.65015411376953,46.98875427246094,70.136962890625,166.0,75.06056213378906,52.512176513671875,146.92471313476562,23.71626853942871,160.8101348876953,106.97501373291016,146.06448364257812,129.51573181152344,67.0301284790039,330.9339599609375,39.496952056884766,85.93586730957031,458.2024841308594,24.896060943603516,98.31722259521484,113.1423110961914,518.6702270507812,170.15591430664062,62.817386627197266,484.21905517578125,229.365478515625,107.69466400146484,330.9808349609375,40.09904479980469,68.80847930908203,220.56369018554688,84.24202728271484,108.42237854003906
2025-03-19,202.23175048828125,123.41316986083984,314.7757568359375,202.53607177734375,84.41999816894531,266.22747802734375,172.6199951171875,40.85963439941406,927.883544921875,31.923084259033203,525.27001953125,68.9515380859375,332.7718811035156,87.21981811523438,96.60710906982422,275.6875305175781,64.44635772705078,154.21470642089844,51.43917465209961,470.3415832519531,208.07125854492188,98.438720703125,113.24684143066406,289.45831298828125,9.450308799743652,39.681488037109375,204.23304748535156,49.08047103881836,540.9825439453125,339.6376953125,242.63145446777344,156.89137268066406,232.0671844482422,66.49952697753906,450.717041015625,828.2435913085938,452.260009765625,218.6476287841797,531.2076416015625,295.8565673828125,149.01138305664062,51.57588195800781,89.54795837402344,115.45833587646484,67.45879364013672,47.16566467285156,69.83081817626953,168.82400512695312,73.22530364990234,52.03276443481445,149.87400817871094,23.626127243041992,161.634765625,107.5366439819336,146.4917449951172,132.08282470703125,67.54959869384766,330.3323059082031,39.448936462402344,85.33584594726562,462.7154846191406,25.111248016357422,98.64623260498047,115.69452667236328,515.596923828125,170.7750701904297,63.04206466674805,483.64239501953125,228.6882781982422,106.43523406982422,336.02313232421875,39.836124420166016,70.40508270263672,222.01870727539062,84.97036743164062,110.1111068725586
2025-03-20,201.95547485351562,122.79328918457031,291.9197082519531,203.01931762695312,82.97000122070312,266.4045104980469,172.8300018310547,41.12100601196289,924.9174194335938,32.05221176147461,528.72998046875,69.31828308105469,330.44287109375,87.06552124023438,97.54143524169922,275.3323669433594,65.13912963867188,154.8915252685547,51.5047492980957,467.9967346191406,208.06138610839844,97.03512573242188,114.05365753173828,290.4114685058594,9.301630973815918,39.95637893676758,202.6037139892578,48.7354621887207,546.165771484375,341.6557922363281,234.00486755371094,156.9202423095703,231.97010803222656,66.91226959228516,448.7563171386719,833.7454223632812,448.5981140136719,219.37481689453125,531.4949340820312,295.9336853027344,147.12454223632812,51.70048141479492,90.22420501708984,116.05562591552734,68.08074951171875,46.939605712890625,68.74971771240234,164.82400512695312,73.03064727783203,52.051204681396484,150.1394500732422,23.60810089111328,160.65672302246094,106.679931640625,146.0415802001953,131.25314331054688,67.95572662353516,331.4270935058594,39.6409912109375,85.68824005126953,464.56549072265625,25.064468383789062,97.95059967041016,114.1141128540039,515.8258056640625,174.4213409423828,63.37376022338867,491.42755126953125,227.1404266357422,105.99127197265625,335.6573181152344,39.663875579833984,70.17284393310547,221.56948852539062,84.45856475830078,110.57862091064453
2025-03-21,200.09750366210938,122.36713409423828,296.1979675292969,204.87637329101562,83.12999725341797,266.0897521972656,178.11000061035156,41.11132049560547,922.5521240234375,31.867740631103516,521.9099731445312,69.47271728515625,329.9809265136719,87.08480834960938,97.16960906982422,276.9012756347656,63.63021469116211,154.8727264404297,51.101932525634766,463.49359130859375,209.1598358154297,97.62405395507812,113.04752349853516,290.32305908203125,9.292339324951172,39.51459884643555,202.80242919921875,49.090328216552734,548.5535888671875,337.45623779296875,234.53382873535156,157.50743103027344,234.51296997070312,65.91400909423828,449.32489013671875,828.7977294921875,422.6091613769531,220.16017150878906,530.8112182617188,294.429931640625,146.23947143554688,51.26437759399414,88.68124389648438,115.73771667480469,67.8223876953125,46.54648208618164,64.99939727783203,165.5500030517578,71.24172973632812,51.442745208740234,149.65773010253906,23.689228057861328,159.83209228515625,103.20548248291016,145.09329223632812,129.20339965820312,67.06790924072266,329.8293151855469,39.36250686645508,85.10726928710938,465.20086669921875,25.279653549194336,97.81900787353516,113.98650360107422,514.9105834960938,173.6940460205078,62.753177642822266,496.7618408203125,226.2600860595703,104.28787231445312,331.8608093261719,39.88146209716797,70.17284393310547,219.6262664794922,84.85829162597656,110.19698333740234
2025-03-24,199.29714965820312,123.20977783203125,298.0023498535156,201.62649536132812,87.51000213623047,273.31964111328125,180.89999389648438,41.69212341308594,933.9613647460938,31.461898803710938,525.8499755859375,71.4609603881836,335.7692565917969,87.6634521484375,97.4270248413086,282.1705017089844,64.12369537353516,155.1265411376953,50.895835876464844,470.88116455078125,210.5848388671875,98.33076477050781,112.14579010009766,297.5948181152344,9.524648666381836,40.849754333496094,208.8627471923828,50.7266731262207,563.0745849609375,349.5840148925781,238.93846130371094,157.1801300048828,240.7535858154297,66.18276977539062,450.0699768066406,855.841552734375,418.0726318359375,225.8030548095703,538.7185668945312,294.6516418457031,148.9530029296875,51.30887985229492,87.91929626464844,119.71637725830078,67.04733276367188,46.01576232910156,64.47318267822266,169.9459991455078,69.82357025146484,51.88526153564453,152.25311279296875,23.56302833557129,158.83486938476562,104.95697784423828,145.16036987304688,131.4678955078125,67.32292938232422,338.0155944824219,40.044315338134766,84.65010833740234,470.8631591796875,25.22351837158203,101.85171508789062,117.40255737304688,517.078857421875,178.0479736328125,62.20750427246094,496.4254455566406,227.53707885742188,104.92211151123047,339.9778137207031,39.49162292480469,71.8758773803711,220.92501831054688,86.34857940673828,110.48320770263672
2025-03-25,191.8367156982422,121.65039825439453,299.6709899902344,198.499755859375,86.94000244140625,274.7164306640625,182.58999633789062,41.89541244506836,943.6353759765625,31.627933502197266,528.8699951171875,71.87598419189453,336.70281982421875,86.40008544921875,97.77025604248047,284.7853698730469,63.08928680419922,155.9913787841797,49.5093879699707,469.8706359863281,210.1890106201172,99.73435974121094,110.18098449707031,294.8040771484375,9.561816215515137,42.22417068481445,210.75039672851562,51.84056854248047,568.7432250976562,346.9124755859375,240.33297729492188,154.9950714111328,243.73313903808594,66.04839324951172,448.46221923828125,843.4229125976562,424.8869934082031,223.67002868652344,540.1948852539062,295.8565673828125,149.29344177246094,51.38136291503906,83.69049072265625,120.61229705810547,65.63117218017578,46.73321533203125,63.65998458862305,172.2760009765625,68.22002410888672,51.304466247558594,151.32901000976562,23.031192779541016,156.15008544921875,103.97651672363281,145.79254150390625,132.41470336914062,68.03128814697266,336.48681640625,40.60128402709961,83.55484771728516,479.47796630859375,25.550973892211914,99.07862854003906,117.67741394042969,511.5489807128906,177.7924346923828,62.15400314331055,493.4747619628906,228.10784912109375,99.62164306640625,340.7193603515625,39.42816162109375,71.83716583251953,221.73553466796875,83.65421295166016,111.2369384765625
2025-03-26,191.79861450195312,122.62865447998047,301.8634338378906,198.99244689941406,81.66000366210938,271.49005126953125,178.5500030517578,41.45011901855469,938.5560913085938,31.747831344604492,533.2100219726562,70.6888198852539,335.2189025878906,88.75320434570312,98.38995361328125,277.2663879394531,63.772560119628906,157.89967346191406,50.455543518066406,474.471923828125,208.21971130371094,98.919677734375,111.15863800048828,280.5748291015625,9.571110725402832,40.73194122314453,206.02134704589844,50.223941802978516,557.0759887695312,348.00799560546875,240.75611877441406,155.66885375976562,243.63609313964844,67.20983123779297,452.3639831542969,818.1009521484375,427.8665466308594,224.9886016845703,544.0693969726562,302.2764587402344,148.4958953857422,52.323638916015625,83.91907501220703,117.72222900390625,66.72200775146484,46.575965881347656,62.89460754394531,167.7100067138672,66.48672485351562,52.14340591430664,145.30258178710938,22.72471046447754,159.7266082763672,105.7851333618164,147.82315063476562,131.11651611328125,68.97577667236328,339.7021789550781,40.73572540283203,84.82154846191406,474.4697265625,25.86907386779785,99.72725677490234,117.50071716308594,510.8826599121094,170.51954650878906,62.26100158691406,498.0594177246094,230.27487182617188,100.58206939697266,340.2843322753906,40.0537109375,71.09209442138672,223.5518035888672,84.09832763671875,112.83979034423828
2025-03-27,193.15158081054688,127.2196044921875,299.3120422363281,202.8013916015625,78.95999908447266,267.5750427246094,179.11000061035156,41.19844436645508,938.2652587890625,31.73861312866211,534.52001953125,69.34725189208984,333.4401550292969,89.87191772460938,98.02766418457031,274.1285095214844,64.1426773071289,156.6588134765625,51.0269889831543,470.64569091796875,207.9228515625,98.59577941894531,111.67120361328125,276.044677734375,9.19941520690918,39.24953079223633,204.54104614257812,46.527381896972656,542.51611328125,348.5846252441406,236.7842254638672,157.02613830566406,240.8118133544922,67.90093231201172,455.59918212890625,813.0640869140625,425.0888671875,225.10496520996094,552.4920043945312,301.4185791015625,144.37208557128906,52.82196044921875,83.43333435058594,114.63948822021484,67.0090560913086,47.55878829956055,62.952022552490234,165.54800415039062,65.03148651123047,51.77464294433594,143.31671142578125,22.544429779052734,161.7689971923828,105.42340850830078,148.47447204589844,130.238037109375,69.22134399414062,340.9153137207031,40.428436279296875,85.74537658691406,475.2546081542969,26.383649826049805,100.1220703125,118.354736328125,508.9034729003906,165.34991455078125,62.77457809448242,495.67578125,228.28199768066406,100.58206939697266,345.9000549316406,40.7608642578125,69.94060516357422,223.63970947265625,84.51283264160156,112.47724914550781
2025-03-28,195.6002655029297,126.70626831054688,295.23748779296875,204.2415771484375,77.94000244140625,261.1419372558594,173.30999755859375,39.93035125732422,917.676513671875,31.231307983398438,526.3099975585938,67.88018035888672,323.9961242675781,89.51508331298828,97.5986328125,266.39239501953125,63.71562194824219,156.1324005126953,51.51411819458008,456.5082702636719,204.01792907714844,96.25970458984375,113.34175872802734,269.42144775390625,9.03215503692627,37.71803665161133,198.58006286621094,46.014793395996094,527.179931640625,344.1832275390625,234.65882873535156,157.5844268798828,235.69705200195312,67.54578399658203,450.08953857421875,813.8954467773438,424.32952880859375,221.46908569335938,535.6864013671875,296.0203857421875,140.87074279785156,52.68605422973633,84.98578643798828,111.10396575927734,67.41094970703125,47.25411605834961,60.550655364990234,159.552001953125,64.2343521118164,52.18950271606445,138.48968505859375,22.72471046447754,161.116943359375,105.13784790039062,148.61814880371094,128.56893920898438,68.69242858886719,335.09613037109375,40.21717071533203,86.79302978515625,469.5269470214844,26.364940643310547,97.43360137939453,116.0381088256836,497.44598388671875,162.4112548828125,63.32026290893555,495.9832763671875,224.58644104003906,99.35888671875,338.9693908691406,40.73365783691406,68.40206909179688,222.56553649902344,84.03911590576172,112.32460021972656
2025-03-31,199.63063049316406,128.47869873046875,302.7171630859375,206.17446899414062,77.4800033569336,264.653564453125,170.5500030517578,40.394996643066406,917.4632568359375,31.1667423248291,532.5800170898438,68.51719665527344,324.1042175292969,90.36376190185547,100.1251220703125,264.8037414550781,64.29450988769531,157.26043701171875,52.525848388671875,462.08062744140625,203.1754913330078,96.8780746459961,115.77166748046875,267.1219177246094,9.32021713256836,37.16826629638672,198.8483123779297,46.359798431396484,530.2568359375,352.1979675292969,239.1404266357422,159.6347198486328,238.0748748779297,68.74561309814453,456.4913024902344,817.2598266601562,429.3466796875,226.13270568847656,543.1280517578125,301.110107421875,142.83538818359375,54.38034439086914,85.49058532714844,112.39486694335938,67.83195495605469,47.450679779052734,60.7324333190918,159.22799682617188,65.40129089355469,53.48019027709961,137.4475860595703,22.841896057128906,163.4086151123047,106.41339874267578,152.03762817382812,129.29127502441406,69.21189880371094,344.4068298339844,40.140342712402344,87.57401275634766,474.7500915527344,26.458499908447266,98.10101318359375,119.56214141845703,494.89990234375,163.14837646484375,63.71615982055664,503.3936462402344,228.54318237304688,99.65789031982422,346.4932556152344,41.123504638671875,69.46646881103516,226.07119750976562,86.6446762084961,113.4695053100586
2025-04-01,196.53402709960938,127.54889678955078,304.21112060546875,207.9178466796875,78.48999786376953,266.0602722167969,168.1699981689453,40.16267013549805,915.13671875,31.185192108154297,532.989990234375,68.08287811279297,324.8609619140625,90.55663299560547,100.4778823852539,266.619384765625,64.51278686523438,158.4073028564453,52.70384216308594,471.0397033691406,198.6064910888672,95.87690734863281,114.91740417480469,271.9075622558594,9.236584663391113,37.43333053588867,202.4646453857422,46.58652877807617,532.3534545898438,351.26580810546875,240.75611877441406,147.5158233642578,236.48316955566406,68.98558807373047,457.9128112792969,796.7964477539062,431.20166015625,226.88897705078125,543.5144653320312,302.32470703125,143.62319946289062,53.26591873168945,82.97616577148438,111.49893951416016,67.86066436767578,47.46051025390625,61.957035064697266,162.31199645996094,64.07328796386719,52.93278884887695,139.54161071777344,22.120763778686523,163.54287719726562,106.0897445678711,151.4246063232422,129.6719207763672,68.99466705322266,345.7679748535156,40.52446365356445,87.4501953125,477.254150390625,26.645614624023438,98.16681671142578,120.4652328491211,480.3492431640625,165.7430419921875,63.737552642822266,502.7882080078125,229.44287109375,98.9964599609375,342.4297790527344,41.141639709472656,69.00200653076172,228.29762268066406,87.67111206054688,113.57444763183594
2025-04-02,195.5050048828125,127.78135681152344,306.8789367675781,206.45867919921875,80.16000366210938,270.7522888183594,168.55999755859375,40.51115036010742,932.3522338867188,31.185192108154297,537.719970703125,69.26038360595703,328.88031005859375,90.2190933227539,101.15478515625,267.94158935546875,64.59819793701172,156.48960876464844,52.67573928833008,463.60662841796875,203.3340301513672,96.07320404052734,114.27195739746094,278.9239196777344,9.431724548339844,37.50205612182617,198.47080993652344,47.296260833740234,546.573486328125,356.4264221191406,240.40989685058594,149.54685974121094,238.57957458496094,68.46724700927734,460.5107421875,809.6503295898438,435.2672119140625,228.1203155517578,542.3947143554688,300.34857177734375,143.71072387695312,51.752838134765625,82.48088073730469,114.89960479736328,67.43965911865234,47.892948150634766,62.148372650146484,164.80599975585938,64.27107238769531,52.90499496459961,143.39535522460938,22.264991760253906,162.5264892578125,106.93693542480469,149.5855712890625,129.9647216796875,68.6829833984375,348.81561279296875,40.514862060546875,86.95494842529297,480.2441101074219,26.327512741088867,99.42644500732422,122.63462829589844,486.4062194824219,167.4629669189453,64.0478286743164,502.8650207519531,230.69085693359375,99.84815216064453,342.4100036621094,40.56141662597656,69.92125701904297,229.04957580566406,88.5889663696289,113.22142791748047
2025-04-03,192.12255859375,127.49079132080078,292.4532775878906,216.2084197998047,71.2699966430664,243.7705078125,150.91000366210938,36.02927780151367,860.4368286132812,28.906946182250977,530.1599731445312,60.85377502441406,300.47943115234375,92.58185577392578,90.81049346923828,251.84774780273438,64.06675720214844,146.76010131835938,52.69447326660156,440.5198059082031,196.138671875,87.20008850097656,117.74596405029297,256.3321228027344,8.86489200592041,32.897743225097656,186.40972900390625,45.245906829833984,496.225830078125,342.03057861328125,234.16836547851562,153.83999633789062,221.9541015625,70.24301147460938,458.0401916503906,780.8255004882812,437.10302734375,215.7486114501953,525.718017578125,306.7974548339844,135.91050720214844,52.45048141479492,82.28087615966797,103.97513580322266,69.02803039550781,47.499820709228516,53.17436218261719,154.81399536132812,63.1973762512207,52.84942626953125,134.9111785888672,21.895410537719727,165.29759216308594,96.70396423339844,155.23683166503906,127.11459350585938,65.89674377441406,335.98382568359375,37.653175354003906,88.15496826171875,457.2588195800781,26.75788688659668,88.62556457519531,123.12545013427734,467.4794921875,154.6764678955078,66.926025390625,519.4349365234375,216.67294311523438,90.71504974365234,335.5485534667969,41.35921859741211,63.54454803466797,231.26625061035156,86.12159729003906,107.26793670654297
2025-04-04,178.13548278808594,120.52688598632812,276.5432434082031,208.6094970703125,64.37000274658203,230.62464904785156,136.58999633789062,33.28981399536133,797.4003295898438,26.176742553710938,493.5400085449219,56.10515213012695,283.104736328125,88.39639282226562,82.26810455322266,237.56948852539062,60.413124084472656,134.68992614746094,49.396968841552734,423.20220947265625,180.15223693847656,81.98809814453125,112.88616180419922,242.2503204345703,8.902060508728027,28.617403030395508,165.7251434326172,43.550418853759766,456.99212646484375,340.0989685058594,218.77127075195312,147.50619506835938,205.3434295654297,67.1234359741211,429.3551330566406,730.4783935546875,415.3526611328125,216.49517822265625,485.3094177246094,289.2920227050781,123.43211364746094,50.80149841308594,77.59490203857422,96.17194366455078,64.02365112304688,43.42110061645508,54.7720832824707,144.3300018310547,58.912017822265625,51.08036422729492,126.10258483886719,20.705535888671875,157.01304626464844,93.50557708740234,144.2695770263672,114.64032745361328,60.56985092163086,327.511474609375,33.399078369140625,84.70726013183594,421.8650817871094,24.924129486083984,89.97920227050781,119.91553497314453,435.53375244140625,144.2781982421875,64.1120376586914,504.6431884765625,206.31187438964844,88.53143310546875,309.5857849121094,39.01111602783203,59.00634765625,219.90945434570312,82.10468292236328,99.54936981201172
2025-04-07,177.74481201171875,120.93367004394531,276.21337890625,202.18551635742188,68.16999816894531,231.21681213378906,138.86000061035156,34.441741943359375,792.4373779296875,25.060678482055664,490.3800048828125,56.80007553100586,275.2232360839844,86.01434326171875,81.677001953125,240.97378540039062,60.59342575073242,131.74758911132812,47.617069244384766,416.7930908203125,179.01246643066406,81.76234436035156,110.92134857177734,248.07760620117188,8.586121559143066,29.81511688232422,166.60934448242188,42.9096794128418,451.8476867675781,328.192138671875,217.13633728027344,144.9842071533203,209.40577697753906,65.62606048583984,417.4928283691406,716.1500244140625,414.0743103027344,210.3384246826172,481.09814453125,289.0800476074219,125.02718353271484,50.430023193359375,77.31869506835938,97.22198486328125,62.253448486328125,44.08942413330078,53.203067779541016,147.10000610351562,59.938621520996094,49.02418518066406,125.01136016845703,20.399057388305664,153.63784790039062,89.97400665283203,144.85382080078125,114.51343536376953,58.86033248901367,318.3882141113281,31.824188232421875,83.0691146850586,409.54083251953125,25.101892471313477,88.71955871582031,116.94119262695312,435.4939880371094,143.65902709960938,61.950714111328125,504.3067321777344,203.1290740966797,86.58338928222656,308.7849426269531,38.603145599365234,60.15782165527344,215.37844848632812,82.73633575439453,98.21366119384766
2025-04-08,167.37835693359375,120.05228424072266,272.9828796386719,193.9138946533203,69.5,228.36460876464844,139.38999938964844,33.90933609008789,790.7119140625,24.08297348022461,492.6400146484375,56.722862243652344,269.2089538574219,85.44534301757812,78.80730438232422,240.75669860839844,64.18063354492188,128.72061157226562,46.52102279663086,406.5935363769531,173.085693359375,80.21151733398438,110.05758666992188,247.14405822753906,8.075041770935059,28.67630958557129,168.26846313476562,41.87464141845703,448.6542663574219,322.1666259765625,212.5681915283203,144.38742065429688,211.77870178222656,65.6740493774414,405.20904541015625,718.6337280273438,426.1268615722656,205.24818420410156,475.5491638183594,289.0221252441406,123.6752700805664,50.33942413330078,75.19476318359375,96.63434600830078,61.34443283081055,44.18770980834961,50.964351654052734,145.52000427246094,58.017269134521484,48.41289520263672,122.39629364013672,19.68693733215332,151.87355041503906,85.44295501708984,142.9381561279297,117.57832336425781,56.433006286621094,309.2156066894531,30.68143653869629,82.72624206542969,412.5214538574219,24.690231323242188,83.43663024902344,117.82464599609375,417.0346984863281,138.9414825439453,61.950714111328125,531.583740234375,201.4844512939453,83.28532409667969,304.78082275390625,38.23143768310547,60.07074737548828,211.38455200195312,80.72295379638672,96.14329528808594
2025-04-09,171.3515167236328,123.04511260986328,290.9786376953125,196.5858154296875,76.0,258.9296569824219,160.82000732421875,35.96151351928711,869.57763671875,25.7340087890625,521.4099731445312,61.915462493896484,295.8114318847656,87.01730346679688,87.24481201171875,261.6560363769531,66.60057067871094,137.27503967285156,48.94730758666992,445.5802001953125,190.18215942382812,89.7520980834961,110.39929962158203,278.67828369140625,8.827722549438477,33.1235466003418,186.0520782470703,45.08818817138672,501.70037841796875,341.5308532714844,226.301513671875,145.32110595703125,228.83859252929688,67.14263916015625,437.207763671875,745.8160400390625,444.2730407714844,216.40794372558594,511.54571533203125,293.0032958984375,134.5294189453125,51.064247131347656,78.01396942138672,107.60698699951172,64.66474151611328,47.91260528564453,56.75248718261719,165.19000244140625,61.30427932739258,49.996707916259766,137.32962036132812,20.27286148071289,155.64187622070312,93.49605560302734,145.39984130859375,125.35763549804688,60.34317398071289,331.64410400390625,34.55142593383789,83.62151336669922,442.87890625,24.765077590942383,91.8310546875,123.73406219482422,451.0888977050781,156.02291870117188,63.577049255371094,556.0158081054688,216.2472686767578,90.29825592041016,328.6673583984375,38.88419723510742,64.18318939208984,219.14779663085938,88.43106079101562,100.94235229492188
2025-04-10,165.9777374267578,120.5849838256836,278.0705871582031,197.38172912597656,72.6500015258789,243.6619415283203,155.52000427246094,34.70309829711914,832.4518432617188,24.19365692138672,515.8099975585938,59.44463348388672,284.1661071777344,88.53141021728516,79.4079360961914,252.1347198486328,65.45228576660156,126.88753509521484,48.64754104614258,437.310302734375,179.1511993408203,83.65673065185547,110.90235137939453,266.03118896484375,8.49319839477539,30.77720832824707,180.32955932617188,43.10682678222656,475.42474365234375,339.8298645019531,220.76205444335938,143.12643432617188,221.77830505371094,67.92012786865234,423.39459228515625,713.359619140625,445.6763000488281,214.46878051757812,495.5770263671875,295.7215881347656,129.32603454589844,51.08237075805664,73.86135864257812,102.67459106445312,63.841854095458984,50.06498336791992,52.045440673828125,156.697998046875,57.64995193481445,50.15416717529297,131.56768798828125,19.461584091186523,156.8308563232422,90.32621002197266,144.79638671875,124.03018951416016,56.461341857910156,325.3908996582031,31.248010635375977,84.65962982177734,427.7142333984375,24.952293395996094,87.14971923828125,125.12797546386719,425.12060546875,148.53384399414062,64.10133361816406,571.2977905273438,212.17446899414062,87.48944854736328,320.9358215332031,39.536376953125,61.067405700683594,221.1300811767578,89.4278793334961,95.34185791015625
2025-04-11,166.78759765625,122.89015197753906,277.21258544921875,203.68661499023438,72.66999816894531,247.84649658203125,156.83999633789062,34.79990768432617,851.8387451171875,24.52570915222168,524.1099853515625,59.49289321899414,288.38201904296875,90.65306091308594,82.36344146728516,252.01614379882812,65.96475982666016,127.49856567382812,49.40634536743164,452.0189208984375,187.05027770996094,83.322998046875,112.8956527709961,272.7232360839844,8.669753074645996,32.740665435791016,180.48851013183594,43.00825881958008,479.92864990234375,340.06048583984375,226.4650115966797,146.05267333984375,230.65493774414062,68.56324005126953,433.14910888671875,724.7390747070312,456.4409484863281,213.6446533203125,505.9085998535156,298.7291564941406,132.224365234375,51.327003479003906,75.413818359375,104.15817260742188,62.971099853515625,54.02576446533203,52.035865783691406,157.13400268554688,60.96522903442383,51.14521026611328,130.5810546875,19.750038146972656,160.0430450439453,91.60176086425781,147.40170288085938,125.19170379638672,58.64310073852539,332.15692138671875,32.61162567138672,85.58346557617188,434.60980224609375,25.330501556396484,87.21552276611328,125.79546356201172,435.7724609375,154.38160705566406,66.24125671386719,576.170654296875,211.46823120117188,87.96060943603516,329.6263427734375,40.28252410888672,60.48682403564453,223.9912567138672,91.58930969238281,98.40447998046875
2025-04-14,170.64646911621094,123.93618774414062,282.5260009765625,208.0522918701172,73.58999633789062,252.04092407226562,159.27999877929688,35.49687194824219,862.666259765625,24.820865631103516,529.52001953125,61.01785659790039,292.9713134765625,91.59818267822266,82.42064666748047,251.5714111328125,65.6705551147461,127.20714569091797,50.68037033081055,460.4266357421875,191.25254821777344,83.09725189208984,114.47128295898438,273.01800537109375,9.022860527038574,33.133358001708984,184.7903289794922,44.49673843383789,489.1885986328125,343.2702941894531,229.90792846679688,148.5842742919922,229.2096710205078,69.54230499267578,437.2665710449219,746.4492797851562,456.8638610839844,217.3193359375,508.5982360839844,304.6767578125,132.28273010253906,51.761898040771484,75.404296875,105.11189270019531,64.77001190185547,53.84885025024414,53.01171875,159.96400451660156,62.217864990234375,52.11772537231445,132.84043884277344,19.9393367767334,162.17169189453125,93.57219696044922,150.94569396972656,126.05066680908203,59.06812286376953,336.3487243652344,32.573211669921875,86.82160949707031,440.6364440917969,25.718162536621094,88.97338104248047,128.20045471191406,446.89178466796875,153.1629180908203,66.59434509277344,564.2429809570312,215.02833557128906,89.40125274658203,331.38623046875,40.80758285522461,61.0577278137207,226.8426513671875,93.49413299560547,98.64299774169922
2025-04-15,170.0117950439453,122.81719970703125,281.4243469238281,208.262451171875,73.19999694824219,254.48849487304688,155.52000427246094,36.77464294433594,861.2025146484375,25.09757423400879,528.1699829101562,62.08918762207031,288.36236572265625,90.90381622314453,81.72468566894531,251.94696044921875,65.40483856201172,126.47389221191406,50.27755355834961,454.11590576171875,188.2296905517578,83.44078826904297,114.36688232421875,272.3203430175781,8.78126049041748,32.906551361083984,184.4624786376953,43.90528869628906,492.9838562011719,340.30078125,231.4851531982422,147.87196350097656,227.65699768066406,68.97599029541016,442.1095275878906,749.2496337890625,451.3277282714844,213.79977416992188,513.4811401367188,301.2161560058594,131.55328369140625,52.11525344848633,74.6613998413086,106.39315795898438,64.74130249023438,53.64246368408203,52.456825256347656,163.3000030517578,60.73917770385742,52.803123474121094,132.1498260498047,20.227787017822266,161.5388641357422,93.74354553222656,153.34030151367188,125.56263732910156,59.294795989990234,332.2655029296875,32.41957092285156,86.6882553100586,439.814208984375,26.001819610595703,86.5575180053711,126.1390380859375,438.6070251464844,154.62730407714844,66.498046875,560.9078979492188,212.90969848632812,87.43509674072266,332.00909423828125,40.973392486572266,62.45112609863281,226.0419158935547,92.74404907226562,98.3663101196289
2025-04-16,165.08836364746094,126.20337677001953,278.0900573730469,208.25289916992188,71.87000274658203,249.6130828857422,156.47000122070312,36.13575744628906,839.2373046875,25.51263999938965,516.4500122070312,59.936866760253906,285.1291809082031,90.1612319946289,82.33484649658203,246.91653442382812,65.05371856689453,127.2447509765625,49.706111907958984,445.412841796875,188.96310424804688,81.24213409423828,114.23399353027344,264.4981994628906,8.734798431396484,32.85724639892578,181.263427734375,43.58985137939453,484.4032897949219,332.49737548828125,229.43670654296875,148.15110778808594,224.21963500976562,68.80321502685547,439.18804931640625,727.2030639648438,458.53619384765625,207.8854217529297,509.56085205078125,297.9580078125,126.88481903076172,51.888736724853516,72.82320404052734,103.90768432617188,62.808433532714844,54.988929748535156,51.23222351074219,159.33200073242188,59.22282028198242,53.03466796875,128.02566528320312,19.867223739624023,159.54443359375,95.46649932861328,153.71385192871094,126.15804290771484,60.475399017333984,326.7421569824219,32.79408645629883,86.16444396972656,433.5259704589844,25.547969818115234,85.03466033935547,123.98927307128906,434.4198303222656,149.06455993652344,66.94743347167969,562.301513671875,209.54307556152344,85.35114288330078,327.5797119140625,40.1719856262207,61.909244537353516,224.1768035888672,90.00032043457031,99.40625762939453
2025-04-17,166.34808349609375,127.4488754272461,275.2724914550781,212.7045440673828,71.19999694824219,248.02413940429688,161.89999389648438,36.21319580078125,848.9307250976562,26.121402740478516,518.2100219726562,61.04681396484375,289.1681823730469,92.61479187011719,84.8327407836914,244.36671447753906,63.85798263549805,129.60426330566406,49.80915832519531,445.0682678222656,185.16720581054688,83.24446868896484,115.61031341552734,263.6727294921875,8.94852352142334,32.443077087402344,180.6077117919922,43.93486022949219,494.53692626953125,341.2137451171875,229.6675262451172,151.57791137695312,226.5144805908203,70.07023620605469,443.2369384765625,831.1627197265625,446.04150390625,212.3357391357422,513.4314575195312,300.0787048339844,126.64168548583984,52.69511413574219,74.2899398803711,105.17932891845703,63.44953536987305,54.133872985839844,53.34657287597656,154.4320068359375,54.701995849609375,54.016448974609375,126.90090942382812,19.957361221313477,163.6099853515625,97.18944549560547,156.32875061035156,125.806640625,61.4293327331543,328.81341552734375,33.715972900390625,87.440673828125,432.4981689453125,25.670888900756836,87.5257339477539,125.27520751953125,425.18023681640625,149.1333465576172,68.3062744140625,436.4602966308594,213.0838165283203,87.37165832519531,325.8792724609375,40.568084716796875,62.61561584472656,225.4853057861328,92.00382232666016,102.01092529296875
2025-04-21,163.62673950195312,126.38825225830078,272.230712890625,208.24334716796875,67.66999816894531,239.3391876220703,159.33999633789062,35.738868713378906,827.8184204101562,25.90003204345703,506.9200134277344,60.50631332397461,281.1697082519531,91.83895874023438,83.46937561035156,233.49542236328125,61.84610366821289,125.71245574951172,48.769325256347656,434.72100830078125,183.3138427734375,82.44942474365234,114.06314086914062,254.9759979248047,8.799845695495605,32.49238204956055,177.19007873535156,43.757423400878906,486.6454772949219,333.3719482421875,227.17669677734375,151.04847717285156,223.6142120361328,69.84945678710938,435.12939453125,809.4525146484375,440.5150146484375,206.29534912109375,505.4818420410156,297.5916748046875,122.63458251953125,52.21491622924805,74.14708709716797,102.40486145019531,61.88984680175781,54.26163864135742,53.69098663330078,151.197998046875,54.93745803833008,53.68301773071289,121.17842864990234,19.867223739624023,159.9214324951172,93.8863296508789,155.3421630859375,123.10292053222656,61.06098175048828,317.8851318359375,33.245426177978516,85.93586730957031,419.51983642578125,24.895559310913086,88.15554809570312,121.70207977294922,419.5609130859375,145.32000732421875,68.12438201904297,408.7989196777344,209.010986328125,87.20858001708984,316.4768981933594,39.545597076416016,61.93827438354492,222.22377014160156,91.20440673828125,100.51300811767578
2025-04-22,167.10772705078125,128.1786346435547,276.8421325683594,211.09010314941406,68.66999816894531,249.11962890625,162.52000427246094,37.094085693359375,860.0199584960938,26.62870216369629,520.7899780273438,62.3015251159668,287.5191345214844,92.9154281616211,85.57638549804688,240.54197692871094,62.75215148925781,129.0684356689453,50.024620056152344,447.6181335449219,190.36056518554688,84.50084686279297,116.30321502685547,262.28717041015625,8.967106819152832,33.586971282958984,187.9496307373047,44.516456604003906,504.72869873046875,340.6082458496094,231.67752075195312,151.84742736816406,230.0592498779297,70.93411254882812,445.6780090332031,818.8727416992188,444.1192626953125,212.4036102294922,523.3561401367188,307.5782165527344,132.59396362304688,53.29309844970703,75.21381378173828,106.3353500366211,63.765289306640625,53.6031494140625,54.590309143066406,153.36599731445312,56.42556381225586,54.201698303222656,125.53935241699219,20.308916091918945,161.97654724121094,95.14285278320312,157.1907958984375,111.0288314819336,61.55210876464844,327.412841796875,33.23582077026367,87.48828887939453,435.8058166503906,25.491239547729492,88.45635223388672,123.40030670166016,432.3710632324219,148.79917907714844,70.00751495361328,410.5770568847656,209.83331298828125,87.74315643310547,327.6490173339844,39.785091400146484,64.08641815185547,224.55764770507812,93.6125717163086,103.32756042480469
2025-04-23,170.252197265625,126.33959197998047,280.9368591308594,203.09434509277344,70.76000213623047,256.73870849609375,172.3699951171875,37.51033401489258,865.1768188476562,26.379663467407227,526.8099975585938,63.99057388305664,292.0614318847656,91.05343627929688,85.73845672607422,247.5490264892578,62.86720275878906,128.485595703125,49.959049224853516,449.3705749511719,194.5628204345703,85.6786880493164,115.2496109008789,270.8855895996094,9.087906837463379,34.701271057128906,192.42037963867188,45.186763763427734,513.7752075195312,342.5207214355469,236.08216857910156,149.56610107421875,235.22508239746094,70.35819244384766,439.40374755859375,820.7330322265625,445.5321350097656,212.24765014648438,526.0159912109375,306.9999084472656,132.3313446044922,53.057533264160156,74.9947509765625,108.19461822509766,64.36812591552734,52.23702621459961,54.9060173034668,162.5399932861328,57.73471450805664,53.76637268066406,129.6437530517578,20.182716369628906,159.90213012695312,96.5992660522461,161.02215576171875,117.40262603759766,60.92876052856445,326.7125244140625,32.6788444519043,86.79302978515625,439.3657531738281,25.708709716796875,86.62330627441406,123.19416046142578,429.2978515625,155.09906005859375,68.71285247802734,411.3266906738281,212.61947631835938,88.0783920288086,330.58538818359375,39.33372116088867,65.74107360839844,223.2588653564453,93.72112274169922,102.44026184082031
2025-04-24,173.44471740722656,125.89201354980469,284.10540771484375,201.4799041748047,75.29000091552734,263.8248291015625,176.25999450683594,38.313777923583984,888.169677734375,26.74860954284668,531.6400146484375,65.78578186035156,303.01239013671875,89.89937591552734,87.52130126953125,261.6026611328125,63.2027702331543,130.73233032226562,49.977783203125,457.3155822753906,194.75112915039062,88.3484878540039,114.56620788574219,282.0488586425781,9.34809398651123,37.107383728027344,196.1261444091797,46.21194076538086,529.3638305664062,345.6150817871094,220.5504608154297,149.1329345703125,238.8967742919922,69.60948944091797,440.69781494140625,850.7255859375,448.6654052734375,216.42904663085938,531.4248046875,304.82135009765625,135.07408142089844,53.19343566894531,76.04242706298828,111.36408233642578,63.4878044128418,54.743221282958984,55.94884490966797,187.71400451660156,58.987361907958984,52.93278884887695,135.6720733642578,20.534269332885742,153.920166015625,98.38883972167969,162.89952087402344,119.05219268798828,61.438777923583984,329.85888671875,33.543113708496094,86.71684265136719,449.6717529296875,26.03018569946289,89.59379577636719,124.17578125,424.3448181152344,161.35964965820312,68.14579010009766,407.7608642578125,208.43052673339844,89.62776184082031,331.9102478027344,39.435054779052734,67.30863952636719,222.12612915039062,94.58963775634766,103.64241027832031
2025-04-25,178.91624450683594,125.37628173828125,286.0357666015625,201.39395141601562,77.91000366210938,261.3476257324219,177.9499969482422,38.42026138305664,879.8623657226562,26.92386245727539,530.9600219726562,66.04637908935547,302.6075744628906,91.07283782958984,87.44502258300781,264.7157897949219,62.62750244140625,130.41268920898438,49.603065490722656,452.186279296875,195.38543701171875,88.6135025024414,113.75939178466797,283.8177185058594,9.329507827758789,36.831275939941406,197.1394805908203,46.438663482666016,528.8688354492188,343.63543701171875,223.5125274658203,148.79603576660156,237.8323974609375,69.02397918701172,439.5899963378906,875.2756958007812,459.074462890625,215.3179168701172,529.4597778320312,305.3226013183594,133.5568389892578,52.78571701049805,78.80448913574219,111.7590560913086,63.239017486572266,53.01345443725586,55.126060485839844,189.052001953125,58.4693489074707,52.69197463989258,136.6389923095703,20.66046905517578,155.35775756835938,97.32270050048828,163.06234741210938,122.22444915771484,62.20381164550781,327.0774841308594,33.14939880371094,86.1263427734375,448.4944763183594,25.349409103393555,90.78762817382812,124.23468017578125,421.9378967285156,162.26385498046875,67.00093078613281,402.36895751953125,206.34088134765625,88.712646484375,331.3763427734375,38.60599899291992,67.47315216064453,222.9463653564453,93.84943389892578,103.58515930175781
2025-04-28,184.95513916015625,126.0379638671875,285.8992919921875,201.85247802734375,78.30999755859375,261.4858093261719,182.3000030517578,38.50737380981445,885.726806640625,26.868518829345703,530.9400024414062,65.90160369873047,303.2099304199219,88.21195983886719,88.59862518310547,262.5316467285156,62.25358581542969,131.70057678222656,50.3431282043457,453.0722961425781,194.1663818359375,88.4957275390625,114.53772735595703,282.75634765625,9.310925483703613,36.722801208496094,199.55368041992188,46.566810607910156,530.3635864257812,343.001220703125,227.11898803710938,149.5372314453125,237.51010131835938,68.9087905883789,439.1978759765625,868.1016235351562,457.7769470214844,215.55184936523438,530.462158203125,305.39007568359375,134.15011596679688,52.72229766845703,79.23308563232422,111.58565521240234,63.334712982177734,53.14121627807617,54.82948303222656,187.48199462890625,58.977943420410156,53.01614761352539,138.26693725585938,20.777650833129883,156.1585693359375,98.35076141357422,162.03746032714844,121.81449890136719,62.35493087768555,327.64959716796875,32.74607467651367,86.43112182617188,447.90582275390625,25.77489471435547,90.5902099609375,124.7942123413086,419.0536804199219,160.59303283691406,67.60010528564453,403.6760559082031,205.6830596923828,87.96967315673828,333.6898193359375,39.048160552978516,67.18285369873047,223.69830322265625,93.97772979736328,103.64241027832031
2025-04-29,186.08021545410156,126.98181915283203,290.9884338378906,211.43402099609375,80.7300033569336,263.5287170410156,182.0,38.710662841796875,892.299072265625,25.890810012817383,534.5700073242188,66.4806900024414,303.545654296875,89.54057312011719,87.59756469726562,264.6268310546875,62.349464416503906,130.94854736328125,50.87710189819336,453.5055236816406,197.1595001220703,89.48707580566406,115.51538848876953,285.6553039550781,9.431724548339844,36.653770446777344,199.19602966308594,46.271087646484375,532.8096923828125,345.0001220703125,230.22531127929688,150.07626342773438,238.87725830078125,69.4463119506836,441.7271423339844,875.9288330078125,457.3828125,217.61817932128906,535.613037109375,303.163330078125,134.58778381347656,53.247802734375,80.6807861328125,111.95172119140625,64.34899139404297,52.05028533935547,55.04953384399414,188.57200622558594,61.37022018432617,53.14582061767578,138.90823364257812,21.444700241088867,156.55413818359375,98.14134216308594,163.0814971923828,122.72224426269531,61.87324523925781,343.3613586425781,32.755672454833984,87.0978012084961,459.4825439453125,25.812715530395508,91.09783172607422,125.67767333984375,425.2100830078125,161.65451049804688,67.55731201171875,393.3246765136719,207.55018615722656,87.64348602294922,337.6544189453125,39.56401062011719,68.7988052368164,223.4248809814453,94.78704833984375,103.38480377197266
2025-04-30,187.6091766357422,127.2250747680664,291.6513671875,215.3315887451172,82.2699966430664,262.92669677734375,183.24000549316406,38.60417938232422,886.23095703125,25.32816505432129,533.25,65.99811553955078,305.39215087890625,89.40479278564453,84.9662094116211,265.56573486328125,63.96021270751953,127.90277862548828,50.94267272949219,456.3802490234375,197.55592346191406,89.27113342285156,115.81912231445312,289.27154541015625,9.301630973815918,35.529605865478516,200.22927856445312,44.59531784057617,531.4798583984375,346.4319763183594,232.5623016357422,150.4613037109375,238.87725830078125,69.63829040527344,444.32513427734375,889.5348510742188,459.18017578125,217.90081787109375,543.929931640625,308.1277160644531,135.103271484375,53.59208679199219,81.14746856689453,112.08281707763672,63.99495315551758,51.77510070800781,53.9588737487793,191.0019989013672,62.585182189941406,53.59040069580078,138.8391876220703,22.003576278686523,156.85325622558594,97.28462982177734,164.1351318359375,123.1126708984375,60.900421142578125,348.08575439453125,31.929826736450195,87.51685333251953,467.2284240722656,26.19092559814453,90.90042877197266,126.31572723388672,426.6720886230469,163.82652282714844,67.99598693847656,395.44879150390625,208.63369750976562,86.34781646728516,341.5893859863281,40.58650588989258,68.71171569824219,227.87774658203125,95.98125457763672,100.7801513671875
2025-05-01,185.91673278808594,127.35155487060547,292.9967956542969,214.01329040527344,87.83999633789062,265.0288391113281,182.88999938964844,38.8848991394043,888.0534057617188,25.715559005737305,530.22998046875,65.7664794921875,310.0233459472656,87.95011138916016,86.42488861083984,266.178466796875,66.58726501464844,128.09075927734375,51.364234924316406,472.5853576660156,194.9592742919922,89.13371276855469,115.16419982910156,296.4352722167969,9.459601402282715,35.90433120727539,202.2858123779297,44.40802001953125,537.5755615234375,344.32733154296875,230.48500061035156,148.68055725097656,241.093994140625,68.42886352539062,439.24688720703125,785.7830200195312,459.1513366699219,216.69224548339844,542.5106811523438,302.3343505859375,134.12094116210938,53.737056732177734,79.29976654052734,113.38407897949219,63.20074462890625,50.60553741455078,54.30329132080078,191.58999633789062,61.78462600708008,53.19864273071289,143.54542541503906,21.570898056030273,154.35433959960938,98.12230682373047,162.88037109375,124.36205291748047,61.202659606933594,348.7958984375,32.400367736816406,87.1073226928711,466.18194580078125,26.13418960571289,90.21420288085938,125.2850112915039,417.6116027832031,169.75294494628906,67.39681243896484,385.10699462890625,207.1051788330078,85.71356964111328,338.57391357421875,39.88642120361328,69.48582458496094,227.9167938232422,96.13916778564453,100.92326354980469
2025-05-02,190.8497772216797,129.23927307128906,297.67645263671875,213.60252380371094,91.0199966430664,273.230224609375,185.4600067138672,39.756107330322266,900.712890625,25.936925888061523,539.7999877929688,68.13113403320312,319.62152099609375,87.7464599609375,87.14948272705078,271.8611755371094,64.6792984008789,130.19650268554688,51.52348327636719,474.2098083496094,197.2784423828125,90.78271484375,115.40148162841797,294.51904296875,9.552525520324707,37.07780456542969,206.34921264648438,44.654457092285156,549.4854125976562,350.3047790527344,236.14950561523438,150.27841186523438,246.58203125,68.7744140625,446.0113830566406,814.9938354492188,454.4225769042969,221.43894958496094,555.1746215820312,300.71490478515625,138.18638610839844,54.00886917114258,79.22356414794922,116.74404907226562,64.19588470458984,50.64485168457031,56.05408477783203,195.4720001220703,65.20350646972656,53.003231048583984,148.7153778076172,21.81428337097168,154.87533569335938,100.34024047851562,163.65623474121094,127.0950698852539,62.94050598144531,354.7137451171875,33.35105895996094,86.71684265136719,473.3671875,26.1058292388916,91.53024291992188,126.83599853515625,421.25164794921875,176.20025634765625,67.94248962402344,384.37652587890625,211.17799377441406,87.344482421875,343.66558837890625,40.29173278808594,71.41142272949219,228.44412231445312,97.46168518066406,101.33352661132812
2025-05-05,188.5419158935547,129.0251922607422,299.99676513671875,213.86044311523438,90.37999725341797,274.394775390625,186.4600067138672,39.80450439453125,892.3087768554688,26.914634704589844,512.1500244140625,68.33544158935547,319.0586242675781,87.99859619140625,83.5265884399414,269.43988037109375,64.33413696289062,127.3763427734375,50.98014831542969,473.8849182128906,195.6431121826172,90.40972137451172,114.61366271972656,294.4302673339844,9.450308799743652,36.831275939941406,207.58114624023438,44.73331832885742,543.137451171875,347.62359619140625,239.64053344726562,149.20033264160156,246.63087463378906,68.82240295410156,443.5996398925781,812.8563232421875,453.23077392578125,219.4895782470703,556.8914794921875,304.3393859863281,136.94146728515625,54.24443817138672,78.89972686767578,116.14196014404297,63.24858856201172,52.12891387939453,54.86774826049805,195.61000061035156,65.09989929199219,52.984622955322266,147.2946319580078,21.516815185546875,153.24478149414062,100.26409912109375,165.8879852294922,125.51383209228516,61.5048942565918,354.8912048339844,32.41957092285156,86.71684265136719,472.6944885253906,26.011276245117188,88.38115692138672,126.57096099853516,419.9786682128906,173.36972045898438,67.91038513183594,389.07647705078125,209.475341796875,86.58338928222656,344.69390869140625,40.10749816894531,71.45979309082031,229.274169921875,98.03411865234375,98.52850341796875
2025-05-06,179.96438598632812,129.4727783203125,296.184814453125,213.80313110351562,90.7699966430664,271.7695617675781,185.9600067138672,39.53346633911133,886.919189453125,26.195188522338867,512.3300170898438,67.58631896972656,316.86651611328125,88.25074768066406,83.54564666748047,270.16131591796875,63.5,127.47038269042969,51.22370910644531,467.93841552734375,188.35853576660156,90.46862030029297,116.69237518310547,293.9668273925781,9.701201438903809,37.39336013793945,207.2433624267578,44.81217575073242,533.2367553710938,345.36529541015625,239.5828094482422,148.69017028808594,243.3985595703125,68.84161376953125,438.2665100097656,767.0017700195312,450.010986328125,217.36474609375,554.7774658203125,305.37078857421875,134.23765563964844,54.797122955322266,75.28047180175781,114.90867614746094,63.66960525512695,53.67194747924805,54.571170806884766,193.052001953125,62.43449020385742,52.84504699707031,145.72589111328125,20.62441062927246,153.64999389648438,99.4740219116211,166.74046325683594,125.09412384033203,61.48600387573242,347.6911926269531,32.24672317504883,86.87874603271484,468.8729248046875,26.625864028930664,88.0333480834961,126.09978485107422,404.8113708496094,169.32049560546875,68.37047576904297,379.1767883300781,206.25384521484375,84.9977798461914,343.7645263671875,40.66941452026367,71.10177612304688,228.57107543945312,97.26428985595703,99.90238952636719
2025-05-07,180.86831665039062,130.3387908935547,298.41741943359375,209.67630004882812,86.44999694824219,272.628173828125,185.55999755859375,39.62059020996094,892.1439208984375,25.946151733398438,518.219970703125,68.34516906738281,316.2740173339844,88.13436889648438,83.62191772460938,274.9743347167969,64.02732849121094,127.64897155761719,51.66400146484375,465.0833740234375,191.37147521972656,100.20549774169922,116.3696517944336,298.00006103515625,9.552525520324707,36.505859375,208.55477905273438,44.82204055786133,535.7215576171875,348.6038513183594,243.6701202392578,151.41427612304688,243.5352783203125,69.49430847167969,440.82525634765625,768.5850219726562,453.0001220703125,217.8520965576172,562.062255859375,306.6625061035156,134.8406524658203,55.18671798706055,75.35667419433594,115.65641784667969,64.45423889160156,53.062599182128906,56.08278274536133,196.6580047607422,63.62120819091797,52.79852294921875,147.37356567382812,20.543285369873047,153.68858337402344,99.98805236816406,167.96649169921875,124.44990539550781,61.438777923583984,346.7640686035156,32.169891357421875,87.72639465332031,472.5169372558594,26.56913185119629,89.76297760009766,126.28627014160156,405.63690185546875,171.5416717529297,68.59516143798828,375.86090087890625,206.88267517089844,85.1336898803711,345.89019775390625,40.429908752441406,70.81147766113281,229.97723388671875,97.54064178466797,99.8069839477539
2025-05-08,178.4546661376953,130.38743591308594,301.1374816894531,208.13827514648438,87.2699966430664,279.9512023925781,191.6999969482422,40.26914978027344,900.170166015625,26.370437622070312,513.25,69.69747924804688,320.1843566894531,88.08587646484375,84.6801986694336,276.4666442871094,65.05322265625,128.8240203857422,51.52348327636719,482.4009094238281,193.08609008789062,103.1795654296875,113.90177917480469,302.7727355957031,9.552525520324707,36.95947265625,213.09506225585938,46.67524337768555,549.09716796875,350.63153076171875,244.41062927246094,149.8356475830078,247.5194854736328,68.31367492675781,444.32513427734375,743.5796508789062,456.0853576660156,218.79754638671875,562.8463134765625,302.189697265625,137.252685546875,54.72464370727539,73.95660400390625,118.35604858398438,65.37283325195312,51.922523498535156,56.3602294921875,194.8979949951172,61.07823944091797,52.34255599975586,148.2911376953125,20.705535888671875,153.07110595703125,100.41638946533203,164.74815368652344,125.59191131591797,61.46711730957031,348.72686767578125,32.957332611083984,86.0120620727539,474.292236328125,25.973451614379883,91.11662292480469,125.736572265625,408.5509948730469,172.2100067138672,66.9581298828125,370.56500244140625,209.77525329589844,87.84281921386719,347.2940979003906,40.1719856262207,70.9372787475586,227.6531524658203,96.15890502929688,101.19994354248047
2025-05-09,177.5123291015625,129.64793395996094,300.1820373535156,210.13482666015625,86.5199966430664,280.7900695800781,194.85000610351562,40.45307922363281,895.1295776367188,27.458829879760742,513.739990234375,69.51262664794922,321.5372009277344,87.09669494628906,84.46089935302734,272.1972351074219,64.2094955444336,130.18710327148438,51.60779571533203,484.97052001953125,188.0413818359375,103.98443603515625,114.21501159667969,305.56341552734375,9.691910743713379,37.334190368652344,213.56199645996094,46.8231086730957,550.4560546875,348.5654296875,241.2545623779297,148.4495086669922,247.13865661621094,67.68975830078125,443.7663269042969,726.87646484375,455.11456298828125,216.6337127685547,564.3547973632812,302.3729248046875,138.692138671875,53.84578323364258,72.35651397705078,118.18124389648438,67.27698516845703,53.052772521972656,55.776634216308594,196.01199340820312,61.944732666015625,52.751983642578125,148.33059692382812,20.46670150756836,152.1159210205078,101.76811981201172,162.5451202392578,125.59191131591797,62.47771072387695,347.040283203125,33.17820739746094,86.05015563964844,474.40435791015625,26.32329559326172,90.61842346191406,125.74639892578125,400.9425048828125,173.4876708984375,66.87252807617188,365.8459167480469,209.27218627929688,86.88240051269531,348.5497131347656,40.1719856262207,70.48971557617188,227.28208923339844,95.68896484375,102.38302612304688
2025-05-12,182.7722930908203,128.431640625,314.016357421875,198.62359619140625,92.31999969482422,295.01165771484375,198.52999877929688,41.97284698486328,928.6591186523438,27.846227645874023,514.2999877929688,72.87881469726562,338.2548828125,86.44693756103516,87.9693832397461,285.4404296875,62.13853073120117,133.12942504882812,51.38296890258789,487.9437255859375,199.04258728027344,108.450439453125,109.96267700195312,317.61358642578125,9.946464538574219,38.56683349609375,217.5260467529297,48.90304183959961,573.9847412109375,361.90411376953125,245.60142517089844,148.37249755859375,253.94500732421875,66.73948669433594,445.49176025390625,747.6566162109375,454.7685852050781,226.88742065429688,573.9122314453125,300.6763610839844,146.21029663085938,51.598812103271484,76.6043701171875,123.38626861572266,66.68372344970703,49.907737731933594,59.87138748168945,203.1199951171875,63.80015563964844,52.05408477783203,155.11865234375,21.21077537536621,155.24197387695312,105.02361297607422,157.8804473876953,127.43669128417969,62.6949348449707,352.2577819824219,34.42658996582031,83.60245513916016,484.33660888671875,25.538516998291016,95.01773834228516,129.07412719726562,430.2426452636719,183.76797485351562,65.73837280273438,364.0293273925781,223.34814453125,91.7026596069336,351.822265625,39.61007308959961,72.85396575927734,220.270751953125,95.71864318847656,104.1480941772461
2025-05-13,180.78176879882812,125.5708999633789,314.4453125,194.84063720703125,97.25,298.3474426269531,203.4199981689453,42.8634147644043,929.7738037109375,28.1875,511.8800048828125,73.52091979980469,348.1196594238281,85.2249984741211,89.78083038330078,285.78631591796875,58.00619125366211,133.815673828125,50.40871047973633,490.84808349609375,194.86016845703125,109.32401275634766,107.32395935058594,326.1532287597656,9.993603706359863,38.92183303833008,220.1389617919922,49.74092483520508,586.0887451171875,359.03070068359375,250.34518432617188,142.8857879638672,256.8355712890625,66.19237518310547,441.8153991699219,738.24609375,441.9566955566406,224.92831420898438,572.2449340820312,297.562744140625,146.60906982421875,51.163917541503906,72.98511505126953,125.61006164550781,68.99932861328125,49.209930419921875,59.689605712890625,207.343994140625,61.59626007080078,51.23521423339844,160.10113525390625,21.008682250976562,153.1482696533203,104.42390441894531,156.9130401611328,127.59286499023438,63.856658935546875,351.1630554199219,34.676265716552734,81.49763488769531,481.7297668457031,25.009023666381836,93.14707946777344,128.4164276123047,426.6224365234375,190.65756225585938,65.02149200439453,299.2778015136719,220.8135223388672,90.43415069580078,352.6937561035156,39.28767013549805,73.93394470214844,217.1557159423828,94.85792541503906,104.43431091308594
2025-05-14,170.62722778320312,125.09410095214844,312.3784484863281,195.35650634765625,98.22000122070312,296.1762390136719,204.72000122070312,43.3087043762207,937.4122314453125,28.003028869628906,503.3999938964844,73.2485122680664,345.2757568359375,84.92437744140625,88.25540924072266,287.3379211425781,57.565147399902344,133.17642211914062,50.586692810058594,489.7946472167969,186.1483917236328,110.85521697998047,106.74494934082031,324.5162658691406,10.040742874145508,38.51753234863281,221.7881622314453,49.59306335449219,593.6500244140625,358.27154541015625,249.59974670410156,140.8836212158203,259.40380859375,66.38433837890625,437.207763671875,708.0655517578125,431.7206726074219,222.72552490234375,568.9598999023438,296.4156799316406,143.8274688720703,51.037071228027344,69.97542572021484,127.2511978149414,69.07587432861328,47.824153900146484,59.05817794799805,205.36399841308594,60.66383743286133,50.7513313293457,160.7720489501953,20.227861404418945,152.46324157714844,102.42491912841797,157.1141815185547,127.66119384765625,63.36552047729492,346.5569763183594,34.58023452758789,80.8690414428711,478.3380126953125,24.999568939208984,90.57049560546875,128.83853149414062,403.8466491699219,191.41433715820312,64.83960723876953,296.03875732421875,220.9005584716797,90.28919982910156,353.0106201171875,39.01131057739258,74.21609497070312,217.24359130859375,95.79779815673828,103.4992904663086
2025-05-15,174.7044219970703,129.7549591064453,315.1082458496094,202.2154541015625,96.06999969482422,295.6333923339844,206.24000549316406,42.9602165222168,952.9411010742188,27.772438049316406,507.3299865722656,73.90035247802734,345.4238586425781,86.92212677001953,88.62722778320312,287.3576965332031,57.97742462158203,133.73104858398438,51.56095886230469,508.3232116699219,189.25051879882812,110.14851379394531,110.04810333251953,322.27783203125,10.135022163391113,37.93572235107422,227.88821411132812,49.40576934814453,597.8238525390625,363.8645324707031,258.17724609375,144.0120086669922,261.2103576660156,68.73601531982422,445.2956848144531,725.60986328125,447.0603332519531,226.5657958984375,577.8126220703125,303.1440734863281,144.6638641357422,52.60451126098633,71.2421646118164,128.67869567871094,71.3340835571289,48.983882904052734,59.69917678833008,207.03599548339844,62.30263137817383,51.551605224609375,157.26950073242188,20.76065444946289,156.69888305664062,103.97651672363281,162.0087432861328,132.27806091308594,63.64887619018555,356.4989013671875,34.30175018310547,83.22149658203125,485.1962585449219,25.841081619262695,92.29138946533203,131.01986694335938,402.73272705078125,190.88360595703125,66.1663589477539,263.6869812011719,223.3288116455078,90.9234390258789,358.79412841796875,40.05223083496094,73.54475402832031,222.66319274902344,95.32291412353516,104.54883575439453
2025-05-16,176.95457458496094,131.16587829589844,309.7266540527344,203.8394775390625,96.41999816894531,295.8011779785156,205.82000732421875,43.260292053222656,959.3678588867188,27.894285202026367,514.3099975585938,73.66685485839844,349.1465759277344,88.47379302978516,88.12193298339844,287.74310302734375,59.952510833740234,133.58067321777344,52.24481964111328,523.248291015625,194.36460876464844,111.32636260986328,111.35552978515625,324.4965515136719,10.182162284851074,37.491973876953125,230.27259826660156,49.65220642089844,600.8621215820312,365.9306945800781,258.25469970703125,145.6676483154297,261.2786865234375,69.11036682128906,448.7759094238281,750.99365234375,450.1167297363281,228.3007354736328,578.884521484375,307.12518310546875,148.9141082763672,53.35652160644531,72.44223022460938,128.35821533203125,71.76465606689453,49.239418029785156,60.378448486328125,208.03599548339844,60.62616729736328,52.33323669433594,158.34494018554688,20.97193717956543,157.5382843017578,105.2330322265625,163.25392150878906,132.23898315429688,63.59732437133789,359.3160400390625,34.349769592285156,84.48819732666016,488.16754150390625,26.2098331451416,93.72705078125,131.31532287597656,409.8240661621094,190.88360595703125,66.63034057617188,280.5644836425781,223.88023376464844,91.80232238769531,361.5868225097656,40.52202606201172,74.1187973022461,224.46974182128906,97.19276428222656,104.17332458496094
2025-05-19,178.5797119140625,131.89566040039062,311.384033203125,205.51123046875,96.69999694824219,295.38671875,205.25,43.33774185180664,963.1967163085938,27.556856155395508,512.3900146484375,74.06572723388672,348.14923095703125,88.96839141845703,86.92967224121094,284.26434326171875,60.192203521728516,131.7728271484375,52.64763259887695,521.6238403320312,194.66192626953125,110.58039093017578,112.05472564697266,324.7135009765625,10.135022163391113,38.26113510131836,233.759765625,49.31705093383789,594.3294677734375,364.5852966308594,259.85211181640625,146.78427124023438,258.6616516113281,69.04317474365234,451.28558349609375,748.73291015625,454.6724548339844,228.4956512451172,581.9909057617188,309.6507568359375,149.91587829589844,53.882022857666016,73.55657958984375,127.05697631835938,70.6738510131836,50.05515670776367,59.393028259277344,205.14999389648438,63.12203598022461,52.34255599975586,157.5063018798828,21.128101348876953,158.9759063720703,105.32823181152344,165.8688201904297,133.91786193847656,63.64505386352539,357.82342529296875,33.715972900390625,85.93843841552734,489.8680725097656,26.49349021911621,93.16609191894531,132.9796600341797,411.6739501953125,190.17596435546875,67.38566589355469,303.61248779296875,222.02276611328125,91.27737426757812,364.3399353027344,40.81679916381836,74.00204467773438,226.50088500976562,97.07404327392578,102.51717376708984
2025-05-20,177.7527313232422,131.5550994873047,312.1542053222656,205.76914978027344,95.66999816894531,292.297607421875,207.6699981689453,43.260292053222656,967.1226196289062,27.369394302368164,508.739990234375,73.84197235107422,345.1078796386719,89.21083068847656,86.23738861083984,284.6893005371094,61.11263656616211,130.61199951171875,54.333858489990234,518.1781005859375,196.00982666015625,110.28591918945312,112.3612289428711,323.68792724609375,10.106739044189453,37.86669921875,233.72996520996094,49.49448776245117,588.7191772460938,362.3461608886719,258.43865966796875,147.91049194335938,259.44281005859375,68.81280517578125,450.81500244140625,740.7013549804688,457.3251953125,225.3961639404297,576.7308959960938,308.2723083496094,149.92559814453125,54.2716178894043,74.2613754272461,125.39642333984375,71.20012664794922,51.40162658691406,59.852256774902344,204.3679962158203,64.2333984375,52.2960205078125,158.16734313964844,21.60578155517578,159.8153076171875,103.50057220458984,166.77877807617188,133.8983154296875,63.59732437133789,354.9568786621094,33.197410583496094,87.23500061035156,488.61602783203125,26.26656723022461,93.2896957397461,132.88116455078125,411.5048522949219,190.12681579589844,68.29204559326172,309.081298828125,220.89088439941406,89.84065246582031,363.2901916503906,40.73389434814453,73.47665405273438,228.3953094482422,96.75746154785156,101.05359649658203
2025-05-21,174.81980895996094,129.4630584716797,309.7558898925781,204.173828125,92.43000030517578,282.2605895996094,203.2100067138672,41.866363525390625,943.0053100585938,27.069456100463867,507.0299987792969,71.42921447753906,338.21539306640625,88.90050506591797,83.79515838623047,278.9769592285156,59.54982376098633,128.9849395751953,52.9567756652832,506.6888122558594,185.14736938476562,108.4209976196289,111.5279312133789,317.8502197265625,9.880468368530273,37.48210525512695,232.02114868164062,48.66645431518555,576.04248046875,356.3783874511719,252.552490234375,147.4484405517578,254.9117889404297,68.96639251708984,446.5505065917969,718.82763671875,452.0005187988281,221.61439514160156,565.248046875,305.03338623046875,145.3057861328125,53.8639030456543,73.31846618652344,121.67715454101562,68.45391845703125,51.73578643798828,57.38391876220703,202.95199584960938,64.2333984375,51.412017822265625,155.0791473388672,21.164846420288086,159.6126708984375,99.63583374023438,167.27684020996094,131.7216796875,63.349117279052734,349.8564758300781,32.52519989013672,86.11132049560547,476.77764892578125,25.973451614379883,88.43125915527344,129.0404052734375,396.11883544921875,188.46585083007812,68.4754867553711,291.2042541503906,216.33433532714844,88.2750015258789,354.83282470703125,40.30094909667969,71.20970153808594,228.61013793945312,95.40205383300781,99.81148529052734
2025-05-22,175.53138732910156,127.9548568725586,308.5177307128906,200.86851501464844,92.55999755859375,283.42510986328125,203.41000366210938,41.9244499206543,940.1651611328125,27.125694274902344,503.57000732421875,71.42921447753906,340.86181640625,88.15377044677734,82.81441497802734,280.1036071777344,57.737728118896484,128.72802734375,52.14176559448242,507.6635437011719,185.8114013671875,109.07862091064453,110.69462585449219,316.6077575683594,9.842756271362305,37.176414489746094,228.7724151611328,48.57774353027344,580.6724243164062,351.8519592285156,250.1322021484375,146.89974975585938,254.5504913330078,68.28488159179688,449.98175048828125,709.1600341796875,452.1639404296875,218.08602905273438,565.843505859375,302.98016357421875,145.67535400390625,53.72800064086914,74.13755798339844,122.6093978881836,64.05236053466797,51.7456169128418,58.66592025756836,203.1540069580078,64.20514678955078,51.34687423706055,155.20742797851562,21.164846420288086,159.22674560546875,100.03563690185547,167.8419647216797,130.86273193359375,62.95771789550781,348.86798095703125,32.40996551513672,85.32376098632812,477.75872802734375,25.746530532836914,90.38032531738281,127.61241149902344,398.306884765625,192.81976318359375,68.31363677978516,285.1394958496094,215.6087646484375,89.30648803710938,354.5060729980469,39.72982406616211,71.40428161621094,227.83868408203125,94.90737915039062,99.14710998535156
2025-05-23,176.22377014160156,127.76026153564453,301.8199157714844,202.38743591308594,91.19999694824219,281.49078369140625,202.36000061035156,41.81796646118164,933.6511840820312,27.26629066467285,503.4599914550781,71.108154296875,339.08441162109375,89.7927017211914,81.91061401367188,269.93402099609375,58.32258605957031,129.91737365722656,52.7319450378418,502.1600646972656,182.89755249023438,107.69466400146484,111.57582092285156,316.597900390625,9.767333030700684,38.478084564208984,231.2760467529297,47.996150970458984,580.9733276367188,348.5654296875,250.38392639160156,147.2174072265625,254.58953857421875,68.88959503173828,449.8836975097656,707.6826171875,450.65496826171875,215.47386169433594,559.3330078125,303.2308654785156,144.27774047851562,54.12665557861328,73.88993072509766,122.42488861083984,64.83698272705078,52.72843551635742,57.42219161987305,200.87399291992188,63.43284225463867,51.67255783081055,153.88536071777344,21.422054290771484,160.02755737304688,99.03614044189453,170.6771697998047,129.84243774414062,63.29185104370117,348.44293212890625,32.323543548583984,86.09210205078125,476.5440979003906,25.926177978515625,89.64824676513672,123.79132843017578,391.52386474609375,188.6820831298828,68.82078552246094,284.0822448730469,214.87353515625,87.83293914794922,350.1189270019531,39.904842376708984,70.85945129394531,231.24668884277344,95.3130111694336,99.20487976074219
2025-05-27,178.58932495117188,129.3560333251953,307.5232849121094,204.14515686035156,92.48999786376953,289.91912841796875,201.02999877929688,42.805335998535156,951.235107421875,27.322528839111328,509.1600036621094,73.42362976074219,347.1025695800781,89.63754272460938,82.25675201416016,273.9465026855469,58.811561584472656,131.14483642578125,53.14413070678711,501.7367248535156,187.4962921142578,110.28591918945312,111.47045135498047,323.5992126464844,9.720194816589355,39.08946990966797,240.2075653076172,48.39044952392578,597.6588134765625,355.9554748535156,254.83726501464844,148.7804412841797,259.06201171875,68.89918518066406,458.7558898925781,719.0953369140625,458.3151550292969,220.0938720703125,570.2202758789062,303.5971374511719,146.10540771484375,54.0179328918457,73.89944458007812,125.47411346435547,65.10491180419922,52.047115325927734,60.11056900024414,205.47799682617188,66.34313201904297,52.25880432128906,159.7459716796875,21.68845558166504,161.86073303222656,101.49205780029297,171.67330932617188,131.6475830078125,63.664154052734375,355.17437744140625,32.582820892333984,86.36101531982422,482.7856140136719,25.897811889648438,92.21531677246094,126.01700592041016,401.3602294921875,194.28416442871094,68.77761840820312,283.5343933105469,217.0405731201172,89.84065246582031,355.8232116699219,40.070655822753906,71.98805236816406,232.43801879882812,96.53980255126953,99.67668914794922
2025-05-28,176.06028747558594,128.46083068847656,308.0692443847656,202.96058654785156,92.79000091552734,289.52435302734375,201.5,42.650455474853516,941.5029296875,27.125694274902344,503.1099853515625,72.99555969238281,345.1078796386719,88.98778533935547,81.3240966796875,272.8000183105469,59.87581253051758,129.42262268066406,52.34786605834961,500.1221008300781,187.32777404785156,109.46143341064453,109.62187957763672,321.143798828125,9.588202476501465,38.34988784790039,242.0852813720703,47.44412612915039,590.582763671875,353.706787109375,251.9425811767578,147.984375,257.30426025390625,68.29447937011719,453.42279052734375,713.3146362304688,451.7122497558594,218.83653259277344,571.5799560546875,301.56317138671875,145.29420471191406,53.891082763671875,72.54698181152344,123.82325744628906,64.31070709228516,52.18534851074219,59.10600662231445,204.25999450683594,64.61013793945312,51.9703369140625,161.6600341796875,21.2934513092041,161.4748077392578,102.72952270507812,171.25186157226562,130.3329620361328,63.04363250732422,350.6373596191406,32.24672317504883,84.72830200195312,478.79779052734375,26.001819610595703,91.21701049804688,124.30343627929688,399.9479675292969,192.7706298828125,68.30284881591797,286.5235290527344,214.9412384033203,89.09465789794922,356.2490539550781,39.72982406616211,71.73509216308594,231.5786895751953,96.20342254638672,98.31903839111328
2025-05-29,178.49314880371094,129.26846313476562,309.765625,204.15472412109375,86.37000274658203,291.5179138183594,208.17999267578125,42.82469940185547,946.3883666992188,27.34127426147461,506.17999267578125,73.48199462890625,347.3790283203125,89.51148223876953,82.30482482910156,263.7967224121094,60.192203521728516,131.22096252441406,53.11394500732422,495.6524658203125,188.77481079101562,109.95219421386719,110.57969665527344,320.2957763671875,9.635342597961426,38.487945556640625,242.57208251953125,47.8975715637207,587.1078491210938,353.9278259277344,250.4420166015625,149.100830078125,258.1636047363281,68.6208267211914,454.9619140625,716.4677734375,455.2779846191406,219.23614501953125,573.4259643554688,300.61846923828125,146.2422332763672,53.891082763671875,72.76605224609375,124.4544677734375,66.01392364501953,51.85950469970703,58.78072738647461,203.04600524902344,65.42012786865234,52.44490432739258,160.72271728515625,21.54147720336914,162.63262939453125,103.97651672363281,170.37066650390625,132.24603271484375,63.425498962402344,351.6455383300781,32.342750549316406,85.2373275756836,481.2503662109375,25.888355255126953,90.19969177246094,125.14053344726562,401.55914306640625,193.7632598876953,68.59417724609375,286.58123779296875,215.260498046875,90.3471908569336,358.8931579589844,39.9140625,72.49398040771484,232.17437744140625,96.0649185180664,98.87750244140625
2025-05-30,178.96435546875,129.97877502441406,308.8784484863281,205.0526885986328,86.63999938964844,290.2052917480469,207.32000732421875,42.71821594238281,949.848876953125,27.275663375854492,503.9599914550781,73.27770233154297,343.6662292480469,90.13213348388672,82.06444549560547,262.2647705078125,61.400272369384766,130.06964111328125,53.730224609375,498.4189758300781,188.2098846435547,110.95337677001953,112.75393676757812,315.7498779296875,9.786190032958984,37.945587158203125,244.31069946289062,48.90304183959961,585.7323608398438,353.9278259277344,250.80020141601562,150.68328857421875,257.80230712890625,69.20635223388672,458.39312744140625,731.4402465820312,463.6302490234375,220.01589965820312,581.1868896484375,302.5367736816406,144.99122619628906,54.9149055480957,73.18512725830078,124.3282241821289,67.5927505493164,52.05698776245117,57.9675178527832,202.21800231933594,67.34147644042969,52.68684768676758,163.3175811767578,21.57822036743164,163.91583251953125,103.3768310546875,172.97596740722656,133.89419555664062,63.21547317504883,354.67022705078125,31.737760543823242,86.43785858154297,480.089599609375,26.28547477722168,89.38203430175781,124.97310638427734,400.6341857910156,189.9990692138672,68.8855209350586,290.17584228515625,215.73744201660156,89.83143615722656,361.65618896484375,40.494388580322266,72.75667572021484,235.3089599609375,97.66764831542969,98.50199127197266
2025-06-02,179.81056213378906,129.96905517578125,306.5873718261719,204.53683471679688,89.77999877929688,291.4685974121094,211.47000122070312,42.66981887817383,948.084716796875,27.725570678710938,502.80999755859375,73.74468231201172,340.34832763671875,89.15264892578125,83.38170623779297,258.5587158203125,60.9784049987793,131.1543426513672,53.82503890991211,499.9744567871094,187.54583740234375,110.86503601074219,112.28460693359375,314.428466796875,9.409072875976562,39.59239196777344,245.87049865722656,47.010398864746094,584.0448608398438,353.6106262207031,255.48590087890625,150.8677520751953,258.44677734375,69.11036682128906,455.4422912597656,740.8104248046875,463.37860107421875,219.81121826171875,576.8400268554688,303.118408203125,143.08535766601562,54.93302536010742,72.62317657470703,124.68751525878906,67.6670150756836,54.88102340698242,59.29655838012695,202.4219970703125,68.5941162109375,52.90095520019531,164.34368896484375,21.550661087036133,161.8800506591797,103.51960754394531,175.04490661621094,134.8556365966797,64.38966369628906,351.339111328125,32.016239166259766,86.3802261352539,480.7729797363281,26.40839195251465,88.72599792480469,126.47986602783203,394.318603515625,191.49295043945312,68.42154693603516,292.8765869140625,213.04144287109375,89.6656723022461,361.7849426269531,40.623348236083984,72.69830322265625,236.4124298095703,98.70645141601562,99.22413635253906
2025-06-03,180.06056213378906,130.10525512695312,305.05670166015625,203.84902954101562,94.5,293.5016784667969,213.42999267578125,43.221580505371094,952.020263671875,27.706823348999023,497.8299865722656,74.45488739013672,345.01898193359375,87.8822250366211,84.52590942382812,261.3753662109375,60.96882247924805,132.78138732910156,53.74918746948242,505.2022705078125,190.35064697265625,111.5030288696289,111.80569458007812,321.31146240234375,9.60705852508545,39.6811408996582,247.25146484375,48.36087417602539,589.0296020507812,358.53094482421875,256.7444152832031,149.91632080078125,260.0189514160156,68.30408477783203,462.5498962402344,744.4395141601562,464.6850280761719,223.00819396972656,577.5843505859375,302.8373107910156,144.7761993408203,54.69746017456055,73.47084045410156,124.95941925048828,68.4386978149414,54.644039154052734,60.06702423095703,202.17599487304688,66.78579711914062,52.36802673339844,166.87933349609375,21.449617385864258,160.98275756835938,103.77661895751953,174.680908203125,134.89488220214844,64.75242614746094,353.6323547363281,32.755672454833984,86.04408264160156,479.5654296875,26.43675994873047,91.06489562988281,126.1745834350586,397.7598876953125,194.21536254882812,67.66620635986328,289.51263427734375,215.85421752929688,90.32877349853516,362.3197021484375,40.37464141845703,73.60314178466797,234.54727172851562,98.91421508789062,99.94630432128906
2025-06-04,180.14710998535156,129.37548828125,308.4689636230469,204.77565002441406,94.94000244140625,292.0607604980469,211.97999572753906,42.940860748291016,958.6505126953125,27.106948852539062,491.0,74.32840728759766,344.94989013671875,87.47489929199219,82.64134979248047,260.0905456542969,60.949642181396484,130.70713806152344,53.17083740234375,499.9154052734375,191.361572265625,111.39505767822266,111.08733367919922,322.5341796875,9.654197692871094,40.29253005981445,249.24839782714844,46.99068069458008,584.5228881835938,357.87750244140625,257.0542297363281,148.75132751464844,258.01715087890625,68.50564575195312,465.94287109375,759.372314453125,466.6592102050781,222.6085662841797,579.7280883789062,302.0423583984375,143.48609924316406,53.737056732177734,74.54710388183594,124.4544677734375,67.40657806396484,54.58478927612305,60.45225143432617,202.54800415039062,67.85006713867188,52.283870697021484,165.85324096679688,21.486358642578125,160.11441040039062,103.21499633789062,173.04302978515625,135.92498779296875,64.21782684326172,358.0409240722656,32.18916702270508,84.7955322265625,481.1005859375,25.869447708129883,89.31548309326172,126.12535095214844,401.4696350097656,198.923095703125,68.0654525756836,288.705322265625,214.96852111816406,90.76162719726562,364.4389953613281,39.83115768432617,73.34043884277344,233.27783203125,98.29093170166016,98.50199127197266
2025-06-05,180.27212524414062,130.32908630371094,307.47454833984375,206.552490234375,95.18000030517578,292.09033203125,209.02000427246094,42.9602165222168,960.3071899414062,27.228796005249023,488.739990234375,74.5910873413086,344.58453369140625,87.42642974853516,82.06444549560547,264.0141296386719,60.47984313964844,130.2599334716797,53.09498596191406,502.83941650390625,190.43984985351562,110.45278930664062,110.85746002197266,321.9425964355469,9.522209167480469,41.111000061035156,250.28160095214844,46.576663970947266,591.0293579101562,357.0845642089844,258.35150146484375,149.17848205566406,255.8004150390625,68.06411743164062,462.49090576171875,759.2136840820312,462.61407470703125,221.82882690429688,581.0282592773438,299.53155517578125,142.94854736328125,53.80954360961914,73.92803192138672,126.84335327148438,68.96923828125,53.82447814941406,60.3559455871582,203.52000427246094,68.42459106445312,52.19972229003906,168.8525848388672,21.23833465576172,157.07516479492188,102.63433074951172,174.28823852539062,136.43511962890625,64.46603393554688,353.7509765625,32.03422927856445,84.88196563720703,482.8043212890625,26.247655868530273,88.9161376953125,125.43597412109375,396.1983642578125,199.84695434570312,68.05465698242188,284.3417053222656,214.75439453125,89.21440124511719,363.2208557128906,39.88642120361328,72.8734359741211,233.03372192382812,96.9157485961914,98.04944610595703
2025-06-06,182.54150390625,129.97877502441406,309.6876525878906,203.03700256347656,97.25,298.5152282714844,210.8000030517578,43.787872314453125,963.8055419921875,27.453752517700195,493.5299987792969,76.13797760009766,348.9194641113281,87.51370239257812,83.86246490478516,271.29791259765625,60.959228515625,133.40940856933594,52.87691879272461,511.93621826171875,194.27540588378906,111.79749298095703,110.36898040771484,326.843505859375,9.673053741455078,40.9039192199707,253.96751403808594,46.942562103271484,598.9503173828125,355.1990051269531,260.2973937988281,150.50852966308594,259.4916687011719,68.4864501953125,464.9003601074219,763.3782958984375,466.156005859375,219.5675506591797,585.6729736328125,297.9610900878906,142.2057342529297,53.67363357543945,75.21381378173828,128.00863647460938,69.60587310791016,51.701515197753906,60.48114776611328,206.04200744628906,70.2894287109375,52.35866928100586,171.694091796875,21.449617385864258,158.2522735595703,103.55768585205078,174.0679168701172,136.4645538330078,64.93379974365234,353.3556213378906,32.799251556396484,84.76673126220703,486.17425537109375,26.550220489501953,92.5290756225586,126.49955749511719,399.7191467285156,201.65533447265625,68.00072479248047,291.43487548828125,217.4601287841797,90.4853286743164,366.63751220703125,40.347007751464844,74.2647476196289,231.5785369873047,96.43096923828125,100.39884948730469
2025-06-09,181.89723205566406,129.80360412597656,308.6834716796875,203.31405639648438,96.80000305175781,297.61712646484375,217.50999450683594,43.69049835205078,963.6008911132812,27.61309242248535,493.3299865722656,76.0504150390625,353.580322265625,88.12467193603516,84.6509017944336,269.0643005371094,61.227691650390625,133.93270874023438,52.782100677490234,513.60009765625,197.42709350585938,113.52501678466797,110.5988540649414,321.2818908691406,9.748478889465332,41.75197982788086,249.7749481201172,47.39744567871094,598.4821166992188,353.1393127441406,263.4050598144531,150.7026824951172,260.47796630859375,68.88959503173828,464.369384765625,767.1758422851562,465.3237609863281,217.94956970214844,579.9266357421875,295.46002197265625,140.96450805664062,53.51961135864258,75.55669403076172,128.1348876953125,69.3550796508789,52.609947204589844,59.6240119934082,205.3719940185547,71.07115173339844,53.116004943847656,174.78225708007812,22.019153594970703,156.84361267089844,103.69094848632812,173.01429748535156,138.30894470214844,65.16291809082031,353.8201904296875,33.04134750366211,84.99722290039062,482.0928649902344,26.342206954956055,92.55760192871094,124.43145751953125,406.313232421875,203.44407653808594,67.70938110351562,291.40606689453125,218.1511688232422,91.46155548095703,363.1119689941406,40.208831787109375,74.39122009277344,229.28561401367188,96.41117858886719,101.0728530883789
2025-06-10,182.2241668701172,130.51394653320312,312.87567138671875,205.0144805908203,93.69999694824219,295.6037902832031,215.72999572753906,43.90471649169922,966.5828247070312,28.334819793701172,491.1300048828125,75.91421508789062,354.0740051269531,89.162353515625,87.67002868652344,265.0814514160156,61.611202239990234,136.3970947265625,52.725215911865234,507.83087158203125,200.81666564941406,116.53834533691406,111.42257690429688,319.7336730957031,9.993603706359863,41.60405731201172,240.42613220214844,48.38633728027344,599.7989501953125,355.75982666015625,267.4324035644531,151.8871307373047,262.2942810058594,69.4463119506836,467.7032775878906,800.3731079101562,461.5205078125,219.1971435546875,585.0972900390625,291.2430114746094,141.7757110595703,53.057533264160156,77.48060607910156,128.00863647460938,70.23287200927734,51.89900207519531,61.511634826660156,201.95799255371094,74.71607208251953,53.62089157104492,175.10784912109375,22.322296142578125,157.11375427246094,104.22401428222656,171.48175048828125,135.89553833007812,66.8717041015625,356.568115234375,34.3970947265625,85.76556396484375,481.0818786621094,26.8716983795166,95.80924224853516,124.12616729736328,412.2905578613281,208.81027221679688,68.1194076538086,291.98272705078125,220.54544067382812,94.36261749267578,367.1128845214844,40.6509895324707,73.4085464477539,229.28561401367188,96.2825698852539,103.23933410644531
2025-06-11,184.1473846435547,131.63294982910156,311.2182922363281,204.77565002441406,94.20999908447266,295.18927001953125,214.0,43.55418014526367,967.9470825195312,28.87845802307129,488.1400146484375,76.25472259521484,358.58673095703125,89.32720947265625,89.7564926147461,262.79852294921875,63.011024475097656,137.7577362060547,52.68729019165039,512.773193359375,202.89796447753906,117.31375122070312,111.44172668457031,321.1832580566406,10.0501708984375,40.44044876098633,243.92324829101562,49.315895080566406,608.8710327148438,348.5558776855469,272.5440979003906,150.73182678222656,261.8548583984375,69.17755889892578,460.79931640625,801.7811279296875,441.8751220703125,215.99046325683594,586.288330078125,292.4935302734375,143.8477020263672,54.28068542480469,76.49960327148438,127.99891662597656,70.41614532470703,52.63956832885742,60.77969741821289,200.86599731445312,74.15097045898438,54.00422668457031,174.02256774902344,22.487648010253906,156.40943908691406,103.28163146972656,175.63876342773438,139.12319946289062,67.79767608642578,353.0096435546875,34.56171798706055,86.00566864013672,481.1380615234375,26.796056747436523,93.28018951416016,122.63909149169922,412.8972473144531,210.42210388183594,67.91439056396484,298.4895935058594,219.68894958496094,93.16535186767578,369.6976013183594,40.29173278808594,72.90262603759766,229.57955932617188,94.77877807617188,105.25172424316406
2025-06-12,185.03207397460938,132.77139282226562,310.1556091308594,207.96633911132812,95.7699966430664,294.09381103515625,203.75,43.44707489013672,963.0259399414062,28.981563568115234,490.3399963378906,76.10879516601562,356.4340515136719,90.32608795166016,91.04491424560547,263.7867736816406,63.61505126953125,137.9385223388672,53.00965118408203,508.8547668457031,203.2746124267578,116.4205551147461,112.3324966430664,325.7489318847656,9.927608489990234,40.60808563232422,238.42922973632812,48.712669372558594,609.7880249023438,351.1667175292969,272.0696716308594,152.0909881591797,261.9427490234375,69.34073638916016,462.75640869140625,805.1722412109375,454.1365661621094,217.8423614501953,584.8392944335938,293.8895263671875,141.49227905273438,54.28974151611328,77.92825317382812,128.1057586669922,71.22640991210938,55.21674346923828,60.48114776611328,201.4739990234375,76.3360366821289,54.191226959228516,197.18873596191406,22.81834602355957,157.4417724609375,103.22452545166016,176.33799743652344,138.30894470214844,68.19862365722656,352.09039306640625,34.50361251831055,86.78360748291016,473.5462646484375,26.729869842529297,94.402099609375,122.57015991210938,413.0763244628906,212.50344848632812,68.68051147460938,306.12103271484375,219.465087890625,92.94432830810547,367.8060607910156,39.7574577331543,72.00752258300781,232.38204956054688,93.81912231445312,105.65614318847656
2025-06-13,183.74351501464844,131.96377563476562,303.8965148925781,206.81094360351562,92.3499984741211,284.02716064453125,200.32000732421875,42.931007385253906,947.0153198242188,29.731409072875977,487.5400085449219,74.28949737548828,352.5730895996094,87.5331039428711,93.2275161743164,255.37637329101562,64.6792984008789,138.83290100097656,52.630401611328125,501.6973876953125,198.88400268554688,115.76292419433594,111.93020629882812,319.1617431640625,9.833329200744629,40.37141799926758,235.06126403808594,48.10944366455078,598.5015258789062,342.9474182128906,268.3811950683594,152.51815795898438,258.73004150390625,68.65438079833984,458.2816162109375,812.4403076171875,470.7625427246094,211.77005004882812,557.794677734375,292.6777648925781,139.09774780273438,54.19008255004883,77.82347869873047,125.74601745605469,72.13313293457031,57.171844482421875,58.294960021972656,197.73199462890625,75.1869888305664,53.892024993896484,212.34344482421875,22.542766571044922,154.64378356933594,102.12030029296875,176.55828857421875,142.92970275878906,69.24872589111328,332.0047912597656,35.15243148803711,86.77399444580078,469.4461364746094,26.65422821044922,90.6750717163086,122.02850341796875,400.98968505859375,208.23226928710938,67.623046875,301.3442077636719,217.40171813964844,92.09703826904297,349.4355773925781,39.619285583496094,70.40216064453125,231.74514770507812,93.43328094482422,107.95741271972656
2025-06-16,183.53195190429688,130.3971710205078,306.45086669921875,206.98426818847656,95.08999633789062,290.3730773925781,201.6999969482422,43.24258804321289,957.032958984375,29.20651626586914,490.2300109863281,75.95313262939453,357.8955078125,87.38763427734375,91.34297943115234,260.792236328125,64.91899871826172,138.9470977783203,51.89086151123047,516.3173828125,199.32009887695312,117.27449798583984,110.53180694580078,333.31231689453125,10.012458801269531,41.327945709228516,235.00164794921875,48.72256088256836,612.4608154296875,341.8836975097656,272.8442077636719,150.6929931640625,264.012939453125,68.17103576660156,458.8913269042969,800.7598876953125,451.9978332519531,210.61016845703125,564.384521484375,287.2296447753906,141.78549194335938,54.19929504394531,77.88119506835938,127.115234375,71.16854095458984,57.389076232910156,59.6143798828125,201.0260009765625,72.54042053222656,53.65829086303711,208.27850341796875,22.414159774780273,155.22268676757812,101.68242645263672,175.56214904785156,143.6851043701172,68.1890869140625,331.8861999511719,34.77476119995117,85.41981506347656,472.7318420410156,26.446212768554688,92.57662200927734,122.38304138183594,403.2994689941406,212.75003051757812,67.74174499511719,297.8014831542969,218.6475372314453,93.10089111328125,352.0401306152344,39.14949035644531,71.1707763671875,229.94212341308594,93.28487396240234,108.30403900146484
2025-06-17,178.3585205078125,128.71380615234375,304.20849609375,207.13832092285156,89.68000030517578,288.9815368652344,200.25999450683594,43.067317962646484,944.4427490234375,29.600187301635742,483.4800109863281,75.26238250732422,353.1951904296875,85.95233917236328,91.82373046875,259.6853332519531,64.32454681396484,141.63034057617188,50.98065948486328,515.0177612304688,194.00779724121094,115.94940948486328,109.94752502441406,325.9165954589844,9.823901176452637,40.79544448852539,234.21678161621094,47.74355697631836,609.3295288085938,337.2616271972656,274.02532958984375,147.93582153320312,263.19268798828125,67.30101776123047,453.2854919433594,784.5578002929688,463.88177490234375,206.55548095703125,565.1587524414062,283.3713073730469,138.99021911621094,54.37443161010742,75.30311584472656,126.32865142822266,69.31649017333984,57.78404998779297,57.78453826904297,200.98199462890625,70.01629638671875,53.78917694091797,205.39752197265625,22.04671287536621,152.9456787109375,100.99051666259766,175.7249755859375,145.6668243408203,69.04824829101562,327.21075439453125,34.93939208984375,84.92037963867188,469.052978515625,26.143646240234375,90.34230041503906,121.14218139648438,388.54461669921875,210.99420166015625,67.12669372558594,298.9726867675781,214.69601440429688,91.79310607910156,354.3772888183594,38.55073165893555,70.53836822509766,229.58937072753906,93.24529266357422,109.76760864257812
2025-06-18,178.36814880371094,128.84033203125,298.7001647949219,207.4656524658203,90.23999786376953,292.5443420410156,197.67999267578125,43.875511169433594,954.5187377929688,29.18777084350586,485.1400146484375,76.22553253173828,355.2886047363281,85.525634765625,90.18916320800781,256.87017822265625,64.08484649658203,141.00234985351562,51.3693962097168,516.8489379882812,192.70947265625,115.68439483642578,109.74639129638672,330.2060546875,9.833329200744629,40.60808563232422,234.3558807373047,47.555667877197266,619.669677734375,335.5693664550781,274.1802062988281,146.3339385986328,267.5284729003906,66.9046630859375,451.121826171875,778.4002685546875,453.4881896972656,205.4930877685547,534.6702270507812,280.77325439453125,139.283447265625,54.83530807495117,76.27470397949219,128.68841552734375,69.0367660522461,57.52730941772461,57.312625885009766,196.41600036621094,69.70549011230469,53.83592987060547,208.0515899658203,21.936481475830078,152.46324157714844,100.98090362548828,174.91082763671875,143.1062774658203,68.73322296142578,327.64569091796875,34.71665954589844,85.12207794189453,470.5133056640625,26.153104782104492,90.43738555908203,120.6793212890625,390.8345031738281,210.59963989257812,67.00801086425781,297.3562316894531,216.0780792236328,91.36946105957031,337.0862731933594,38.38492202758789,72.7177505493164,228.53109741210938,94.07633972167969,108.98768615722656
2025-06-20,178.18544006347656,129.40469360351562,278.216796875,209.3912811279297,86.25,294.68597412109375,198.75,44.3039436340332,949.568359375,29.290876388549805,484.8500061035156,76.32282257080078,355.9995422363281,85.1280288696289,91.04491424560547,257.98870849609375,63.82598876953125,142.29637145996094,51.407325744628906,513.3047485351562,194.64212036132812,115.4586410522461,110.53180694580078,326.6265869140625,9.984175682067871,39.66141891479492,237.813232421875,47.66444778442383,625.0933837890625,338.0738830566406,272.0116271972656,145.4213409423828,268.5440368652344,66.54698944091797,448.3287353515625,756.2885131835938,455.38494873046875,207.36447143554688,528.95361328125,278.6696472167969,140.76902770996094,55.07496643066406,76.05345916748047,128.8729248046875,68.9981689453125,57.49768829345703,57.58229064941406,194.28199768066406,69.47944641113281,53.461944580078125,202.42776489257812,22.019153594970703,153.48599243164062,101.5671157836914,175.56214904785156,143.8616943359375,69.11508178710938,329.6522521972656,34.706974029541016,85.76556396484375,471.98297119140625,26.257110595703125,90.83670806884766,121.62474060058594,396.1311340332031,206.66387939453125,66.11241149902344,292.3325500488281,216.564697265625,91.42471313476562,335.29376220703125,38.412559509277344,73.35990905761719,227.27682495117188,95.09537506103516,110.44161224365234
2025-06-23,176.7045440673828,129.66738891601562,287.60540771484375,213.38693237304688,91.94999694824219,295.7123718261719,201.30999755859375,45.082908630371094,961.1256713867188,28.419178009033203,487.7699890136719,77.2081527709961,361.637939453125,85.99113464355469,88.17961883544922,260.7405700683594,64.05608367919922,139.73683166503906,52.98120880126953,506.1178283691406,194.59254455566406,115.57643127441406,112.03556823730469,328.3226318359375,10.135022163391113,40.37141799926758,246.19834899902344,47.98088836669922,631.0244750976562,345.17144775390625,279.9598693847656,146.90672302246094,271.73724365234375,67.4170150756836,452.1545104980469,764.1318359375,457.22369384765625,213.0371551513672,538.2628784179688,280.6666259765625,144.25820922851562,55.7570686340332,77.11163330078125,130.1256103515625,68.22649383544922,58.712223052978516,58.53573226928711,196.0800018310547,65.66500091552734,54.57456588745117,204.27276611328125,22.07427406311035,155.36740112304688,102.95093536376953,177.15216064453125,143.04742431640625,67.6258544921875,339.8037414550781,32.66368103027344,87.08134460449219,481.69970703125,26.663684844970703,91.77796936035156,122.86560821533203,398.4508361816406,207.46287536621094,67.27777099609375,291.0451354980469,219.8446807861328,92.46541595458984,340.42364501953125,39.020530700683594,74.92633819580078,229.9911346435547,96.82670593261719,107.59150695800781
2025-06-24,178.42584228515625,134.35745239257812,293.1820373535156,215.58212280273438,94.97000122070312,304.34796142578125,200.94000244140625,45.433448791503906,979.3191528320312,27.959897994995117,493.4800109863281,78.93988037109375,368.34283447265625,85.51593780517578,85.94892883300781,268.42193603515625,64.79434967041016,136.58740234375,53.07601547241211,506.1374816894531,195.71249389648438,116.95645141601562,112.01640319824219,338.4893493652344,10.116167068481445,41.42655563354492,247.1322479248047,48.45555877685547,645.8810424804688,348.5172119140625,284.4228820800781,147.75135803222656,274.6570739746094,67.87136840820312,455.5081481933594,771.5089111328125,445.3591003417969,214.41143798828125,553.32861328125,282.5570373535156,146.47679138183594,55.22244644165039,77.26554107666016,131.97067260742188,68.8727798461914,57.35945510864258,59.152099609375,199.26400756835938,66.61626434326172,54.20991516113281,212.3927764892578,22.331483840942383,154.72096252441406,103.91192626953125,176.7115478515625,139.16246032714844,66.95761108398438,341.7016296386719,32.440948486328125,87.2926254272461,489.5535888671875,26.739328384399414,92.72875213623047,122.7080307006836,402.5925598144531,217.10012817382812,67.26697540283203,295.8268737792969,221.8204345703125,92.66803741455078,348.2274169921875,39.26923751831055,75.99658203125,229.43260192871094,96.955322265625,104.31773376464844
2025-06-25,178.27197265625,133.69578552246094,287.2154235839844,212.0293731689453,96.30999755859375,304.5552062988281,198.89999389648438,45.61845016479492,992.0946044921875,28.419178009033203,486.2099914550781,80.38948822021484,366.9208679199219,85.14742279052734,85.5739517211914,265.04644775390625,63.63422775268555,136.28292846679688,52.33648681640625,498.8914794921875,199.21107482910156,117.71546173095703,111.05859375,337.5919494628906,9.880468368530273,41.03211975097656,248.27474975585938,47.59522247314453,653.450927734375,349.9096374511719,281.7799377441406,147.8387451171875,277.3913269042969,67.31067657470703,452.59710693359375,785.6088256835938,443.607421875,215.1132354736328,545.5575561523438,276.8179931640625,144.40480041503906,54.328338623046875,76.64025115966797,133.73806762695312,67.85029602050781,57.329833984375,58.58388900756836,201.03199768066406,63.43284225463867,53.36845016479492,207.90359497070312,22.285551071166992,153.37985229492188,100.6926040649414,172.02772521972656,138.70135498046875,66.28937530517578,339.655517578125,32.131065368652344,86.822021484375,487.98095703125,26.398937225341797,91.93960571289062,120.62022399902344,408.8450012207031,219.7141571044922,66.13398742675781,292.34222412109375,220.74981689453125,91.5168228149414,341.9190368652344,38.79944610595703,76.93059539794922,223.984375,96.22320556640625,104.34663391113281
2025-06-26,179.6182098388672,130.06634521484375,288.6583251953125,209.42979431152344,101.58999633789062,307.3482360839844,202.5800018310547,46.21241760253906,1004.480224609375,28.39105987548828,485.04998779296875,82.08231353759766,377.09173583984375,85.1377182006836,87.39118194580078,267.9962463378906,65.33126831054688,137.43423461914062,52.31752014160156,500.65380859375,199.66697692871094,119.72633361816406,111.345947265625,343.3015441894531,10.02188777923584,43.842533111572266,249.3675994873047,48.61377716064453,670.3170166015625,351.4954833984375,282.6221923828125,147.57659912109375,281.9712829589844,67.15602111816406,456.7867126464844,788.4049682617188,443.13323974609375,215.62982177734375,541.6968383789062,276.8955993652344,147.3466339111328,54.19008255004883,75.83219909667969,135.7093505859375,68.47727966308594,58.445621490478516,60.230743408203125,202.28799438476562,63.762481689453125,53.48063278198242,209.9755096435547,22.267181396484375,153.05181884765625,100.31781768798828,173.04302978515625,139.9669189453125,67.76904296875,337.9256591796875,32.760520935058594,86.77399444580078,482.1116027832031,26.474580764770508,92.79529571533203,120.28538513183594,410.3085021972656,220.9668731689453,65.47578430175781,292.9229736328125,223.26087951660156,92.64960479736328,342.6816101074219,38.78102111816406,77.79652404785156,222.1617889404297,94.99642181396484,105.90647888183594
2025-06-27,175.3102264404297,130.75721740722656,288.0538635253906,209.68011474609375,99.38999938964844,313.04278564453125,214.5500030517578,45.88135528564453,1021.0753784179688,28.437925338745117,485.67999267578125,82.09202575683594,379.88629150390625,86.02992248535156,86.69889831542969,270.6491394042969,65.66683959960938,136.81573486328125,52.97172927856445,505.3893127441406,197.3441162109375,120.5937728881836,111.98767852783203,348.3208312988281,10.182162284851074,43.26072692871094,252.8547821044922,49.12799835205078,673.8775634765625,356.56243896484375,280.46331787109375,147.96495056152344,280.3697509765625,67.98737335205078,456.1277770996094,768.9011840820312,443.8009948730469,217.9690704345703,546.1729125976562,282.634521484375,148.57815551757812,54.1532096862793,76.0919418334961,136.6221923828125,68.38082122802734,56.04617691040039,69.37996673583984,204.48399353027344,64.52538299560547,53.32170104980469,207.4300079345703,22.221250534057617,154.23854064941406,101.49984741210938,174.70291137695312,141.91920471191406,67.75950622558594,341.73126220703125,32.9348258972168,87.30223083496094,484.6297302246094,26.550220489501953,94.34506225585938,121.50656127929688,406.4853820800781,225.4649200439453,65.73475646972656,299.2049865722656,225.22691345214844,93.18377685546875,345.236572265625,38.97447204589844,77.34896850585938,223.67079162597656,96.23310852050781,105.31912994384766
2025-06-30,178.49314880371094,132.34324645996094,291.3979187011719,212.79962158203125,102.30999755859375,314.80938720703125,209.52999877929688,46.07609558105469,1022.4688110351562,28.053627014160156,485.7699890136719,82.81197357177734,383.3423767089844,88.15377044677734,86.28545379638672,269.926513671875,66.13665008544922,136.24485778808594,53.588008880615234,502.1992492675781,196.09335327148438,122.23994445800781,113.02210998535156,352.02850341796875,10.229302406311035,42.747947692871094,255.71604919433594,48.66322708129883,690.40234375,354.53179931640625,285.38134765625,148.29502868652344,283.1040344238281,68.39337921142578,461.4286804199219,772.9467163085938,448.20428466796875,216.25360107421875,557.7052612304688,283.23565673828125,148.79315185546875,54.042598724365234,76.149658203125,136.78726196289062,66.96285247802734,57.52730941772461,68.41688537597656,205.61599731445312,65.0057144165039,53.863983154296875,215.70787048339844,22.267181396484375,153.71754455566406,101.01934814453125,175.76446533203125,143.25344848632812,67.21537017822266,339.3984680175781,32.73146438598633,88.19542694091797,493.59759521484375,27.363370895385742,93.7936019897461,121.61489868164062,403.67779541015625,223.41319274902344,66.00450134277344,301.9733581542969,223.93246459960938,92.9627456665039,351.6142883300781,39.85878372192383,77.95218658447266,224.21957397460938,96.73766326904297,103.79779815673828
2025-07-01,182.6953582763672,132.58653259277344,295.0343933105469,216.1212921142578,98.91000366210938,318.3129577636719,209.7899932861328,46.88427734375,1027.36083984375,28.5878963470459,489.6099853515625,83.9307861328125,386.0184326171875,89.25932312011719,88.44884490966797,269.1544189453125,66.71192169189453,138.50941467285156,54.65938949584961,502.0708312988281,199.6272735595703,121.72736358642578,113.85543060302734,350.1056213378906,10.700698852539062,43.43822479248047,247.40049743652344,51.4518928527832,689.14404296875,360.8364562988281,281.91546630859375,151.37257385253906,283.5923156738281,69.28272247314453,468.8736267089844,769.347412109375,450.9139709472656,222.8522491455078,560.355224609375,288.3929443359375,150.32760620117188,53.5909309387207,78.6988754272461,136.9912109375,70.47401428222656,58.090145111083984,70.69937896728516,202.3780059814453,65.75918579101562,54.295143127441406,216.033447265625,23.002073287963867,155.55072021484375,102.42240142822266,171.3252410888672,141.45809936523438,67.95997619628906,351.2007141113281,34.08720397949219,88.6468276977539,495.4978332519531,27.306636810302734,98.73761749267578,123.259521484375,419.6174621582031,221.62777709960938,66.33900451660156,315.6893615722656,229.27577209472656,96.2137680053711,352.0302429199219,40.23646545410156,79.28512573242188,224.199951171875,97.19276428222656,105.184326171875
2025-07-02,183.42617797851562,130.4944610595703,294.7126770019531,214.54229736328125,101.12999725341797,321.3526916503906,212.02999877929688,47.42955780029297,1043.24462890625,29.337739944458008,480.4800109863281,84.40750885009766,393.4342346191406,89.60844421386719,90.8045425415039,266.4817810058594,63.85474395751953,140.80252075195312,54.441314697265625,513.8729858398438,201.0170135498047,121.22464752197266,112.12177276611328,353.21185302734375,11.096671104431152,45.13433837890625,243.1582489013672,52.094669342041016,698.3428344726562,359.5697326660156,278.4786682128906,151.0230712890625,285.1449890136719,68.54805755615234,469.2867431640625,772.6988525390625,447.6332702636719,221.1952667236328,557.2884521484375,285.620361328125,150.48399353027344,54.54034423828125,79.25682067871094,138.72943115234375,70.43543243408203,59.30467987060547,73.5693359375,201.95199584960938,65.75918579101562,54.2481803894043,226.9061279296875,23.2592830657959,155.5314178466797,104.08490753173828,169.7618408203125,141.7818603515625,69.00051879882812,348.44293212890625,34.77476119995117,87.54234313964844,492.052978515625,26.767690658569336,100.25885772705078,123.4072494506836,425.8797912597656,230.42660522460938,66.24188995361328,297.7046813964844,230.82327270507812,97.19920349121094,350.7923583984375,40.153560638427734,80.13158416748047,218.8987274169922,96.56946563720703,106.92713928222656
2025-07-03,182.0126190185547,130.8155975341797,297.1402282714844,213.50245666503906,102.5199966430664,324.6573181152344,215.9199981689453,47.643775939941406,1054.5291748046875,28.990936279296875,485.0,86.31436157226562,392.8713684082031,89.97697448730469,90.07379150390625,269.3919677734375,64.6505355834961,141.17361450195312,53.91037368774414,514.5248413085938,201.71189880371094,122.23008728027344,112.3612289428711,357.1858825683594,11.134383201599121,45.16392517089844,245.27442932128906,52.30233383178711,705.9419555664062,359.40533447265625,282.6609191894531,151.45994567871094,290.4435729980469,68.973388671875,467.72296142578125,774.0770874023438,447.604248046875,222.53057861328125,564.9502563476562,285.087158203125,149.477294921875,54.9827880859375,77.85234069824219,139.97242736816406,71.2649917602539,59.14669418334961,73.5693359375,208.93800354003906,65.14698791503906,54.182430267333984,234.1480712890625,23.31439971923828,155.1744384765625,103.80622100830078,172.6280517578125,142.98855590820312,68.65685272216797,349.91571044921875,34.52298355102539,87.88809204101562,495.76934814453125,26.814970016479492,98.9372787475586,123.94889831542969,427.44287109375,231.6103057861328,66.22030639648438,298.6629333496094,229.96678161621094,95.900634765625,355.3874206542969,40.1167106628418,81.33802795410156,222.5341339111328,97.31147766113281,108.03443145751953
2025-07-07,180.4259796142578,130.0955352783203,293.00653076171875,211.83680725097656,101.47000122070312,319.3144836425781,218.6300048828125,47.38087463378906,1048.5069580078125,28.35356903076172,478.0299987792969,85.22472381591797,386.60101318359375,90.5103530883789,88.98729705810547,267.0657653808594,63.93144989013672,140.25064086914062,53.51215362548828,503.97698974609375,198.16806030273438,121.4020767211914,112.34207153320312,353.5076599121094,10.926969528198242,44.503231048583984,247.3936309814453,51.244224548339844,693.5044555664062,355.4987487792969,283.14495849609375,150.74154663085938,286.4892272949219,68.64471435546875,461.8319091796875,766.3429565429688,453.933349609375,219.29464721679688,560.8613891601562,284.5539855957031,148.40219116210938,55.53584289550781,77.82347869873047,139.58401489257812,72.10420227050781,59.403419494628906,73.70417785644531,207.0019989013672,65.28826141357422,54.04151916503906,229.15567016601562,23.185792922973633,154.85604858398438,102.1821517944336,174.866943359375,143.1553497314453,66.65213775634766,342.294677734375,33.84511184692383,88.03216552734375,496.3029479980469,26.86224365234375,96.598388671875,123.26937103271484,416.8595886230469,226.05677795410156,66.26346588134766,293.97802734375,229.06163024902344,92.87984466552734,353.18896484375,39.425838470458984,80.11211395263672,222.3577423095703,98.29093170166016,106.98490142822266
2025-07-08,182.48379516601562,129.76470947265625,295.7265625,212.4915008544922,103.38999938964844,313.6253356933594,218.52000427246094,45.91056823730469,1047.581298828125,29.30962371826172,477.4700012207031,83.24977111816406,389.34613037109375,89.3563003540039,92.1025619506836,270.87677001953125,64.18074035644531,145.8074188232422,53.398380279541016,502.61407470703125,199.21034240722656,120.08120727539062,111.40341186523438,352.0186767578125,11.011820793151855,45.62739562988281,245.80174255371094,51.610111236572266,680.1891479492188,355.3633728027344,281.1603698730469,151.24636840820312,277.4717712402344,67.90036010742188,462.1860046386719,771.0924072265625,448.0784606933594,218.00804138183594,558.2014770507812,282.7508850097656,150.2592010498047,54.88139724731445,78.2756118774414,137.04945373535156,69.895263671875,56.88549041748047,71.1905517578125,204.5959930419922,65.58965301513672,54.003944396972656,231.36575317382812,23.534870147705078,152.33782958984375,102.6818618774414,171.50857543945312,142.1644744873047,68.02680206298828,342.0080261230469,35.38484573364258,87.64798736572266,492.75506591796875,26.748781204223633,96.98819732666016,123.3580093383789,424.2967834472656,224.76458740234375,65.72396087646484,297.8402099609375,230.21983337402344,94.2889404296875,351.1191101074219,39.66534423828125,79.38240814208984,220.34896850585938,96.05502319335938,109.95055389404297
2025-07-09,183.30117797851562,129.6284942626953,289.9452209472656,213.57949829101562,106.27999877929688,313.9914245605469,226.60000610351562,45.60871505737305,1060.9608154296875,29.30962371826172,478.9100036621094,83.46380615234375,397.1372375488281,88.81321716308594,90.89105987548828,268.1744384765625,63.91228103637695,145.59808349609375,54.185325622558594,503.02886962890625,199.48831176757812,118.88847351074219,112.22712707519531,354.7797546386719,11.153238296508789,44.95684051513672,249.06515502929688,51.98588943481445,679.4866943359375,358.7864990234375,280.8892517089844,151.7220916748047,277.8446044921875,67.16567993164062,463.484130859375,780.2742919921875,448.1268615722656,219.85995483398438,561.6102294921875,284.0595703125,152.44847106933594,53.23145294189453,80.52661895751953,137.45733642578125,71.04314422607422,58.01115798950195,70.84384155273438,202.74200439453125,65.6367416381836,53.468509674072266,232.65823364257812,23.47974967956543,151.9808349609375,102.23981475830078,171.75949096679688,143.410400390625,68.47547149658203,347.484130859375,35.10401153564453,88.32027435302734,494.9455871582031,26.56913185119629,97.38751983642578,123.54512023925781,418.0343933105469,228.6905059814453,65.60527038574219,293.20367431640625,230.1711883544922,94.0771255493164,354.298095703125,39.25082015991211,79.5770034790039,221.21127319335938,95.77800750732422,109.57503509521484
2025-07-10,187.5130157470703,129.99822998046875,282.537841796875,212.78997802734375,106.29000091552734,321.7978820800781,226.08999633789062,45.73529815673828,1075.870361328125,29.543949127197266,478.2699890136719,84.71882629394531,403.2100830078125,87.8822250366211,91.69873809814453,261.29486083984375,62.91514205932617,146.69227600097656,55.14293670654297,512.7767333984375,204.0049591064453,119.82491302490234,113.18494415283203,352.66949462890625,11.228662490844727,46.55434036254883,251.29383850097656,52.5594482421875,691.7388305664062,360.9718322753906,278.2656555175781,153.0909423828125,282.78021240234375,67.4460220336914,462.56951904296875,783.9728393554688,449.3365173339844,222.14071655273438,560.0302124023438,289.2654113769531,153.75814819335938,53.9688606262207,80.8248291015625,138.95277404785156,71.99809265136719,59.028202056884766,71.86470031738281,193.6179962158203,66.87997436523438,53.4779052734375,232.3517303466797,23.681846618652344,152.91673278808594,104.18101501464844,174.664306640625,143.62623596191406,69.01961517333984,347.7707824707031,35.49136734008789,89.5688247680664,495.97528076171875,26.376230239868164,99.58379364013672,122.27471923828125,428.8367004394531,226.63876342773438,66.3282241821289,289.9126281738281,230.66757202148438,94.78627014160156,352.436279296875,39.34254837036133,80.13158416748047,221.11326599121094,93.84879302978516,110.66307830810547
2025-07-11,185.0609130859375,128.46083068847656,275.3852844238281,211.08583068847656,108.56999969482422,316.0889587402344,226.83999633789062,45.501609802246094,1073.5218505859375,30.593732833862305,475.8599853515625,84.3783187866211,400.8303527832031,86.87364959716797,91.92948913574219,255.45468139648438,62.10976791381836,147.77699279785156,54.41287612915039,506.0707092285156,203.3498077392578,118.1590347290039,112.5049057006836,355.6080627441406,11.106099128723145,45.71614074707031,254.12942504882812,52.79677963256836,687.6710815429688,357.8485107421875,274.548095703125,152.32398986816406,281.4751281738281,67.54267883300781,461.0647888183594,786.3128662109375,452.4333190917969,218.45640563964844,546.7727661132812,290.7388916015625,152.31163024902344,53.27753448486328,80.18992614746094,138.1661834716797,71.7666015625,59.37379455566406,69.94817352294922,187.75599670410156,64.92094421386719,53.69395446777344,227.96176147460938,23.562423706054688,151.5273895263672,104.91134643554688,173.62205505371094,144.08734130859375,69.01961517333984,341.9388122558594,36.1305046081543,88.99258422851562,493.3916320800781,25.755496978759766,99.10840606689453,121.83154296875,432.9485778808594,227.2700653076172,65.59447479248047,294.3555603027344,228.81832885742188,93.26666259765625,344.5632019042969,38.958770751953125,80.31645202636719,221.46603393554688,93.3936996459961,111.14451599121094
2025-07-14,184.1666259765625,128.47056579589844,274.3368835449219,213.53135681152344,108.37000274658203,317.5236511230469,230.50999450683594,45.83266830444336,1083.091064453125,30.087583541870117,476.30999755859375,85.12744140625,400.68218994140625,86.16570281982422,90.544921875,257.04833984375,61.70708084106445,144.2945098876953,54.23273468017578,501.33013916015625,196.3018341064453,118.25760650634766,112.95507049560547,355.28271484375,11.200379371643066,44.996280670166016,261.01446533203125,52.737449645996094,695.8162841796875,357.8871765136719,274.7417297363281,152.246337890625,283.2806701660156,67.15602111816406,461.0353088378906,792.5894165039062,458.29791259765625,216.7701873779297,549.59521484375,292.648681640625,154.33477783203125,53.58171844482422,80.4881362915039,139.80734252929688,72.38394165039062,60.055118560791016,69.58220672607422,192.3560028076172,64.93036651611328,55.14057159423828,226.69619750976562,23.286840438842773,148.35304260253906,105.0843276977539,174.4326934814453,146.45167541503906,67.87406158447266,340.5253601074219,35.07496643066406,89.01178741455078,496.24676513671875,25.936941146850586,99.70740509033203,121.68382263183594,423.47039794921875,225.56358337402344,65.7886962890625,290.9483642578125,227.07614135742188,92.20755767822266,347.10833740234375,38.921329498291016,81.1726303100586,224.6898956298828,94.75897979736328,109.6905746459961
2025-07-15,180.78163146972656,128.51942443847656,270.49603271484375,210.7777099609375,107.37000274658203,307.3623352050781,230.0,44.936851501464844,1019.457763671875,29.862632751464844,470.1300048828125,88.26012420654297,399.56640625,85.48684692382812,88.98729705810547,254.96961975097656,61.30438995361328,143.38107299804688,53.616451263427734,497.24139404296875,191.4476318359375,117.28173828125,112.16007232666016,357.0773620605469,10.908112525939941,43.65074920654297,263.33270263671875,52.12433624267578,685.2908325195312,346.7959899902344,273.68646240234375,150.6444549560547,281.1709899902344,67.04967498779297,452.95111083984375,765.232421875,454.95916748046875,209.56724548339844,546.95166015625,290.4577941894531,153.04466247558594,53.90433120727539,78.4198989868164,137.49615478515625,72.05596923828125,56.628761291503906,69.3318099975586,191.38400268554688,63.310401916503906,53.22426986694336,232.31219482421875,22.60706901550293,147.31103515625,104.38282012939453,174.5967559814453,145.863037109375,67.20581817626953,335.13818359375,33.96131896972656,88.81009674072266,488.9076843261719,25.803247451782227,97.17835235595703,119.89146423339844,416.1527099609375,233.73109436035156,65.02257537841797,282.362548828125,224.964111328125,91.66417694091797,343.6620178222656,38.62178421020508,76.72628784179688,221.29945373535156,94.3731460571289,108.71807861328125
2025-07-16,184.84556579589844,128.7637939453125,274.0233459472656,215.0525665283203,108.30000305175781,308.59906005859375,229.89999389648438,44.820003509521484,1054.6168212890625,29.91887092590332,471.30999755859375,87.5791015625,407.7030944824219,85.01165008544922,87.9873275756836,255.3358917236328,61.170162200927734,142.64840698242188,54.204288482666016,501.44866943359375,191.8843994140625,118.10974884033203,112.82098388671875,357.8465881347656,10.596990585327148,43.512237548828125,264.83502197265625,52.589115142822266,691.4462280273438,345.5969543457031,272.9313659667969,159.9741668701172,280.4546813964844,66.9626693725586,452.0758361816406,783.1299438476562,456.265625,211.1170196533203,552.0797119140625,289.75982666015625,153.99270629882812,54.254600524902344,79.29529571533203,135.74818420410156,72.12349700927734,57.714927673339844,69.437744140625,193.3939971923828,63.14087677001953,53.346397399902344,238.58074951171875,22.60706901550293,148.32411193847656,105.87234497070312,176.8646240234375,147.3248291015625,67.46356964111328,335.9388732910156,33.49649429321289,89.60724639892578,490.85479736328125,25.736400604248047,96.3511734008789,119.50737762451172,414.4800720214844,234.3328094482422,65.08731842041016,283.1175842285156,225.0030517578125,91.75627899169922,346.5141296386719,38.6124267578125,77.74788665771484,221.31906127929688,94.13570404052734,108.06331634521484
2025-07-17,185.64088439941406,117.7874984741211,276.9921569824219,214.74447631835938,111.9800033569336,312.0126037597656,231.0,45.78398513793945,1077.1663818359375,30.07821273803711,473.3999938964844,90.56585693359375,412.8280029296875,84.60433959960938,89.23726654052734,257.2463073730469,60.690773010253906,144.03761291503906,54.621463775634766,492.9649658203125,193.3634796142578,120.46563720703125,112.5049057006836,375.4287109375,10.512139320373535,43.98713302612305,258.96484375,52.61878204345703,688.539306640625,347.1827697753906,273.0087890625,158.22666931152344,284.4580993652344,68.23870086669922,453.6690673828125,755.0689697265625,454.06884765625,213.04689025878906,552.1691284179688,291.18487548828125,155.43917846679688,53.443450927734375,78.4198989868164,136.82611083984375,72.51897430419922,57.260711669921875,70.2852554321289,191.8300018310547,61.49265670776367,52.94245910644531,245.94677734375,22.57950782775879,150.14764404296875,102.27823638916016,172.9079132080078,148.62960815429688,67.1485366821289,335.9784240722656,33.57395935058594,89.63606262207031,491.7908935546875,25.774599075317383,98.54747009277344,120.31492614746094,423.11199951171875,242.2635955810547,64.51542663574219,278.8392028808594,221.4116668701172,91.63654327392578,346.4250183105469,38.33161163330078,77.55328369140625,221.16226196289062,94.07633972167969,107.51448822021484
2025-07-18,183.56527709960938,120.8760986328125,276.7374267578125,216.41014099121094,111.77999877929688,304.6908874511719,229.33999633789062,46.07609558105469,1075.4219970703125,29.984481811523438,473.79998779296875,90.91609954833984,408.52264404296875,84.72140502929688,88.11231994628906,259.7209777832031,59.406005859375,142.76260375976562,55.076568603515625,493.6365051269531,188.658203125,119.68690490722656,113.42440032958984,373.3578796386719,10.521568298339844,44.323516845703125,261.93975830078125,52.628665924072266,690.8998413085938,347.5309143066406,276.75537109375,158.9256591796875,285.8023986816406,67.52335357666016,457.3276062011719,765.19287109375,448.9977722167969,213.61221313476562,549.2374267578125,287.9857482910156,149.76072692871094,53.48032760620117,76.91922760009766,136.7581329345703,73.26172637939453,57.458194732666016,69.7940902709961,192.67999267578125,60.56965255737305,53.04579544067383,242.68397521972656,22.47846221923828,150.66932678222656,102.61458587646484,172.48330688476562,148.62960815429688,67.09125518798828,336.1464538574219,32.266639709472656,90.37557220458984,490.87353515625,25.726852416992188,98.36681365966797,120.31492614746094,412.92694091796875,237.13421630859375,64.4183120727539,273.5928649902344,218.8616485595703,91.37867736816406,345.6723327636719,38.228641510009766,78.45812225341797,222.7497100830078,94.0367660522461,103.7688980102539
2025-07-21,179.28799438476562,121.60914611816406,276.7472229003906,218.07579040527344,111.61000061035156,299.7636413574219,229.32000732421875,46.23189163208008,1065.1217041015625,30.209436416625977,474.4100036621094,90.13780212402344,406.41168212890625,84.52629089355469,87.49695587158203,259.62200927734375,59.09919738769531,142.42005920410156,54.69731521606445,490.1007995605469,186.69271850585938,119.11518096923828,114.77491760253906,368.46685791015625,10.662986755371094,44.70936584472656,261.5318298339844,52.61878204345703,688.6952514648438,352.0176696777344,275.63238525390625,159.56642150878906,285.5080261230469,67.73603057861328,462.6580505371094,755.7432250976562,445.6784362792969,215.3179168701172,551.215087890625,286.6964111328125,149.36001586914062,54.30990219116211,76.2939453125,136.40855407714844,73.47393798828125,59.10719680786133,71.28684997558594,191.98199462890625,61.14417266845703,52.97064208984375,240.79550170898438,22.285551071166992,150.60130310058594,103.65245819091797,174.17213439941406,148.6884765625,67.12944793701172,337.3623046875,32.47969055175781,91.03827667236328,488.7579650878906,26.14703369140625,96.70296478271484,123.0428695678711,403.1600646972656,235.60528564453125,64.37516021728516,273.0992431640625,219.81549072265625,91.08396911621094,347.5440368652344,39.77314376831055,78.10787200927734,220.77032470703125,94.65015411376953,104.03850555419922
2025-07-22,181.47998046875,122.88956451416016,281.1661376953125,223.70823669433594,109.77999877929688,300.9212341308594,228.47999572753906,46.5142707824707,1072.3037109375,30.481258392333984,478.1300048828125,91.4511947631836,413.4681396484375,86.5360336303711,89.40074157714844,260.9187316894531,59.200965881347656,142.76260375976562,55.47477340698242,499.43389892578125,188.51922607421875,119.33204650878906,115.63695526123047,367.4709167480469,10.549850463867188,45.31288146972656,257.69134521484375,48.346778869628906,683.2423095703125,358.7574768066406,272.9700622558594,163.0323028564453,285.9593505859375,67.33968353271484,464.2217712402344,769.8828735351562,397.49407958984375,221.0880584716797,555.299560546875,290.0215759277344,147.7766876220703,54.78921890258789,78.50647735595703,135.990966796875,74.79544830322266,60.92405319213867,72.60626220703125,192.4739990234375,62.89599609375,54.33272171020508,235.4266815185547,23.093929290771484,153.79733276367188,104.93058013916016,159.4937286376953,146.34376525878906,67.92179107666016,336.1464538574219,33.264076232910156,92.05632019042969,484.7233581542969,26.18523406982422,101.29519653320312,123.6928482055664,425.7403869628906,231.41302490234375,65.10890197753906,275.993408203125,223.11489868164062,93.14693450927734,348.45513916015625,40.21308898925781,80.15103912353516,222.5243377685547,94.8282470703125,104.51031494140625
2025-07-23,184.8164520263672,122.9873046875,280.2647399902344,221.61892700195312,113.04000091552734,305.3934020996094,233.8800048828125,46.87453842163086,1091.773681640625,30.659343719482422,482.6300048828125,93.3872299194336,423.77532958984375,86.62384033203125,91.38143157958984,264.5119323730469,59.94728088378906,145.69322204589844,55.26619338989258,508.79656982421875,196.44078063964844,121.18521881103516,114.46842193603516,374.9554138183594,10.728981971740723,44.363094329833984,261.8502197265625,52.539669036865234,699.9329833984375,363.9211120605469,273.0185241699219,164.16819763183594,291.1893310546875,66.85633087158203,462.2253112792969,792.143310546875,405.8651123046875,224.00807189941406,558.6090087890625,289.003662109375,147.40530395507812,55.09339904785156,80.78636932373047,138.09825134277344,70.24251556396484,60.647579193115234,73.91604614257812,191.28599548339844,65.95697021484375,54.370296478271484,239.17398071289062,23.296030044555664,153.75845336914062,105.70897674560547,158.91468811035156,153.52508544921875,69.45873260498047,338.98333740234375,34.02910232543945,91.36481475830078,492.07171630859375,26.50037384033203,102.1413803100586,124.44131469726562,464.6585693359375,237.06520080566406,65.69157409667969,283.136962890625,224.82786560058594,95.34805297851562,351.8519592285156,40.10076141357422,81.43531799316406,223.53359985351562,94.66004943847656,105.84870910644531
2025-07-24,185.08802795410156,122.80158996582031,276.02215576171875,222.63949584960938,114.04000091552734,304.9877014160156,231.27000427246094,47.11796951293945,1089.8248291015625,30.11570930480957,480.6000061035156,92.80350494384766,425.6881408691406,86.2921371459961,91.9391098022461,264.9870910644531,56.94264602661133,148.2717742919922,55.702327728271484,508.2928771972656,201.32476806640625,120.20934295654297,114.69829559326172,379.55059814453125,10.615846633911133,44.105857849121094,266.65582275390625,51.758445739746094,701.55224609375,360.7687683105469,252.20399475097656,164.61476135253906,290.9832458496094,66.79833221435547,463.70050048828125,798.6279296875,406.9877014160156,221.01947021484375,560.01025390625,285.4749755859375,145.9197235107422,54.9459228515625,80.91141510009766,138.37985229492188,69.42259979248047,60.73644256591797,72.63516235351562,199.23599243164062,66.61626434326172,54.50180435180664,240.093505859375,23.286840438842773,154.27330017089844,105.43990325927734,155.45016479492188,152.2791290283203,69.0959701538086,336.28485107421875,34.12594223022461,91.23995971679688,496.9300842285156,26.662717819213867,100.61063385009766,124.34283447265625,472.9419860839844,238.31793212890625,65.86422729492188,269.65325927734375,214.6278839111328,94.42708587646484,350.54473876953125,40.325416564941406,81.6007308959961,225.97357177734375,95.57024383544922,106.6767807006836
2025-07-25,184.55458068847656,123.68125915527344,277.4330749511719,221.32044982910156,114.27999877929688,308.3121337890625,233.05999755859375,47.176395416259766,1094.6094970703125,30.181318283081055,484.07000732421875,93.4650650024414,429.88037109375,85.78482055664062,91.2948989868164,266.38275146484375,58.83266067504883,147.3297882080078,55.702327728271484,510.9792785644531,203.97518920898438,119.73619842529297,114.8707046508789,386.7196044921875,10.813834190368652,44.41255569458008,270.2177429199219,52.806671142578125,711.1119995117188,362.9444580078125,251.43914794921875,163.3915252685547,293.014404296875,66.86600494384766,465.0774230957031,805.8265991210938,407.5877380371094,222.23451232910156,564.700927734375,289.3429260253906,147.84510803222656,55.157920837402344,81.48858642578125,138.87509155273438,69.30684661865234,64.92311096191406,73.45377349853516,193.75799560546875,67.52983856201172,54.38908386230469,242.357666015625,23.165363311767578,153.7779083251953,105.9876708984375,155.29576110839844,153.9076690673828,68.72367095947266,336.1761474609375,34.34867477416992,91.57611083984375,500.7680969238281,26.739116668701172,100.82931518554688,124.52009582519531,476.2175598144531,242.2635955810547,65.20601654052734,272.0538024902344,218.73513793945312,95.37568664550781,353.5850524902344,40.325416564941406,82.0385513305664,225.0524444580078,96.43096923828125,106.30126953125
2025-07-28,182.8475341796875,123.49555206298828,271.4464416503906,215.87098693847656,117.55000305175781,307.45135498046875,236.41000366210938,46.96217346191406,1089.28857421875,30.621850967407227,481.70001220703125,92.95915985107422,429.07763671875,84.36044311523438,93.28521728515625,267.5112609863281,57.805267333984375,148.69993591308594,54.991233825683594,504.2337341308594,201.4538116455078,118.65190124511719,112.63899993896484,387.3014221191406,10.634702682495117,43.324256896972656,269.24267578125,52.85611343383789,705.9127197265625,364.77203369140625,254.81787109375,161.37217712402344,292.6807861328125,65.82196807861328,459.7370910644531,801.2852783203125,407.7522277832031,225.36029052734375,564.7606811523438,290.0700378417969,148.60745239257812,54.12555694580078,80.8633041381836,138.4381103515625,68.81490325927734,62.859405517578125,76.31410217285156,197.14999389648438,64.98686981201172,53.412147521972656,244.9185028076172,22.716819763183594,152.62188720703125,102.94132995605469,152.255859375,153.11302185058594,68.93368530273438,332.2815856933594,34.861915588378906,90.56766510009766,496.51824951171875,26.357128143310547,101.19061279296875,123.48603057861328,482.8283386230469,239.45230102539062,63.88958740234375,273.0798645019531,223.11489868164062,93.55216217041016,352.0302429199219,39.65145492553711,80.8223648071289,223.3180389404297,96.56946563720703,107.30265045166016
2025-07-29,185.46632385253906,125.11804962158203,273.26885986328125,206.72430419921875,118.62000274658203,305.274658203125,226.0800018310547,46.68954086303711,1092.9041748046875,30.89366912841797,476.55999755859375,91.91818237304688,426.2134094238281,84.74092102050781,94.2178726196289,264.68023681640625,58.15419387817383,149.41357421875,55.61699676513672,506.15966796875,205.3351593017578,118.1984634399414,114.44925689697266,384.589599609375,10.446145057678223,42.77021026611328,268.9442138671875,51.531005859375,714.0385131835938,364.87841796875,254.04339599609375,163.20704650878906,291.464111328125,67.06900024414062,463.72021484375,756.5066528320312,406.5812683105469,225.40927124023438,559.8314208984375,293.4145202636719,148.35333251953125,54.715476989746094,79.48768615722656,139.40919494628906,69.40331268310547,63.18525695800781,75.43771362304688,198.63999938964844,50.80278015136719,53.881832122802734,247.16290283203125,22.707473754882812,152.13616943359375,105.43990325927734,157.06179809570312,154.14312744140625,69.79286193847656,333.08221435546875,34.50361251831055,91.43204498291016,496.8739013671875,26.17568588256836,99.05137634277344,124.45115661621094,480.0406799316406,238.0515899658203,64.01907348632812,252.70440673828125,217.79104614257812,83.66094970703125,347.89068603515625,39.97907257080078,80.41374206542969,230.82403564453125,97.28181457519531,108.6891860961914
2025-07-30,183.61376953125,125.64585876464844,268.4678039550781,200.97634887695312,122.08999633789062,300.1989440917969,225.83999633789062,46.69927215576172,1086.1998291015625,30.22818374633789,476.0,93.21210479736328,430.2470703125,83.70679473876953,92.94867706298828,262.1263732910156,60.38343048095703,146.11187744140625,55.2282600402832,501.5869445800781,202.49610900878906,117.83374786376953,115.39750671386719,384.6684875488281,10.248157501220703,38.72371292114258,272.1678466796875,51.531005859375,712.8386840820312,359.7921447753906,251.9619598388672,162.3818359375,294.0054626464844,66.45999908447266,458.5274658203125,753.6610107421875,405.17803955078125,222.85183715820312,555.6474609375,294.32574462890625,143.3003692626953,56.68803787231445,78.64116668701172,140.7493133544922,68.47727966308594,61.52638244628906,73.84862518310547,195.49600219726562,47.12019348144531,53.346397399902344,247.7759552001953,22.24958610534668,148.51272583007812,104.25788879394531,156.5020751953125,155.3988800048828,68.46593475341797,328.1498107910156,33.08976364135742,91.1439208984375,495.50726318359375,26.261632919311523,98.06256866455078,123.899658203125,475.1820983886719,239.61013793945312,63.673789978027344,257.51513671875,219.26071166992188,80.29019165039062,347.51434326171875,39.87610626220703,79.56727600097656,227.83534240722656,96.54969024658203,107.7455825805664
2025-07-31,183.33250427246094,123.33916473388672,261.7071228027344,200.63934326171875,123.22000122070312,296.1423645019531,221.83999633789062,46.027408599853516,1077.7801513671875,30.13445281982422,471.8800048828125,91.15930938720703,434.1122741699219,81.80435943603516,91.66987609863281,255.71200561523438,60.1895866394043,144.2849884033203,55.41788864135742,517.8828125,195.7161407470703,117.4098892211914,116.50856018066406,379.3731689453125,10.436714172363281,39.81201934814453,269.7102966308594,52.74733352661133,705.854248046875,355.3730773925781,245.07862854003906,159.9353485107422,290.6790771484375,65.62863159179688,452.65606689453125,733.8200073242188,407.40386962890625,219.0695343017578,562.9617919921875,290.8940124511719,145.8415069580078,57.09360885620117,75.14920043945312,139.3021240234375,68.54481506347656,61.31901931762695,71.93212127685547,188.62399291992188,44.33235168457031,52.726417541503906,250.91021728515625,21.7636661529541,146.17156982421875,102.61458587646484,158.31637573242188,154.58462524414062,68.93368530273438,327.0625,32.73146438598633,90.74053955078125,515.8862915039062,26.17568588256836,95.55253601074219,122.63909149169922,465.6242980957031,238.33766174316406,63.047950744628906,241.56320190429688,216.0391387939453,79.35079956054688,342.1269836425781,40.025875091552734,78.44837951660156,224.55270385742188,96.93553924560547,107.49522399902344
2025-08-01,189.345947265625,124.41431427001953,250.21395874023438,204.21136474609375,117.56999969482422,291.1556701660156,221.89999389648438,44.45973587036133,1063.9329833984375,29.759531021118164,472.8399963378906,89.34003448486328,424.86553955078125,81.47265625,89.18920135498047,248.19894409179688,60.54821014404297,144.05665588378906,57.27621841430664,494.7822265625,195.6466522216797,114.92584991455078,117.72498321533203,375.9908447265625,10.201018333435059,39.604248046875,268.0189208984375,51.94633102416992,692.1778564453125,361.3199462890625,242.07748413085938,162.44981384277344,283.93804931640625,66.56633758544922,451.82012939453125,755.8919677734375,407.432861328125,221.84255981445312,556.4226684570312,293.6278076171875,141.14044189453125,56.94613265991211,76.27470397949219,136.00680541992188,67.9081802368164,61.80286407470703,71.86470031738281,182.87399291992188,45.387210845947266,53.3956298828125,241.6655731201172,21.950559616088867,146.346435546875,100.81754302978516,157.26446533203125,153.83900451660156,68.73322296142578,339.44793701171875,32.00517272949219,91.23035430908203,510.7937316894531,26.50037384033203,94.85846710205078,124.08677673339844,461.00469970703125,232.01473999023438,65.24918365478516,230.1510009765625,213.53781127929688,77.82199096679688,336.0662536621094,40.13820266723633,75.67549133300781,224.27835083007812,97.44009399414062,105.5694808959961
2025-08-04,191.2566680908203,126.99466705322266,253.55511474609375,205.0586395263672,120.3499984741211,295.4299621582031,222.33999633789062,44.64474105834961,1087.57373046875,30.453136444091797,459.1099853515625,90.17241668701172,429.8308410644531,81.3263168334961,89.27574157714844,249.762939453125,59.55958557128906,143.714111328125,57.958866119384766,504.2436218261719,196.01394653320312,117.64645385742188,118.93183135986328,379.41259765625,10.323580741882324,39.99009704589844,274.83428955078125,52.18366622924805,708.2344360351562,368.2434997558594,243.94593811035156,166.0515899658203,288.73626708984375,66.66300201416016,459.6781311035156,762.505615234375,410.0361633300781,229.1033935546875,566.2811279296875,294.9268493652344,144.52206420898438,57.09360885620117,76.82302856445312,138.2264862060547,68.03357696533203,64.59727478027344,72.05731201171875,184.60000610351562,45.971153259277344,54.226253509521484,249.68418884277344,21.987937927246094,146.45327758789062,101.1058349609375,157.29342651367188,154.39820861816406,68.59002685546875,343.83673095703125,31.84055519104004,92.20037841796875,527.0444946289062,26.43352699279785,94.87748718261719,127.25788116455078,464.5191955566406,235.7532501220703,64.92546844482422,233.25811767578125,216.12673950195312,78.3009033203125,338.8390808105469,40.203731536865234,75.48091888427734,225.9049530029297,98.52835845947266,103.38375091552734
2025-08-05,192.5757598876953,127.73751831054688,242.08154296875,202.2376251220703,118.12000274658203,293.5006103515625,224.86000061035156,44.362361907958984,1081.317626953125,31.493547439575195,464.19000244140625,89.62401580810547,430.3561096191406,81.03363037109375,89.61226654052734,244.9818878173828,61.46897888183594,145.61708068847656,57.911460876464844,502.28814697265625,197.58236694335938,116.63115692138672,118.76900482177734,351.49609375,10.427289009094238,39.604248046875,270.74505615234375,51.99578094482422,703.2398071289062,372.6819152832031,242.67771911621094,165.76036071777344,285.9004821777344,66.75000762939453,462.07781982421875,759.4813842773438,414.42974853515625,232.679931640625,562.5344848632812,289.6337890625,146.6918182373047,57.628231048583984,77.71766662597656,137.346435546875,68.66056060791016,66.39437103271484,71.63356018066406,181.0240020751953,44.473628997802734,53.99027633666992,252.78878784179688,23.12798309326172,146.21041870117188,102.86444854736328,158.40321350097656,153.3680877685547,69.11508178710938,348.02777099609375,32.440948486328125,90.65409851074219,527.0444946289062,26.519474029541016,97.38751983642578,126.8147201538086,464.369873046875,229.3119659423828,64.88231658935547,242.95704650878906,217.01243591308594,79.92180633544922,334.1647644042969,39.94162368774414,75.85063934326172,225.1602325439453,98.25135803222656,103.25858306884766
2025-08-06,190.39346313476562,127.97208404541016,242.5420379638672,201.13037109375,138.77999877929688,292.4122314453125,225.0399932861328,44.226043701171875,1091.939453125,31.755992889404297,468.9100036621094,90.3193130493164,423.9041748046875,82.54582214355469,89.52572631835938,246.64486694335938,61.56590270996094,145.36972045898438,57.80716323852539,503.3350524902344,193.74069213867188,113.526123046875,119.9279556274414,353.18231201171875,10.568707466125488,39.43605422973633,270.90423583984375,51.88700485229492,706.9759521484375,374.0260009765625,244.2363739013672,165.61471557617188,285.8808898925781,67.1946792602539,463.6907043457031,740.0667724609375,420.8265686035156,233.49322509765625,565.6054077148438,298.2519226074219,147.40530395507812,58.20894241333008,76.41900634765625,138.16783142089844,68.043212890625,67.06582641601562,72.69293975830078,182.46200561523438,42.74064636230469,53.716548919677734,253.54022216796875,22.361722946166992,148.4932861328125,101.60555267333984,161.1536102294922,152.79908752441406,68.96232604980469,346.6834716796875,31.821184158325195,90.93263244628906,526.6139526367188,26.2520809173584,100.20179748535156,130.09414672851562,446.9666748046875,228.2268829345703,65.61605072021484,237.90432739257812,219.43588256835938,79.4336929321289,336.45245361328125,39.64208984375,75.51010131835938,226.9436798095703,102.25818634033203,102.5556869506836
2025-08-07,192.8764190673828,129.07655334472656,236.83956909179688,202.19911193847656,139.27999877929688,291.61083984375,227.3300018310547,43.73918533325195,1084.426025390625,32.04655838012695,461.4700012207031,89.34003448486328,413.39874267578125,82.64337921142578,89.03536987304688,238.4388885498047,61.624061584472656,145.73129272460938,58.53722381591797,500.3721618652344,197.03639221191406,111.26880645751953,120.61759185791016,356.1887512207031,10.634702682495117,40.36606216430664,270.64556884765625,52.36166763305664,702.0985107421875,373.41680908203125,242.18397521972656,166.52731323242188,281.5536804199219,68.08403778076172,461.674560546875,635.44775390625,416.85882568359375,233.75778198242188,557.7443237304688,298.4942932128906,148.30447387695312,58.57763671875,77.31363677978516,137.79624938964844,70.0110092163086,68.20137023925781,71.60466766357422,174.82400512695312,45.92405700683594,53.88644790649414,246.57955932617188,22.642061233520508,149.1053009033203,102.1436996459961,162.29237365722656,152.8088836669922,68.13180541992188,345.8927001953125,31.753398895263672,91.57611083984375,523.4030151367188,26.796415328979492,100.46802520751953,129.97596740722656,452.7411804199219,239.32406616210938,66.1663589477539,236.82989501953125,216.71072387695312,79.65472412109375,328.8764953613281,40.203731536865234,74.96526336669922,228.53109741210938,102.02074432373047,102.01647186279297
2025-08-08,192.09078979492188,131.24639892578125,234.3704376220703,198.8292694091797,139.17999267578125,294.2822265625,229.1199951171875,44.8005256652832,1096.2562255859375,31.999696731567383,465.3999938964844,90.80895233154297,412.8040771484375,82.62387084960938,90.2949447631836,238.0726318359375,63.52376174926758,147.49154663085938,58.60359191894531,504.05596923828125,199.09121704101562,110.82523345947266,120.0333251953125,358.8392333984375,10.672414779663086,41.42467498779297,273.6204528808594,52.935218811035156,703.591064453125,375.0413513183594,236.13131713867188,168.27481079101562,283.3395080566406,67.99702453613281,464.6152038574219,620.3662109375,411.9039001464844,236.29563903808594,570.7633056640625,296.1094665527344,149.8291473388672,59.167564392089844,77.62146759033203,140.00613403320312,69.84703063964844,68.11249542236328,71.45057678222656,174.5019989013672,48.109127044677734,54.21681213378906,247.2321319580078,22.96912384033203,149.1247100830078,101.55750274658203,164.2321319580078,151.9259490966797,68.39911651611328,348.09698486328125,31.830862045288086,90.9422378540039,521.2874755859375,26.815513610839844,100.21131134033203,129.37522888183594,458.69488525390625,238.5447998046875,65.88581085205078,242.8505859375,216.3019256591797,79.82049560546875,333.52105712890625,40.39094161987305,76.18859100341797,230.3634796142578,102.62423706054688,102.83492279052734
2025-08-11,192.66305541992188,128.3923797607422,233.7923583984375,198.415283203125,137.64999389648438,293.094970703125,225.9600067138672,44.946590423583984,1099.140625,31.821605682373047,464.7300109863281,90.39765167236328,404.8952941894531,82.38971710205078,89.92955780029297,230.32196044921875,62.884063720703125,146.00721740722656,58.30018997192383,500.70794677734375,198.29708862304688,110.94351959228516,120.26319122314453,356.1393127441406,10.643752098083496,41.019039154052734,273.80950927734375,53.409889221191406,701.6107788085938,374.7319030761719,230.31259155273438,168.7505340576172,284.1244812011719,68.39337921142578,462.6088562011719,629.8554077148438,412.51361083984375,235.02182006835938,570.037841796875,295.0528259277344,151.7936248779297,60.53176498413086,76.98655700683594,140.6906280517578,69.88561248779297,68.00387573242188,71.28684997558594,171.2740020751953,46.96949768066406,54.169612884521484,249.83250427246094,22.96912384033203,150.552734375,100.01991271972656,164.3672332763672,151.86709594726562,68.16999816894531,350.489013671875,31.34667205810547,90.82697296142578,520.3607788085938,26.87281036376953,98.88973999023438,130.38958740234375,460.3575744628906,238.80126953125,65.7131576538086,244.2831573486328,213.78111267089844,79.48894500732422,332.6496276855469,40.41902160644531,75.93412017822266,232.33309936523438,102.82210540771484,101.90093231201172
2025-08-12,192.66305541992188,128.06005859375,233.06729125976562,197.00958251953125,141.25,300.0010681152344,232.61000061035156,46.251365661621094,1130.0120849609375,31.93408203125,470.3900146484375,93.756591796875,409.028076171875,82.89703369140625,90.9487533569336,229.31231689453125,63.49468231201172,146.94918823242188,58.1295280456543,499.5919189453125,204.21343994140625,112.09681701660156,119.21917724609375,359.29412841796875,10.74885082244873,41.70170211791992,278.21710205078125,53.558223724365234,725.1591186523438,382.9222106933594,228.8213653564453,167.7408447265625,287.3527526855469,68.35470581054688,465.41180419921875,634.0299072265625,417.6426696777344,239.94076538085938,570.6241455078125,292.4160461425781,154.27613830566406,60.84516906738281,77.24629211425781,144.02503967285156,69.31649017333984,68.06312561035156,72.13435363769531,170.68600463867188,46.884735107421875,54.42445755004883,250.9991912841797,23.03453826904297,150.65957641601562,100.72144317626953,162.70733642578125,152.5440216064453,68.97187805175781,353.95855712890625,31.898651123046875,90.24111938476562,523.3375244140625,27.197500228881836,101.02897644042969,131.3645477294922,475.3115539550781,240.97137451171875,65.90739440917969,253.1884002685547,212.95384216308594,80.52043151855469,334.0682678222656,40.48454666137695,77.78379821777344,228.29591369628906,102.51541900634766,102.18978881835938
2025-08-13,195.4078826904297,126.47663879394531,240.71958923339844,196.5570526123047,138.00999450683594,303.6223449707031,233.3699951171875,45.99820327758789,1130.42138671875,32.15904235839844,477.30999755859375,92.68917846679688,410.0093078613281,84.23361206054688,92.18909454345703,234.62786865234375,63.87269592285156,148.309814453125,58.8785400390625,507.186767578125,207.6083984375,114.97513580322266,120.40687561035156,353.5481872558594,10.930386543273926,42.28542709350586,267.5014953613281,54.96244812011719,726.43701171875,393.7329406738281,233.98709106445312,169.3330078125,285.0762939453125,68.11302947998047,467.77215576171875,654.9119873046875,428.297607421875,251.17005920410156,574.3211669921875,295.7411193847656,156.57293701171875,60.375064849853516,79.56465148925781,144.484619140625,69.74092864990234,67.69778442382812,74.34943389892578,172.66000366210938,47.93959426879883,54.64155960083008,241.4282684326172,23.5111141204834,150.970458984375,102.047607421875,160.08241271972656,152.75987243652344,69.4491958618164,364.5746154785156,32.4893684387207,91.03827667236328,526.6326293945312,27.121103286743164,101.25962829589844,132.06378173828125,482.6591491699219,238.16009521484375,67.37487030029297,263.1002502441406,217.21678161621094,81.21116638183594,339.8321533203125,40.915130615234375,76.22772979736328,225.27781677246094,99.91344451904297,103.60520935058594
2025-08-14,198.5212860107422,126.35936737060547,241.18992614746094,195.89271545410156,136.47999572753906,304.4732360839844,233.19000244140625,46.455841064453125,1130.5482177734375,32.46834945678711,479.2200012207031,93.48239135742188,413.7753601074219,82.58484649658203,91.96794891357422,231.00497436523438,64.67715454101562,147.63426208496094,58.00627136230469,472.91607666015625,208.6804962158203,114.64984130859375,119.01803588867188,351.1845703125,10.930386543273926,41.83031463623047,268.3373107910156,55.79310989379883,728.885498046875,387.09954833984375,231.10206604003906,169.624267578125,288.63812255859375,67.23333740234375,469.7391052246094,678.6498413085938,423.2169494628906,247.95611572265625,580.1448364257812,299.50250244140625,153.10330200195312,60.4211540222168,79.61275482177734,145.21798706054688,69.68303680419922,67.61878204345703,73.5693359375,170.1719970703125,47.98668670654297,54.57548904418945,242.19949340820312,23.464391708374023,149.34815979003906,101.72087097167969,159.4937286376953,152.14178466796875,69.34418487548828,361.352294921875,32.1697998046875,90.46202087402344,528.1023559570312,27.45534324645996,100.19283294677734,131.34751892089844,482.90802001953125,237.72605895996094,66.55480194091797,262.79046630859375,215.60116577148438,81.55192565917969,342.7488098144531,40.71855545043945,77.71529388427734,221.6032257080078,99.77494049072266,103.39337921142578
2025-08-15,200.4708251953125,128.7735595703125,242.02273559570312,198.4537811279297,137.3000030517578,302.23712158203125,235.25999450683594,45.70608139038086,1106.0400390625,32.64809036254883,477.20001220703125,91.74906921386719,404.1520080566406,82.99459075927734,91.66027069091797,239.98306274414062,66.48963165283203,148.9568634033203,57.96834182739258,482.75286865234375,209.38526916503906,113.74298095703125,118.29828643798828,347.159423828125,10.930386543273926,41.90947341918945,266.49664306640625,55.68433380126953,712.8094482421875,386.1905822753906,233.64593505859375,171.48828125,285.0370178222656,67.59101104736328,472.14862060546875,696.8351440429688,423.44921875,246.98602294921875,578.0975341796875,299.4830627441406,148.9397430419922,60.67002487182617,81.00760650634766,141.4240264892578,72.7408447265625,68.45809936523438,74.12792205810547,173.447998046875,49.36177062988281,55.198448181152344,245.48207092285156,23.492422103881836,149.950439453125,102.43199157714844,160.38157653808594,151.83631896972656,69.27283477783203,360.9757995605469,31.947072982788086,90.34676361083984,520.9130859375,27.5699405670166,99.01070404052734,131.02149963378906,486.8605651855469,235.6348876953125,66.38394927978516,294.2684631347656,214.88092041015625,81.48745727539062,341.7369384765625,41.4112434387207,75.45458984375,222.2499542236328,99.16507720947266,103.49056243896484
2025-08-18,200.3544464111328,127.3270034790039,244.09996032714844,195.57501220703125,138.0399932861328,303.8004150390625,232.41000366210938,46.66032409667969,1107.121826171875,32.381805419921875,478.5199890136719,92.26808166503906,408.958740234375,82.20436096191406,91.12708282470703,241.49755859375,68.01132202148438,147.78651428222656,57.2667350769043,485.0540466308594,207.47933959960938,114.88642883300781,117.34186553955078,349.6022033691406,10.949496269226074,41.30595397949219,267.0935974121094,55.605224609375,713.0435180664062,381.66510009765625,233.38278198242188,171.10964965820312,286.0575256347656,66.82734680175781,470.6045837402344,693.6751098632812,426.42987060546875,245.83956909179688,580.5224609375,299.2601318359375,149.39910888671875,60.826725006103516,81.01722717285156,141.5706787109375,73.03987121582031,68.13224792480469,74.57093811035156,178.41000366210938,51.19429016113281,54.6226806640625,246.26319885253906,23.42700958251953,151.2716064453125,101.32685852050781,160.77725219726562,153.22569274902344,68.94503784179688,355.47796630859375,32.24726867675781,89.8821029663086,515.9892578125,27.617687225341797,100.86559295654297,131.45620727539062,485.39703369140625,238.13052368164062,66.69954681396484,298.6048889160156,214.1996307373047,81.17778778076172,340.0206604003906,41.55165100097656,75.78733825683594,219.6924285888672,99.85922241210938,103.71409606933594
2025-08-19,199.98587036132812,128.2848663330078,250.7136688232422,198.9640655517578,132.77999877929688,302.8604736328125,225.0,46.81612014770508,1099.6668701171875,32.16307830810547,485.30999755859375,91.79802703857422,412.3779602050781,83.75556945800781,90.89441680908203,243.50698852539062,68.7867202758789,146.23753356933594,58.12004089355469,483.38494873046875,210.64598083496094,114.61041259765625,119.58320617675781,345.15179443359375,11.064149856567383,41.019039154052734,264.5863342285156,56.42599868774414,703.6983032226562,393.7523193359375,235.16639709472656,172.6144561767578,285.203857421875,67.79402923583984,471.9913024902344,698.8027954101562,426.8750305175781,251.19943237304688,581.8839721679688,301.4219055175781,150.84559631347656,61.35212707519531,81.7002182006836,140.8764190673828,73.80191040039062,66.5326156616211,74.04124450683594,177.3560028076172,52.17531204223633,55.69871139526367,231.97601318359375,23.660627365112305,153.87503051757812,106.43933868408203,162.87139892578125,151.41261291503906,68.88717651367188,364.47265625,32.28600311279297,91.16960906982422,519.00341796875,27.674985885620117,101.25962829589844,132.99737548828125,496.0997619628906,229.53884887695312,67.43956756591797,294.4910583496094,217.79104614257812,82.3882827758789,339.73297119140625,42.06647872924805,75.87541198730469,223.89617919921875,100.44429779052734,104.39437103271484
2025-08-20,202.85679626464844,129.44798278808594,249.9004364013672,201.7080841064453,131.47000122070312,305.1361389160156,225.6199951171875,47.07902145385742,1099.6571044921875,32.22013473510742,488.67999267578125,91.23983764648438,416.8377990722656,83.95069122314453,91.98987579345703,243.95240783691406,68.6413345336914,147.41128540039062,58.32863235473633,486.6243591308594,209.85183715820312,115.36943054199219,120.25946807861328,342.4024658203125,10.978158950805664,40.87063217163086,265.0937805175781,56.13922119140625,703.0155029296875,388.4726257324219,236.40423583984375,173.62411499023438,286.75421142578125,68.34504699707031,474.39093017578125,701.0187377929688,431.61700439453125,251.96377563476562,589.009521484375,303.5061950683594,151.24630737304688,62.29231643676758,81.44049835205078,140.92530822753906,73.48358154296875,68.13224792480469,73.44415283203125,178.0500030517578,51.718135833740234,56.53877258300781,232.4110565185547,23.716693878173828,154.9533233642578,105.8819580078125,166.80880737304688,154.2997589111328,69.50421905517578,363.68017578125,32.30537796020508,91.89562225341797,521.437255859375,27.961477279663086,94.84921264648438,136.60340881347656,492.6350402832031,225.49453735351562,69.1698989868164,290.2320556640625,219.65000915527344,81.58129119873047,341.20123291015625,42.178810119628906,76.49197387695312,225.40521240234375,101.71361541748047,105.47310638427734
2025-08-21,203.19625854492188,129.0178985595703,248.86183166503906,201.9295196533203,132.02999877929688,304.9085693359375,224.4600067138672,46.99138641357422,1096.0418701171875,32.381805419921875,488.5899963378906,90.6718521118164,414.1618957519531,84.1750717163086,91.88323974609375,243.33871459960938,69.2325668334961,149.65298461914062,58.072635650634766,480.7380676269531,202.40676879882812,114.55127716064453,119.93099975585938,341.57171630859375,10.825287818908691,41.276275634765625,267.3522644042969,55.882110595703125,698.4014282226562,384.5660400390625,233.3340301513672,173.71148681640625,285.9986572265625,68.30638122558594,472.7682189941406,705.3713989257812,432.7782897949219,250.50375366210938,588.2542114257812,303.6418762207031,150.8847198486328,62.384490966796875,82.80650329589844,140.84707641601562,73.38712310791016,69.20853424072266,73.36709594726562,175.3939971923828,52.81345748901367,56.236732482910156,230.532470703125,24.0531005859375,154.19558715820312,104.16178131103516,168.39149475097656,154.03369140625,69.88987731933594,360.4408874511719,32.74114990234375,91.59553527832031,517.1405639648438,28.11427116394043,93.28265380859375,135.8525390625,481.6336669921875,224.24179077148438,68.85430908203125,293.62957763671875,219.28016662597656,80.83998107910156,340.963134765625,42.150726318359375,76.16899871826172,224.99366760253906,97.14210510253906,106.15339660644531
2025-08-22,204.26318359375,129.59457397460938,253.98623657226562,203.9995574951172,133.25,315.78228759765625,230.1199951171875,48.179317474365234,1118.8641357421875,33.038002014160156,489.0,93.28654479980469,431.78326416015625,83.84337615966797,93.82211303710938,245.7737579345703,69.1065673828125,152.18324279785156,58.68891906738281,489.8539123535156,210.24891662597656,117.1634521484375,120.12421417236328,343.77716064453125,11.217022895812988,42.81968307495117,265.18328857421875,57.72144317626953,723.7056274414062,399.1576843261719,235.95587158203125,174.0609893798828,290.6790771484375,67.79402923583984,473.7123718261719,707.2196044921875,431.810546875,258.4211120605469,595.2506713867188,304.4659118652344,155.12643432617188,62.375274658203125,84.04743957519531,144.73887634277344,73.61862182617188,69.87998962402344,75.48585510253906,177.35000610351562,54.27070999145508,55.613765716552734,233.70628356933594,24.183927536010742,154.1373291015625,107.90003967285156,165.7472381591797,153.95489501953125,70.69011688232422,369.4256896972656,34.48424530029297,91.46001434326172,521.0908813476562,27.474441528320312,95.3778076171875,134.8942413330078,497.79229736328125,229.82489013671875,68.62577056884766,297.5691833496094,221.76205444335938,83.34541320800781,347.2627258300781,41.598453521728516,77.41190338134766,222.4557342529297,96.02154541015625,108.14564514160156
2025-08-25,201.30494689941406,128.89083862304688,250.88021850585938,203.267822265625,133.0399932861328,312.4577941894531,226.8699951171875,48.179317474365234,1108.07666015625,33.256736755371094,486.17999267578125,93.03192138671875,428.4433288574219,82.00923156738281,95.17932891845703,245.35804748535156,69.01933288574219,152.20249938964844,57.067623138427734,481.8639831542969,206.20872497558594,116.02986145019531,118.93592834472656,341.94757080078125,11.293458938598633,43.22531509399414,265.26287841796875,57.6324462890625,720.681640625,395.3961486816406,233.36328125,173.2066650390625,289.3642272949219,66.63400268554688,469.95550537109375,690.9721069335938,433.28155517578125,253.658935546875,589.5362548828125,303.85516357421875,153.0252227783203,61.803794860839844,82.06576538085938,144.3770751953125,72.6540298461914,70.20584106445312,76.24669647216797,175.98800659179688,53.661136627197266,54.943599700927734,232.7571258544922,23.492422103881836,151.68930053710938,107.26579284667969,161.5203094482422,153.9844207763672,71.17218017578125,363.5513916015625,34.52298355102539,90.15316009521484,516.4384765625,27.44579315185547,93.34992980957031,133.86679077148438,488.5928955078125,232.38955688476562,67.53750610351562,295.0911865234375,217.3530731201172,82.33197784423828,346.05242919921875,41.40188217163086,78.47864532470703,219.53564453125,95.26788330078125,108.59268951416016
2025-08-26,202.09056091308594,128.61717224121094,250.26295471191406,199.73431396484375,134.27000427246094,317.20703125,234.8300018310547,48.9290771484375,1110.7078857421875,32.97142791748047,492.2099914550781,93.73699951171875,427.41259765625,82.08728790283203,94.08386993408203,241.2698974609375,69.348876953125,151.39434814453125,56.716819763183594,481.7257385253906,204.73956298828125,115.9707260131836,119.10015869140625,348.13848876953125,11.312568664550781,43.878299713134766,272.5558776855469,58.146663665771484,730.5925903320312,394.0810546875,236.48219299316406,172.60032653808594,292.9653625488281,66.44065856933594,473.958251953125,731.4170532226562,440.77191162109375,253.1298065185547,587.9462280273438,303.3704833984375,153.73219299316406,61.25072479248047,81.75794219970703,145.66781616210938,72.19100952148438,71.51911926269531,75.74589538574219,172.9320068359375,52.70868682861328,54.86809539794922,231.57064819335938,23.286840438842773,151.51446533203125,107.00631713867188,160.8544464111328,157.23617553710938,71.0179214477539,363.0164794921875,34.20341491699219,90.11444091796875,517.929443359375,27.27389907836914,92.36962127685547,135.0325469970703,486.3328552246094,235.47705078125,67.47220611572266,290.8031311035156,216.78858947753906,82.06924438476562,348.3936767578125,41.14914321899414,79.77046966552734,220.72132873535156,95.24806213378906,108.3497314453125
2025-08-27,201.79957580566406,128.4901123046875,251.92861938476562,195.70977783203125,133.27000427246094,319.0473327636719,235.6199951171875,49.05565643310547,1102.7462158203125,33.18065643310547,495.7200012207031,94.86318969726562,428.8100280761719,82.38971710205078,94.90789031982422,247.62481689453125,69.7171859741211,153.2030792236328,57.209842681884766,486.97991943359375,203.49871826171875,116.40443420410156,119.4865951538086,347.5253601074219,11.379450798034668,43.403404235839844,271.9688720703125,58.097225189208984,731.2948608398438,394.7579345703125,238.6361846923828,172.89370727539062,293.66204833984375,66.53733825683594,474.73516845703125,729.5686645507812,439.8138427734375,253.46299743652344,587.0020751953125,301.9066467285156,153.69288635253906,61.213863372802734,80.87294006347656,146.06871032714844,71.27464294433594,71.47960662841797,75.17767333984375,177.5959930419922,53.75638198852539,55.2645263671875,233.15260314941406,23.42700958251953,152.47618103027344,108.2844467163086,158.45147705078125,157.50221252441406,71.06612396240234,363.9476623535156,34.84254455566406,90.2983627319336,515.6320190429688,27.751380920410156,94.14762878417969,135.575927734375,485.9744567871094,236.039306640625,68.0381088256836,294.1426086425781,215.04638671875,82.444580078125,347.57025146484375,41.43932342529297,80.73934936523438,221.28965759277344,95.27780151367188,109.57424926757812
2025-08-28,201.663818359375,128.40213012695312,250.99781799316406,195.02618408203125,136.22999572753906,323.5293884277344,236.16000366210938,49.16276931762695,1101.62548828125,33.61811828613281,499.8599853515625,94.81422424316406,431.030029296875,81.38484954833984,95.44107055664062,251.95053100585938,69.92071533203125,153.28004455566406,56.70733642578125,485.3602294921875,203.7865753173828,115.96086883544922,118.22101593017578,351.421875,11.188360214233398,43.89809036254883,274.60546875,57.84011459350586,732.806884765625,393.99407958984375,239.503662109375,171.58323669433594,295.41845703125,66.0829849243164,474.1844177246094,727.37255859375,441.4687194824219,252.35569763183594,586.8231811523438,302.6724853515625,154.7042236328125,61.22308349609375,80.0456314086914,146.85096740722656,70.07608032226562,72.05232238769531,75.0428466796875,185.72000122070312,53.442073822021484,54.86809539794922,237.61178588867188,22.98781394958496,151.20358276367188,108.2459945678711,159.97625732421875,158.31024169921875,71.27822875976562,362.7391052246094,35.32674026489258,89.2916030883789,513.4564819335938,27.63678741455078,93.04237365722656,135.4672393798828,487.58734130859375,235.03317260742188,67.87487030029297,292.60357666015625,216.4090118408203,81.89094543457031,347.08416748046875,41.121063232421875,80.2304458618164,220.06480407714844,95.30755615234375,110.1573486328125
2025-08-29,204.06918334960938,129.66299438476562,254.72108459472656,196.26821899414062,136.5500030517578,327.7739562988281,234.67999267578125,49.406192779541016,1098.370849609375,33.503997802734375,502.9800109863281,94.56941223144531,415.3016052246094,82.01898956298828,95.94518280029297,253.65310668945312,70.89965057373047,154.51153564453125,56.79267120361328,472.7185363769531,204.3126983642578,116.69029998779297,118.3369369506836,345.290283203125,11.245686531066895,43.927772521972656,273.80950927734375,57.93899917602539,730.8749389648438,393.33648681640625,237.32041931152344,173.26531982421875,295.7618408203125,66.69200134277344,470.3882141113281,727.9886474609375,440.9364318847656,252.86524963378906,591.6033935546875,303.9521484375,152.71102905273438,61.951271057128906,80.92102813720703,147.1443328857422,70.0372085571289,73.46434783935547,74.51314544677734,183.49200439453125,53.77543258666992,55.462738037109375,223.58169555664062,23.1373291015625,152.5538787841797,109.34152221679688,161.28872680664062,156.28036499023438,71.23002624511719,362.3923645019531,35.67536163330078,89.34969329833984,514.291015625,27.971025466918945,92.24469757080078,134.96340942382812,490.55426025390625,227.7336883544922,68.77812957763672,299.9407043457031,218.955322265625,82.05046844482422,348.9889831542969,41.40188217163086,80.42617797851562,221.83839416503906,96.17029571533203,111.07086944580078
2025-09-02,205.54344177246094,128.4901123046875,250.99781799316406,193.03318786621094,135.8699951171875,327.675048828125,237.3800048828125,49.0946044921875,1086.316650390625,33.503997802734375,501.1400146484375,92.81647491455078,412.3382873535156,82.33118438720703,95.96456909179688,250.29747009277344,71.81073760986328,155.6948699951172,56.07209777832031,470.8815612792969,202.2975616455078,116.58187103271484,117.75727844238281,339.9596862792969,11.197914123535156,44.46202850341797,273.9985656738281,57.87966537475586,716.7526245117188,392.8916931152344,235.3808135986328,174.13571166992188,294.0741271972656,66.7596664428711,466.3067626953125,730.5823364257812,441.1021728515625,253.5315704345703,588.20458984375,307.8420715332031,151.47386169433594,61.87752151489258,82.22930908203125,145.5504608154297,70.62044525146484,74.90596771240234,71.91870880126953,182.28399658203125,53.69923782348633,54.75061798095703,222.7610321044922,23.34290885925293,153.4767608642578,106.9582748413086,161.54925537109375,155.698974609375,71.14324951171875,357.5285339355469,34.765079498291016,89.14640808105469,506.03900146484375,27.770483016967773,88.84244537353516,136.89979553222656,485.38702392578125,225.28736877441406,69.14813995361328,298.9049377441406,217.40794372558594,79.97669219970703,347.29248046875,40.9993782043457,80.03470611572266,221.19168090820312,97.03302001953125,111.45960998535156
2025-09-03,205.48526000976562,129.19383239746094,249.0186004638672,188.96051025390625,137.3800048828125,320.2840881347656,232.3800048828125,48.744075775146484,1071.4266357421875,32.77172088623047,501.489990234375,93.0613021850586,411.4165954589844,81.76532745361328,91.75721740722656,253.85108947753906,71.0644302368164,152.06781005859375,55.86350631713867,463.71136474609375,197.97943115234375,115.70457458496094,117.38050079345703,339.2080993652344,11.102368354797363,45.7185173034668,274.5357971191406,57.108341217041016,716.4683227539062,394.2454528808594,237.9149627685547,174.07704162597656,293.8877258300781,66.69200134277344,463.9857482910156,733.2057495117188,437.7488098144531,255.4324951171875,589.6058959960938,308.456298828125,149.24501037597656,61.416648864746094,80.97874450683594,145.23756408691406,69.62893676757812,74.47150421142578,72.35433197021484,183.87600708007812,54.042118072509766,54.94974136352539,220.931884765625,23.165363311767578,153.651611328125,106.6219253540039,157.51536560058594,155.7975311279297,70.13091278076172,359.61871337890625,34.164756774902344,88.73015594482422,505.66387939453125,27.732282638549805,88.75595092773438,137.7889404296875,482.4201354980469,228.2466278076172,69.909912109375,298.0144348144531,217.1826629638672,80.03298950195312,348.086181640625,40.94321060180664,78.79181671142578,219.898193359375,98.60974884033203,108.75790405273438
2025-09-04,206.59095764160156,129.80960083007812,247.83302307128906,187.8340301513672,141.1699981689453,327.150634765625,230.75,49.28935241699219,1080.4600830078125,32.61956024169922,506.9100036621094,95.06883239746094,416.4710998535156,81.62875366210938,92.84297943115234,241.5371551513672,71.42304229736328,151.7118377685547,55.74025344848633,469.0248107910156,197.57244873046875,117.11416625976562,116.7718734741211,344.38043212890625,11.159696578979492,45.58000564575195,280.84375,57.50389099121094,734.4545288085938,400.3525390625,240.91690063476562,174.82029724121094,298.1168518066406,65.97665405273438,466.0675048828125,738.25390625,445.34259033203125,259.24420166015625,591.9512329101562,309.0412292480469,152.70120239257812,61.37977981567383,80.85369873046875,147.19322204589844,68.89017486572266,74.1842041015625,72.94486999511719,179.71200561523438,53.470645904541016,55.26266098022461,220.48696899414062,22.931747436523438,154.64248657226562,108.21717071533203,155.5177001953125,156.3591766357422,69.71633911132812,362.3428649902344,35.1506462097168,88.93344116210938,506.6203918457031,28.247966766357422,89.10194396972656,139.32025146484375,487.33843994140625,232.01473999023438,70.74787902832031,300.434326171875,218.4558563232422,79.27291870117188,348.2052001953125,41.355079650878906,80.08364868164062,220.42735290527344,100.08731079101562,109.23410034179688
2025-09-05,206.1641845703125,129.9366912841797,249.8024444580078,190.9438934326172,142.85000610351562,322.7675476074219,229.61000061035156,48.73125076293945,1076.1519775390625,32.26768493652344,499.7699890136719,93.42364501953125,419.3055725097656,83.05313110351562,90.10916900634766,248.21873474121094,71.51026916503906,147.83460998535156,55.80546569824219,467.4051208496094,198.7438201904297,116.22702026367188,116.52067565917969,345.1814880371094,11.217022895812988,45.84713363647461,277.8191223144531,57.77157974243164,723.9707641601562,407.41259765625,242.23268127441406,174.49755859375,288.85400390625,65.69629669189453,463.2359313964844,722.6524047851562,452.2149963378906,264.5355224609375,580.6019287109375,306.4967041015625,152.4851837158203,61.342918395996094,81.48858642578125,144.8072967529297,68.9193344116211,75.46221160888672,71.55083465576172,182.75999450683594,52.60391616821289,56.22037124633789,230.17654418945312,23.249462127685547,155.44874572753906,109.21659851074219,155.90374755859375,155.21615600585938,69.03180694580078,368.9303894042969,34.96518325805664,88.8463134765625,504.5574035644531,28.257516860961914,89.5440444946289,137.5814666748047,490.4347839355469,240.10333251953125,69.9861068725586,305.2837829589844,215.7626190185547,79.79839324951172,340.4968566894531,41.542293548583984,77.27489471435547,215.63565063476562,99.67081451416016,106.15339660644531
2025-09-08,203.47752380371094,129.21337890625,250.40992736816406,186.43795776367188,140.00999450683594,321.9660949707031,230.9499969482422,48.42771911621094,1081.8013916015625,32.24866485595703,493.7799987792969,93.88390350341797,419.0082702636719,82.13607025146484,88.60655212402344,249.7134552001953,68.09856414794922,148.16172790527344,55.57529830932617,475.55303955078125,197.17538452148438,117.14373779296875,116.09559631347656,345.6363830566406,11.16925048828125,46.163734436035156,274.6551818847656,57.702178955078125,727.54052734375,408.37530517578125,249.6011505126953,174.2041778564453,287.4115905761719,65.18396759033203,468.27752685546875,734.0106811523438,447.545654296875,267.5240783691406,582.9671630859375,304.9562683105469,151.20875549316406,60.623939514160156,80.89216613769531,145.4917755126953,67.8208999633789,75.0461196899414,71.78317260742188,187.86599731445312,51.6990852355957,56.04020309448242,235.7925262451172,22.94108772277832,154.4676055908203,109.13009643554688,157.03285217285156,151.96441650390625,69.13785552978516,371.7041015625,34.92613983154297,87.92667388916016,511.881103515625,27.598588943481445,87.93904113769531,139.1424102783203,485.5065002441406,243.8319854736328,69.64873504638672,309.9880676269531,212.77557373046875,79.12277221679688,339.5841369628906,40.55006790161133,77.45105743408203,214.64596557617188,101.42603302001953,106.75592041015625
2025-09-09,204.08859252929688,128.96902465820312,246.90220642089844,187.3622589111328,141.91000366210938,320.90740966796875,229.52000427246094,49.240394592285156,1082.53564453125,32.41984939575195,492.7200012207031,95.32344055175781,414.3600769042969,82.22386932373047,89.05248260498047,249.5055694580078,69.54271697998047,148.97950744628906,56.438419342041016,469.7161865234375,192.90684509277344,115.6947250366211,116.29847717285156,344.39031982421875,10.978158950805664,43.423194885253906,274.8442077636719,57.513797760009766,749.184814453125,403.9020080566406,252.5446319580078,173.0599822998047,292.2588806152344,65.59963989257812,467.1034240722656,745.9056396484375,445.54730224609375,263.6144104003906,580.38330078125,304.6833190917969,150.305419921875,61.01108169555664,81.39239501953125,148.8457489013672,68.11251831054688,75.21453857421875,71.25072479248047,186.73399353027344,51.718135833740234,56.41001510620117,238.78836059570312,23.09060287475586,154.90476989746094,107.60213470458984,158.9822540283203,149.53053283691406,69.34033203125,357.9842224121094,34.92613983154297,88.2945327758789,513.6065063476562,28.095170974731445,87.37199401855469,138.28289794921875,480.2895812988281,247.5113067626953,68.64753723144531,336.77142333984375,211.59054565429688,79.19784545898438,341.2607421875,40.78408432006836,79.03648376464844,214.75375366210938,101.43595123291016,107.53339385986328
2025-09-10,205.27186584472656,126.43754577636719,238.20150756835938,186.55349731445312,150.72000122070312,319.92791748046875,227.52000427246094,49.083736419677734,1079.81396484375,33.0570182800293,490.0799865722656,95.15696716308594,419.1371154785156,81.17021179199219,91.43729400634766,240.1117401123047,71.69442749023438,151.8080291748047,56.98506546020508,465.5187683105469,191.17959594726562,114.13727569580078,117.23558807373047,358.2557373046875,10.911277770996094,44.40266418457031,281.9779968261719,56.84953308105469,754.7356567382812,401.85009765625,250.3711395263672,171.91575622558594,294.89837646484375,65.56096649169922,466.37335205078125,749.8905029296875,452.185791015625,261.184326171875,575.7919311523438,298.2683410644531,150.7865447998047,61.04794692993164,80.8344497680664,150.70362854003906,69.055419921875,77.70122528076172,71.8799819946289,184.71400451660156,51.78480529785156,56.37208938598633,324.62994384765625,22.95977783203125,152.85504150390625,106.6507568359375,159.53231811523438,152.73301696777344,70.04414367675781,354.0911560058594,35.29707336425781,88.63335418701172,506.2734375,27.885080337524414,87.24705505371094,138.1742401123047,474.44537353515625,256.9019775390625,68.32106018066406,335.6679382324219,210.748291015625,78.6817398071289,335.4372863769531,40.70920181274414,78.58629608154297,213.3133087158203,99.57166290283203,109.33129119873047
2025-09-11,213.59371948242188,129.65321350097656,239.22048950195312,189.23971557617188,153.0399932861328,325.8347473144531,219.99000549316406,49.690799713134766,1110.44921875,32.78123092651367,496.9100036621094,96.77278137207031,427.5315246582031,82.00923156738281,91.25311279296875,243.78414916992188,72.37289428710938,152.2506103515625,57.550880432128906,470.5655212402344,193.73077392578125,115.40885925292969,117.9698257446289,356.1096496582031,11.236132621765137,45.431602478027344,280.13739013671875,58.20781326293945,769.5933837890625,411.7594909667969,250.49786376953125,174.5660400390625,299.8241271972656,65.36763000488281,477.11761474609375,751.5402221679688,458.8729553222656,266.91656494140625,585.0840454101562,300.69586181640625,156.57962036132812,61.16777801513672,81.911865234375,153.01132202148438,69.32759857177734,78.9098892211914,71.95742797851562,187.656005859375,51.718135833740234,57.04533386230469,304.3906555175781,23.23077392578125,154.09848022460938,110.34095764160156,162.03179931640625,155.34423828125,69.43673706054688,365.2156066894531,35.17017364501953,89.18512725830078,516.5791625976562,28.162019729614258,87.958251953125,139.13253784179688,489.25,255.39276123046875,69.0937271118164,342.279052734375,211.58074951171875,79.43244934082031,340.7646789550781,41.31763458251953,79.51602935791016,216.0668182373047,101.79295349121094,108.98143005371094
2025-09-12,211.77027893066406,130.70883178710938,233.7237548828125,187.82440185546875,139.38999938964844,321.8671569824219,215.94000244140625,49.52434158325195,1099.904541015625,32.22964859008789,493.739990234375,97.37995147705078,427.6702880859375,81.24826049804688,89.60506439208984,240.29981994628906,72.6733627319336,151.15382385253906,57.58924865722656,464.6891174316406,188.658203125,114.30484008789062,117.81524658203125,361.865478515625,11.159696578979492,44.24436950683594,280.2666931152344,57.999610900878906,765.0134887695312,411.0495910644531,247.01829528808594,174.13571166992188,301.1488037109375,64.7779541015625,475.5883483886719,750.65576171875,459.4383544921875,266.3580017089844,576.8154907226562,297.7418212890625,155.0085906982422,61.435089111328125,79.66084289550781,152.92332458496094,69.63865661621094,78.51360321044922,70.66987609863281,185.79200744628906,52.26103210449219,57.28238296508789,288.8873596191406,22.30565643310547,153.38931274414062,110.85028076171875,160.3043670654297,153.57058715820312,68.7811279296875,356.71624755859375,34.721153259277344,89.32064819335938,510.34320068359375,28.238418579101562,86.45896911621094,137.79881286621094,477.35247802734375,255.80703735351562,68.4407730102539,341.2143249511719,210.47409057617188,79.15092468261719,336.7369079589844,41.15850830078125,79.7215347290039,214.57669067382812,102.62593078613281,109.00086212158203
2025-09-15,211.06224060058594,128.36305236816406,233.06729125976562,185.34036254882812,145.42999267578125,323.7965393066406,215.75,49.53413391113281,1091.7781982421875,32.533966064453125,491.5400085449219,97.72269439697266,432.0508728027344,80.12631225585938,89.50812530517578,240.062255859375,71.20011901855469,151.3462371826172,58.09752655029297,463.3064270019531,187.1592559814453,113.96969604492188,118.22101593017578,371.3992004394531,11.159696578979492,45.15458297729492,285.33099365234375,58.445762634277344,771.584228515625,411.0690002441406,249.74734497070312,173.49026489257812,303.1014404296875,64.49546813964844,470.34942626953125,743.5008544921875,461.3294982910156,266.6128234863281,579.3497924804688,294.4953918457031,153.82054138183594,60.7794303894043,78.70880126953125,153.1677703857422,69.50257110595703,78.6225814819336,70.69892120361328,189.48399353027344,52.975372314453125,57.10222244262695,298.7351379394531,22.399099349975586,152.34988403320312,109.8124008178711,155.9906005859375,156.05372619628906,69.09928894042969,353.7245788574219,33.94024658203125,89.33032989501953,510.1181335449219,28.286165237426758,85.11344909667969,139.46844482421875,472.7985534667969,257.8292236328125,67.82044982910156,338.8668518066406,211.7864227294922,78.84127044677734,336.35992431640625,41.06489562988281,79.672607421875,212.58004760742188,102.82427215576172,109.18550872802734
2025-09-16,209.7528533935547,129.7607421875,232.0286865234375,187.48741149902344,142.16000366210938,323.5788879394531,215.02000427246094,49.60267639160156,1095.47900390625,32.74319076538086,490.989990234375,98.55508422851562,436.7386474609375,79.49217987060547,91.65058135986328,236.88479614257812,71.2195053100586,153.49168395996094,56.96588134765625,462.90155029296875,189.07513427734375,113.58526611328125,116.17288970947266,367.0971374511719,11.092813491821289,44.818199157714844,291.4897155761719,57.95995330810547,770.3779296875,409.8437194824219,250.99490356445312,172.5709991455078,303.3860168457031,64.52468872070312,465.1597900390625,759.9172973632812,462.37255859375,265.07440185546875,582.788330078125,295.6847839355469,153.66343688964844,60.70449447631836,78.77680206298828,152.35618591308594,67.87922668457031,78.28573608398438,70.42786407470703,186.40199279785156,54.480247497558594,56.8746452331543,303.1943054199219,22.333688735961914,153.53506469726562,110.55897521972656,157.26446533203125,156.26065063476562,69.7356185913086,349.881103515625,34.39903259277344,88.43974304199219,507.5862731933594,28.00922393798828,86.22830963134766,137.86798095703125,479.0565490722656,259.3154602050781,67.31985473632812,330.9671936035156,211.54156494140625,79.94853210449219,337.3321838378906,40.94321060180664,79.65303802490234,210.36700439453125,102.55652618408203,111.44988250732422
2025-09-17,214.16595458984375,131.13888549804688,236.3692626953125,189.8848114013672,142.83999633789062,332.44403076171875,214.6300048828125,50.32722854614258,1108.0992431640625,32.61956024169922,492.3299865722656,99.6518783569336,446.6395263671875,80.21412658691406,90.95258331298828,240.17288208007812,71.72349548339844,154.02084350585938,57.157684326171875,463.3163146972656,191.52703857421875,114.4428482055664,116.99407196044922,359.3435974121094,11.140586853027344,44.61043167114258,288.0372619628906,58.22764587402344,778.9002685546875,405.51629638671875,252.51536560058594,173.294677734375,305.89794921875,65.30397033691406,473.4375,755.3660278320312,461.2027893066406,262.5561828613281,594.9227294921875,297.3226013183594,152.3477325439453,61.36014938354492,78.82537841796875,153.92071533203125,68.34580993652344,77.95880126953125,70.00189971923828,190.07400512695312,55.43269729614258,56.61863327026367,298.0133361816406,22.473857879638672,155.74989318847656,110.42323303222656,160.48773193359375,155.99459838867188,68.84861755371094,346.9191589355469,33.95976638793945,88.70110321044922,510.2213134765625,28.209766387939453,85.46905517578125,138.35205078125,470.98492431640625,260.0378723144531,67.92928314208984,332.74969482421875,212.68743896484375,78.99140930175781,343.4532165527344,41.38316345214844,80.71977233886719,212.11776733398438,103.39942169189453,112.04270935058594
2025-09-18,215.31045532226562,131.52987670898438,234.71336364746094,185.8506317138672,146.66000366210938,338.0540466308594,215.66000366210938,51.041996002197266,1113.33740234375,32.866825103759766,490.5,100.28841400146484,462.7940979003906,79.54095458984375,90.62297821044922,242.22547912597656,72.13057708740234,152.8182373046875,57.29195022583008,470.229736328125,193.8399658203125,113.22055053710938,116.30814361572266,367.1762390136719,11.217022895812988,44.45213317871094,295.5888977050781,58.75311279296875,788.7957153320312,405.9830627441406,258.285400390625,170.32167053222656,307.3501892089844,64.7389907836914,469.62921142578125,758.1484985351562,461.690185546875,262.1838073730469,582.420654296875,293.5887145996094,152.5833740234375,59.88960266113281,79.20425415039062,155.7101593017578,68.81240844726562,77.59224700927734,69.79859924316406,189.54800415039062,58.90914535522461,56.0496940612793,293.2773132324219,22.567302703857422,152.82591247558594,111.65457916259766,156.1063995361328,155.8763427734375,68.87754821777344,346.2752990722656,33.91096115112305,88.52685546875,476.1815185546875,27.885080337524414,85.93997955322266,138.24339294433594,479.4153137207031,265.82659912109375,66.88455963134766,326.13580322265625,215.81158447265625,79.80777740478516,335.4968566894531,40.877685546875,81.71800994873047,212.37350463867188,102.73501586914062,110.72100830078125
2025-09-19,215.77601623535156,132.96664428710938,234.8603515625,186.12022399902344,149.61000061035156,337.5098571777344,215.64999389648438,51.15948486328125,1118.937744140625,32.44837951660156,492.8500061035156,100.55282592773438,462.3778991699219,79.18973541259766,89.11064910888672,245.01182556152344,72.61520385742188,150.28794860839844,57.397438049316406,463.82000732421875,191.87448120117188,112.13624572753906,116.9747543334961,370.37066650390625,11.102368354797363,44.46202850341797,299.61846923828125,58.47550582885742,789.4723510742188,404.2423400878906,259.6499328613281,172.30694580078125,308.8710632324219,64.70976257324219,472.5989074707031,747.2769775390625,461.0273132324219,259.86151123046875,580.542236328125,294.797607421875,153.76162719726562,60.7794303894043,79.18482208251953,156.36529541015625,69.09430694580078,80.96063995361328,68.62722778320312,192.22999572753906,58.48054504394531,56.097103118896484,305.181640625,22.455169677734375,151.5824432373047,110.0548095703125,157.25482177734375,155.92562866210938,68.25086212158203,343.5411682128906,33.608360290527344,88.86567687988281,475.5814208984375,27.70363426208496,84.70018768310547,138.09519958496094,477.9006042480469,262.0960693359375,66.60160827636719,327.9573059082031,216.05641174316406,78.87879943847656,338.89959716796875,40.69983673095703,82.83367156982422,212.84559631347656,101.47562408447266,109.64227294921875
2025-09-22,215.89239501953125,133.53353881835938,235.14450073242188,186.0239715576172,145.39999389648438,337.371337890625,212.08999633789062,50.83637237548828,1112.4365234375,32.68613052368164,493.7099914550781,101.34603881835938,467.88824462890625,77.42389678955078,89.19790649414062,247.58998107910156,72.81874084472656,150.13400268554688,57.36867141723633,463.2274169921875,189.06520080566406,110.953369140625,117.4577865600586,374.1386413574219,11.140586853027344,44.6796875,299.4990234375,58.376365661621094,790.0216064453125,400.6539611816406,264.49395751953125,170.37059020996094,306.57501220703125,64.49546813964844,471.36566162109375,750.2185668945312,468.2896728515625,255.14833068847656,580.8702392578125,295.3922424316406,151.07130432128906,59.749107360839844,78.10648345947266,157.14756774902344,70.32881927490234,82.94207000732422,69.00477600097656,189.55599975585938,57.8233528137207,56.00227737426758,324.4519958496094,22.464513778686523,148.69729614257812,110.4620132446289,156.31871032714844,157.09820556640625,68.50152587890625,343.1548767089844,33.11052322387695,89.37873077392578,474.09039306640625,27.617687225341797,83.1912841796875,137.7296600341797,473.3266906738281,269.7747802734375,65.82893371582031,332.44775390625,221.1882781982422,79.038330078125,341.6278076171875,40.40030288696289,83.34257507324219,213.42593383789062,101.9615249633789,108.86479949951172
2025-09-23,215.9118194580078,132.82003784179688,230.74513244628906,187.0541534423828,144.08999633789062,337.85614013671875,216.33999633789062,50.620967864990234,1108.070068359375,33.038002014160156,494.1000061035156,100.86619567871094,467.0557861328125,78.19462585449219,90.61327362060547,242.50314331054688,74.14659118652344,151.45205688476562,58.61539840698242,465.8348083496094,188.3306121826172,110.64779663085938,118.92626190185547,364.4565734863281,11.207468032836914,44.877559661865234,304.08575439453125,58.07892990112305,790.7669067382812,399.593994140625,265.3419494628906,172.68833923339844,306.8693542480469,64.98251342773438,473.51641845703125,742.2984619140625,474.4114990234375,254.5800323486328,566.4401245117188,295.5872802734375,153.4572296142578,60.76069641113281,77.67904663085938,157.19644165039062,70.2996597290039,83.88323974609375,68.66594696044922,185.53399658203125,56.708984375,56.466915130615234,310.29339599609375,22.548614501953125,148.14358520507812,110.95648956298828,158.04617309570312,158.1919708251953,68.97396087646484,341.21331787109375,33.66692352294922,90.72431182861328,465.8289489746094,27.493541717529297,83.66222381591797,138.0359344482422,468.10504150390625,279.7492370605469,65.9268798828125,338.6719970703125,223.2742919921875,79.20722961425781,336.0127258300781,40.57815170288086,82.5694351196289,214.6455535888672,101.66403198242188,110.74044036865234
2025-09-24,213.37063598632812,130.86521911621094,234.25286865234375,185.7543487548828,142.63999938964844,336.87664794921875,215.10000610351562,50.620967864990234,1104.37890625,33.4849739074707,497.0899963378906,99.5441665649414,465.598876953125,79.15071105957031,92.70726013183594,243.82192993164062,74.03028106689453,153.14532470703125,58.519500732421875,463.1385498046875,184.54852294921875,111.81095886230469,119.44794464111328,368.1058654785156,11.111923217773438,37.26934814453125,298.78265380859375,59.40746307373047,777.1448364257812,398.4853820800781,260.75128173828125,172.79591369628906,307.53662109375,64.729248046875,467.7841796875,737.2006225585938,474.0020446777344,252.14993286132812,565.2874145507812,296.6986389160156,151.79786682128906,61.00422286987305,77.3973159790039,154.3802947998047,71.76748657226562,82.69438171386719,68.94668579101562,186.6739959716797,55.947021484375,56.8746452331543,304.9839172363281,22.51123809814453,148.0658721923828,109.42459106445312,157.3030548095703,159.0196990966797,69.53315734863281,339.7372741699219,33.784061431884766,91.39225006103516,460.18377685546875,27.044706344604492,84.87318420410156,138.7472381591797,466.3611755371094,277.7701721191406,65.39363098144531,342.6851501464844,225.6051788330078,78.72866821289062,335.99285888671875,40.41902160644531,82.31498718261719,215.81600952148438,101.87227630615234,111.33325958251953
2025-09-25,211.96426391601562,130.29830932617188,227.864501953125,186.50535583496094,143.05999755859375,336.5798034667969,213.52999877929688,50.7678337097168,1123.2847900390625,33.53252029418945,494.9599914550781,99.99462890625,459.5830078125,77.7555923461914,93.8511962890625,238.92347717285156,72.31474304199219,154.626953125,57.224815368652344,460.92626953125,180.13111877441406,111.37723541259766,118.17269897460938,360.71826171875,11.102368354797363,34.96413040161133,295.67840576171875,60.07173538208008,779.429931640625,396.22930908203125,274.308837890625,173.81298828125,307.5660705566406,64.27142333984375,467.43890380859375,710.1115112304688,472.1401672363281,250.38616943359375,563.7866821289062,294.7195739746094,150.25633239746094,61.060420989990234,75.38636016845703,155.42657470703125,72.5645751953125,82.89253234863281,67.02989959716797,183.7220001220703,53.375404357910156,56.694488525390625,288.0469055175781,22.053348541259766,147.8035888671875,109.76393127441406,158.2681121826172,158.16241455078125,70.27552795410156,336.9042053222656,33.76454162597656,90.69525909423828,454.74493408203125,27.025604248046875,83.74871826171875,139.75497436523438,457.6119384765625,273.7626037597656,64.56655883789062,336.5972595214844,227.21131896972656,77.49002075195312,332.2726135253906,40.57815170288086,82.52050018310547,213.59312438964844,102.18960571289062,112.3342514038086
2025-09-26,213.9719696044922,130.53289794921875,234.14508056640625,187.0445098876953,142.5,338.06390380859375,221.25999450683594,51.12031936645508,1132.2530517578125,33.94145584106445,500.0299987792969,101.2774887084961,461.6048278808594,77.6482925415039,95.47016143798828,241.38262939453125,73.43904876708984,154.0881805419922,57.85777282714844,458.2497863769531,183.81048583984375,111.85038757324219,118.84896850585938,361.5489501953125,11.474995613098145,35.36977005004883,293.48956298828125,60.7161750793457,787.0303955078125,398.79656982421875,277.1061096191406,175.74935913085938,310.1270446777344,63.969444274902344,468.06048583984375,719.9991455078125,475.1620788574219,251.9441680908203,561.6301879882812,297.58587646484375,150.04031372070312,61.547481536865234,76.31897735595703,156.5608673095703,73.73104858398438,84.45784759521484,67.09766387939453,187.1999969482422,52.965850830078125,57.19703674316406,280.265625,22.202863693237305,148.14358520507812,110.71410369873047,159.1269989013672,160.9608917236328,70.76724243164062,338.6971740722656,34.67234420776367,91.50840759277344,456.845458984375,27.03515625,84.43107604980469,141.36529541015625,462.61431884765625,270.49713134765625,64.51214599609375,335.1556396484375,230.3452911376953,78.55976104736328,334.69329833984375,40.82152557373047,83.19578552246094,215.0980224609375,102.29869079589844,113.91834259033203
2025-09-29,216.4452667236328,130.10281372070312,242.01295471191406,187.31411743164062,143.3699951171875,338.687255859375,217.0800018310547,51.3259391784668,1150.9635009765625,33.04751205444336,499.25,101.02288818359375,467.40264892578125,78.43852996826172,92.92054748535156,243.03860473632812,73.24520111083984,150.18209838867188,58.42359161376953,459.7312316894531,185.02371215820312,113.14168548583984,118.63643646240234,363.1016845703125,11.551431655883789,36.72520065307617,292.5033264160156,60.59720230102539,788.609375,395.5971374511719,272.71038818359375,177.61727905273438,309.7640075683594,64.32986450195312,470.1126403808594,721.9567260742188,479.5877380371094,248.22067260742188,564.6215209960938,295.3922424316406,151.28729248046875,61.51001739501953,76.33840942382812,157.5876007080078,74.08098602294922,83.75444030761719,67.33000183105469,188.1699981689453,52.861080169677734,57.41513442993164,279.57354736328125,22.286964416503906,149.1441650390625,110.76256561279297,157.29342651367188,161.23678588867188,69.85130310058594,339.6976623535156,34.272132873535156,90.90823364257812,460.7464294433594,26.805965423583984,85.3729476928711,141.79013061523438,460.4220275878906,270.3685607910156,64.3924331665039,336.22711181640625,231.30503845214844,79.29168701171875,337.4611511230469,40.48454666137695,82.84346771240234,215.8258514404297,102.21935272216797,111.00284576416016
2025-09-30,224.5730743408203,130.91409301757812,241.62103271484375,186.79931640625,145.7100067138672,328.6446838378906,215.8300018310547,50.51326370239258,1141.47607421875,32.77172088623047,502.739990234375,99.39726257324219,472.8932189941406,77.98975372314453,91.69904327392578,235.0067138671875,73.07073974609375,149.40280151367188,58.66334915161133,453.1802062988281,197.15573120117188,112.86568450927734,119.55421447753906,370.1234130859375,11.427223205566406,38.8028678894043,299.665771484375,60.448490142822266,780.9891967773438,394.0315246582031,275.0105895996094,181.33352661132812,309.50885009765625,64.60261535644531,468.642578125,758.218017578125,486.6356201171875,246.25111389160156,565.2874145507812,296.26971435546875,152.36734008789062,61.875308990478516,81.5357894897461,155.4363555908203,73.381103515625,83.5265884399414,67.50425720214844,184.05599975585938,52.85155487060547,57.64271926879883,278.07061767578125,23.810142517089844,149.2607421875,111.0340576171875,156.53102111816406,164.8826904296875,68.96431732177734,343.0063171386719,33.54978942871094,91.7407455444336,456.40472412109375,26.968307495117188,86.20909118652344,142.79782104492188,483.321533203125,276.3650817871094,64.51214599609375,336.343994140625,231.49111938476562,78.38147735595703,338.67144775390625,41.13978576660156,82.03117370605469,217.20285034179688,102.19952392578125,109.57424926757812
2025-10-01,237.02674865722656,130.4547119140625,238.7893829345703,187.7706298828125,149.27000427246094,325.0827941894531,215.1999969482422,49.622257232666016,1117.1949462890625,32.77172088623047,498.20001220703125,96.6650619506836,476.5304870605469,77.08244323730469,92.5424575805664,233.70773315429688,74.50521850585938,148.71974182128906,58.4044189453125,447.69952392578125,211.6943359375,111.33780670166016,118.2403335571289,369.7178955078125,11.723414421081543,38.67424774169922,299.72552490234375,60.8153190612793,770.3583984375,386.08648681640625,279.2308349609375,181.94961547851562,304.8774719238281,65.05069732666016,460.56219482421875,820.246826171875,486.430908203125,242.99795532226562,570.2166748046875,292.98419189453125,153.1724853515625,62.09074020385742,87.55892944335938,153.4122314453125,76.47225952148438,85.1513442993164,71.83157348632812,182.48599243164062,56.35657501220703,57.5855598449707,285.7530517578125,25.4267635345459,148.8041534423828,112.93439483642578,155.23785400390625,164.7545623779297,69.83203887939453,338.013671875,34.25260543823242,91.76978302001953,451.6785583496094,26.30937957763672,85.67088317871094,142.58047485351562,528.8714599609375,285.4488830566406,64.00065612792969,339.2662048339844,229.89479064941406,79.17906951904297,345.07025146484375,41.02745819091797,79.14413452148438,216.2586212158203,101.10871124267578,108.83563995361328
2025-10-02,229.44204711914062,129.9855499267578,239.4066619873047,185.6823272705078,144.4600067138672,326.9824523925781,217.42999267578125,49.426429748535156,1136.257568359375,32.201114654541016,495.9200134277344,95.32344055175781,486.1934814453125,76.3995132446289,90.52603149414062,236.8708953857422,75.06736755371094,147.5555877685547,58.58662796020508,457.69952392578125,209.15853881835938,110.53937530517578,117.44812774658203,372.605712890625,11.675641059875488,38.45658493041992,298.301025390625,58.852256774902344,764.3465576171875,384.13189697265625,279.4550476074219,181.8811798095703,301.77679443359375,64.3883056640625,463.19647216796875,814.711669921875,486.78179931640625,242.3512420654297,573.754638671875,292.3602600097656,155.92176818847656,61.5849494934082,86.95661926269531,151.85748291015625,75.99595642089844,85.62687683105469,72.18976593017578,182.02000427246094,55.947021484375,57.223628997802734,285.5256652832031,25.30528450012207,147.70643615722656,112.5853500366211,152.39097595214844,164.19290161132812,69.19569396972656,340.6684265136719,33.29599380493164,90.88887023925781,446.9523620605469,25.793699264526367,86.02648162841797,140.7725372314453,523.1217041015625,285.0926513671875,64.14212799072266,344.5456237792969,229.67933654785156,80.29573059082031,343.2051696777344,40.62495422363281,78.78202819824219,213.3472442626953,100.85086822509766,108.1553726196289
2025-10-03,226.87181091308594,131.54940795898438,240.36688232421875,184.74989318847656,145.5,326.7449951171875,216.3000030517578,49.583091735839844,1136.4044189453125,32.48642349243164,498.75,95.71515655517578,493.4085388183594,76.09708404541016,91.28219604492188,238.33843994140625,75.10614013671875,147.72877502441406,59.00859832763672,458.75006103515625,213.79258728027344,110.86466217041016,119.3513412475586,369.34210205078125,12.105595588684082,39.24807357788086,295.86041259765625,59.61567306518555,774.7420654296875,384.1805114746094,281.0632019042969,184.48255920410156,304.2102355957031,64.92406463623047,460.4832763671875,834.6062622070312,491.7826232910156,241.39096069335938,576.8552856445312,293.43267822265625,155.7843017578125,61.566219329833984,86.64573669433594,154.0967254638672,77.82344055175781,86.05288696289062,69.634033203125,182.4720001220703,56.794708251953125,57.52841567993164,282.9154357910156,25.57628059387207,147.920166015625,113.49673461914062,149.30300903320312,164.1436309814453,70.58405303955078,343.34307861328125,33.442413330078125,91.51809692382812,449.93438720703125,25.84144401550293,85.56517028808594,139.62652587890625,541.4174194335938,289.12994384765625,64.2727279663086,350.85760498046875,231.91224670410156,81.43115234375,347.0643310546875,40.877685546875,78.94840240478516,216.1504364013672,101.21778869628906,110.06988525390625
2025-10-06,223.26373291015625,130.71861267089844,243.15933227539062,180.2430877685547,149.5,328.4764709472656,219.72999572753906,49.33831024169922,1154.5958251953125,33.12359619140625,500.0199890136719,96.01874542236328,490.9605712890625,75.56049346923828,92.00926208496094,243.71286010742188,74.47612762451172,148.18096923828125,58.979827880859375,453.2297668457031,210.53085327148438,111.14066314697266,120.1628646850586,375.82977294921875,12.134257316589355,39.89116668701172,297.07574462890625,57.6922607421875,781.4110107421875,378.6082763671875,282.0866394042969,184.01312255859375,304.8511047363281,64.3883056640625,462.27886962890625,839.7537231445312,501.2870178222656,236.80516052246094,575.2254638671875,288.6165771484375,153.103759765625,61.22902297973633,86.2668685913086,154.58563232421875,79.81616973876953,87.68755340576172,68.89828491210938,182.5679931640625,56.81375503540039,57.05218505859375,288.30401611328125,24.69788360595703,146.11328125,113.56460571289062,149.56600952148438,166.3311767578125,71.60604095458984,333.744140625,33.76454162597656,92.43772888183594,448.5652770996094,24.705036163330078,85.49788665771484,141.3850555419922,542.0452270507812,299.2330322265625,63.7503547668457,349.4646301269531,232.50965881347656,81.28101348876953,346.5087890625,38.79027557373047,78.96797943115234,214.11441040039062,101.842529296875,110.9833984375
2025-10-07,225.82427978515625,130.01487731933594,246.1575469970703,181.6029052734375,145.2899932861328,324.4990234375,221.82000732421875,49.240394592285156,1141.8284912109375,33.256736755371094,502.29998779296875,95.77391815185547,482.367919921875,77.18000030517578,92.31949615478516,237.72366333007812,74.74752044677734,149.0372314453125,58.375640869140625,457.3923034667969,207.60720825195312,110.9238052368164,121.30284881591797,366.84991455078125,11.389004707336426,40.25722885131836,300.5821838378906,56.77021789550781,774.4185180664062,376.15771484375,286.4238586425781,184.72705078125,303.3819885253906,65.06044006347656,464.07452392578125,838.3427124023438,498.19683837890625,235.06100463867188,576.2490234375,288.8895263671875,152.5146484375,62.42793273925781,85.11080932617188,152.51263427734375,80.88543701171875,86.14204406738281,66.71043395996094,180.84800720214844,56.213706970214844,56.795021057128906,281.0368347167969,24.548368453979492,148.18243408203125,112.4399185180664,150.54989624023438,166.79429626464844,72.22308349609375,333.8333435058594,33.58883285522461,93.33800506591797,451.2565612792969,24.981975555419922,85.79581451416016,140.9404754638672,537.2819213867188,290.9506530761719,63.78300857543945,354.2278137207031,227.07421875,80.68045806884766,349.6238708496094,38.752838134765625,79.40836334228516,213.98655700683594,102.3780288696289,111.04171752929688
2025-10-08,224.28213500976562,131.23663330078125,247.87220764160156,180.2624969482422,157.36000061035156,320.3929443359375,225.32000732421875,48.79978561401367,1140.624267578125,32.82877731323242,499.8399963378906,94.69670867919922,497.6404113769531,76.09708404541016,90.88471984863281,238.40785217285156,74.56336975097656,147.91159057617188,58.08793640136719,456.6390380859375,203.81845092773438,110.29293823242188,120.98404693603516,372.54638671875,11.217022895812988,42.394256591796875,301.3990783691406,55.917579650878906,761.5319213867188,373.2208557128906,282.1256103515625,185.50941467285156,299.77325439453125,64.40779113769531,461.56854248046875,840.4195556640625,501.07257080078125,232.80731201171875,572.8701171875,287.0176696777344,153.1724853515625,61.275848388671875,83.9353256225586,152.19970703125,81.69225311279297,87.57858276367188,66.88468170166016,182.86399841308594,56.775657653808594,56.204505920410156,285.37738037109375,23.997034072875977,146.38528442382812,112.45931243896484,151.25125122070312,166.10455322265625,71.46141815185547,334.3979797363281,33.159332275390625,93.10566711425781,452.3912048339844,25.067920684814453,86.86262512207031,139.01400756835938,534.3123779296875,301.3308410644531,63.81564712524414,360.3254699707031,227.847900390625,80.9338150024414,348.572265625,38.67795181274414,78.0284652709961,216.36680603027344,102.04085540771484,110.8084716796875
2025-10-09,223.74868774414062,130.29830932617188,246.95118713378906,180.00025939941406,158.22999572753906,321.0063781738281,216.0,48.75083541870117,1143.0035400390625,32.610050201416016,496.739990234375,93.93286895751953,495.8961486816406,75.91171264648438,89.13972473144531,243.26663208007812,74.37921142578125,145.89117431640625,57.79064178466797,452.14947509765625,203.3411102294922,109.4057846069336,120.48167419433594,373.031005859375,10.987714767456055,42.849365234375,298.201416015625,55.44167709350586,764.9154052734375,367.2888488769531,280.9267578125,186.86875915527344,301.2522277832031,64.65132141113281,452.0279541015625,849.9892578125,494.9702453613281,229.9460906982422,561.79443359375,286.4425048828125,150.1090545654297,61.556854248046875,85.00395202636719,152.8059844970703,81.37146759033203,84.41822052001953,65.88755798339844,183.58999633789062,55.88987731933594,55.87114334106445,294.12298583984375,23.58587074279785,146.27842712402344,110.9661865234375,152.79034423828125,159.8079833984375,70.89257049560547,330.08880615234375,32.339378356933594,93.05726623535156,457.2486572265625,24.9246768951416,85.63243865966797,136.889892578125,532.8076171875,296.73944091796875,64.1312484741211,358.1532897949219,226.7608184814453,80.02359771728516,344.2865295410156,38.21928405761719,78.18504333496094,213.95704650878906,100.92029571533203,109.72974395751953
2025-10-10,223.5643768310547,129.57504272460938,236.07530212402344,181.3212127685547,154.10000610351562,313.705810546875,210.72999572753906,47.63462448120117,1108.667236328125,31.849245071411133,489.1300048828125,91.98409271240234,486.9169616699219,76.05805206298828,84.96145629882812,239.6473388671875,75.50353240966797,143.25506591796875,58.4715461730957,442.3675842285156,201.33238220214844,107.63147735595703,122.71334838867188,365.0103759765625,10.90172290802002,40.44520950317383,290.3715515136719,54.876556396484375,749.6162719726562,365.4022521972656,270.7805480957031,186.51669311523438,296.6772155761719,65.30397033691406,447.74603271484375,828.2661743164062,492.3285217285156,227.54541015625,554.7589111328125,289.562255859375,146.0539093017578,62.32490539550781,83.53701782226562,148.4937286376953,81.02152252197266,84.34886169433594,63.138214111328125,177.74200439453125,54.22308349609375,55.49015808105469,290.1612548828125,23.156017303466797,145.4138641357422,107.84420776367188,156.316650390625,155.3935089111328,68.85826110839844,329.6826477050781,30.963027954101562,95.14822387695312,455.83270263671875,24.971010208129883,82.20137023925781,138.68795776367188,522.9622192382812,277.7206726074219,65.76364135742188,345.305419921875,220.79652404785156,77.76215362548828,340.9234619140625,37.94315719604492,75.96349334716797,215.6488037109375,100.98970794677734,107.61114501953125
2025-10-13,223.3704071044922,128.41192626953125,238.6424102783203,177.9411163330078,147.4499969482422,320.5104064941406,215.55999755859375,47.84024429321289,1130.950927734375,32.048954010009766,491.92999267578125,94.109130859375,500.2569274902344,75.10195922851562,86.06661987304688,246.6578826904297,76.02691650390625,146.17982482910156,58.826385498046875,435.1921081542969,203.9974365234375,108.69605255126953,121.81488037109375,371.2310485839844,11.025933265686035,42.32500076293945,296.3883972167969,55.14424514770508,771.6038818359375,368.92254638671875,270.19573974609375,186.69273376464844,303.6580505371094,65.0701904296875,450.5282897949219,814.2645874023438,491.13922119140625,229.75991821289062,556.5103759765625,292.58447265625,148.36131286621094,60.83562088012695,83.25529479980469,151.69126892089844,81.94498443603516,88.56928253173828,65.22926330566406,184.74000549316406,54.76598358154297,55.93781661987305,305.06744384765625,23.10929298400879,143.27671813964844,109.2888412475586,155.34255981445312,156.52671813964844,69.50421905517578,329.0387878417969,31.499902725219727,94.9449462890625,449.49359130859375,24.70073699951172,83.94093322753906,139.685791015625,522.7430419921875,299.7179260253906,65.39363098144531,349.35748291015625,221.1882781982422,78.05304718017578,340.5762023925781,37.84794235229492,77.23574829101562,213.52427673339844,101.26737213134766,109.07860565185547
2025-10-14,222.23561096191406,130.25921630859375,239.2694854736328,181.15609741210938,138.7899932861328,330.1618347167969,214.3000030517578,49.0445671081543,1169.27197265625,31.48786163330078,495.9700012207031,97.77165222167969,522.7642822265625,76.4873275756836,85.47526550292969,237.75341796875,77.20938110351562,146.61276245117188,58.99900817871094,443.95330810546875,205.00180053710938,109.58321380615234,123.48622131347656,370.2223205566406,11.131031036376953,41.52361297607422,298.9285888671875,56.661163330078125,755.8928833007812,377.0426330566406,269.1528625488281,186.6438446044922,297.85052490234375,65.76180267333984,453.1033935546875,807.2587280273438,492.45526123046875,235.90370178222656,565.1480102539062,296.9228820800781,149.765380859375,61.25712203979492,82.28382110595703,151.89659118652344,82.27549743652344,89.69869232177734,65.48096466064453,182.2519989013672,53.96592330932617,56.04258346557617,296.1435241699219,22.913055419921875,144.8990020751953,111.93573760986328,154.952880859375,157.06866455078125,69.08001708984375,332.11956787109375,31.79274559020996,96.4937973022461,456.38592529296875,25.221973419189453,85.49788665771484,142.36312866210938,523.9886474609375,292.8406982421875,66.3730697631836,350.5945739746094,222.39288330078125,78.86942291259766,345.61590576171875,38.60966110229492,82.75537872314453,214.5275115966797,106.31488037109375,109.127197265625
2025-10-15,220.9949493408203,127.0881576538086,234.87014770507812,184.57504272460938,143.3800048828125,327.9895324707031,214.0,51.18886184692383,1177.427734375,31.706592559814453,496.3900146484375,97.71289825439453,529.28564453125,75.73609924316406,85.05840301513672,234.59024047851562,78.18831634521484,146.3433837890625,59.16204071044922,444.4587097167969,204.95208740234375,110.1155014038086,124.30740356445312,377.51104736328125,11.236132621765137,41.414390563964844,298.9684143066406,57.305599212646484,753.1174926757812,377.60662841796875,273.6363220214844,186.956787109375,301.40997314453125,65.34293365478516,445.3782043457031,821.3896484375,486.8305969238281,236.66798400878906,560.0629272460938,297.5956115722656,150.6883544921875,60.76069641113281,81.71065521240234,159.0445556640625,83.39336395263672,92.71044921875,66.27479553222656,180.61000061035156,54.0230712890625,56.63310623168945,300.7193908691406,22.791576385498047,143.2086944580078,119.02323913574219,153.64756774902344,154.70375061035156,69.3017578125,329.6034240722656,31.79274559020996,96.53251647949219,452.8132019042969,25.164058685302734,87.37199401855469,143.4103546142578,526.0215454101562,301.518798828125,66.25334930419922,351.78289794921875,221.0609588623047,78.90695190429688,342.947265625,38.44779586791992,84.61483764648438,210.18014526367188,108.11967468261719,108.46635437011719
2025-10-16,221.6299285888672,125.30135345458984,229.29502868652344,185.97372436523438,146.00999450683594,320.5104064941406,211.88999938964844,49.38726806640625,1146.85107421875,31.174026489257812,488.80999755859375,94.26582336425781,536.1339721679688,76.17512512207031,84.25377655029297,243.93101501464844,78.86677551269531,145.95855712890625,58.135887145996094,453.08111572265625,209.7452392578125,108.3116226196289,123.0804672241211,371.4486083984375,11.217022895812988,41.40446853637695,298.68951416015625,56.84953308105469,743.46728515625,376.72174072265625,268.9774169921875,187.88584899902344,294.360107421875,65.83971405029297,438.29425048828125,814.2446899414062,480.8257141113281,238.20639038085938,547.196044921875,297.673583984375,148.6656951904297,60.1893424987793,81.52606964111328,156.4728546142578,82.67404174804688,97.35685729980469,64.70650482177734,178.8979949951172,53.42302322387695,56.471187591552734,310.009765625,22.642061233520508,145.32643127441406,117.48162841796875,151.94287109375,154.75303649902344,68.81006622314453,328.3453369140625,32.1343879699707,95.28375244140625,442.65753173828125,25.289541244506836,86.56468963623047,140.83181762695312,534.900390625,296.6997985839844,67.49397277832031,347.4190979003906,219.41561889648438,80.36141204833984,332.7389221191406,38.42875289916992,82.20732879638672,209.78668212890625,105.58106231689453,107.523681640625
2025-10-17,224.26759338378906,126.19474792480469,233.57679748535156,185.79888916015625,143.10000610351562,343.82061767578125,212.94000244140625,50.20973587036133,1136.8646240234375,31.506881713867188,492.4200134277344,95.05904388427734,522.3778076171875,77.70728302001953,83.8369140625,241.03558349609375,79.98139953613281,147.27659606933594,58.09752655029297,454.40911865234375,207.89559936523438,109.0903549194336,124.17215728759766,369.1838684082031,11.389004707336426,40.888153076171875,298.9883728027344,57.88064193725586,736.2885131835938,381.1075134277344,274.1528625488281,188.96160888671875,293.3938293457031,66.66771697998047,444.8552551269531,797.7984008789062,482.6778564453125,239.77418518066406,558.23193359375,300.3643798828125,149.8734130859375,60.92929458618164,82.37126159667969,155.15277099609375,82.16856384277344,89.92654418945312,65.21958923339844,180.72000122070312,51.78480529785156,57.09028244018555,288.5269775390625,22.903711318969727,147.0749969482422,120.30305480957031,153.9690399169922,155.63986206054688,69.98628997802734,327.6321105957031,31.851314544677734,94.67388916015625,443.7265319824219,25.4246768951416,87.30471801757812,142.1062774658203,537.0327758789062,291.98968505859375,68.69107055664062,347.35089111328125,221.3743438720703,81.0839614868164,339.17742919921875,38.60966110229492,81.50270080566406,211.9407196044922,106.83053588867188,109.07860565185547
2025-10-20,226.70004272460938,127.14704895019531,237.29026794433594,187.5375213623047,146.47999572753906,346.6575622558594,216.82000732421875,50.9538688659668,1135.728759765625,31.59247398376465,494.0799865722656,97.24285125732422,527.9537353515625,77.34388732910156,84.39918518066406,252.14138793945312,79.942626953125,148.62351989746094,58.93187713623047,458.3139953613281,207.22933959960938,110.3619384765625,124.56825256347656,373.5254821777344,11.455885887145996,41.8909912109375,301.51861572265625,57.50388717651367,748.5963745117188,378.180419921875,276.46282958984375,189.45057678222656,298.1265869140625,66.66771697998047,445.5162658691406,803.8899536132812,493.1570739746094,237.39309692382812,563.5956420898438,300.0523986816406,151.974609375,60.32046890258789,83.85760498046875,158.379638671875,82.40185546875,94.00827026367188,65.46160888671875,183.50999450683594,53.08966827392578,57.75700378417969,274.5319519042969,23.071918487548828,147.6190185546875,123.30868530273438,153.9690399169922,158.35951232910156,70.20805358886719,328.1274108886719,32.63222122192383,94.56741333007812,447.8526306152344,25.193017959594727,87.96786499023438,141.6024169921875,541.9356079101562,294.582275390625,68.4407730102539,355.0265197753906,222.6083221435547,81.55313873291016,341.67742919921875,38.84769821166992,84.18421936035156,211.86204528808594,106.15621185302734,109.52565002441406
2025-10-21,226.0455322265625,125.21300506591797,245.45208740234375,186.84786987304688,145.94000244140625,352.3511657714844,217.25999450683594,50.44472122192383,1106.3565673828125,31.53541374206543,491.2900085449219,96.21459197998047,521.4633178710938,77.2162094116211,83.76905822753906,261.1946105957031,80.48540496826172,147.9596710205078,58.375640869140625,455.7173767089844,219.54039001464844,112.66854095458984,123.97893524169922,369.34210205078125,12.000494956970215,41.01722717285156,305.4534606933594,66.05015563964844,744.3400268554688,380.1350402832031,274.9033508300781,187.65115356445312,292.9303894042969,69.37572479248047,444.05609130859375,794.5588989257812,477.170166015625,240.33270263671875,569.238037109375,299.76971435546875,163.61964416503906,59.71164321899414,85.12052917480469,155.7003631591797,81.64364624023438,85.51789855957031,66.17798614501953,188.3000030517578,52.17531204223633,57.17600631713867,272.5213623046875,23.22142791748047,147.2886962890625,122.1549072265625,148.0658721923828,170.5091552734375,70.06342315673828,335.259765625,32.72007369995117,93.89945220947266,453.6665344238281,25.14475440979004,90.7261734008789,142.17543029785156,556.0360717773438,291.4256591796875,67.84222412109375,355.8934631347656,221.86399841308594,82.63225555419922,344.4552001953125,38.37162780761719,82.95111846923828,211.36041259765625,105.33314514160156,109.5353775024414
2025-10-22,223.39810180664062,125.61551666259766,244.10975646972656,185.70176696777344,146.58999633789062,349.15716552734375,216.58999633789062,50.03348922729492,1106.0433349609375,32.638580322265625,491.80999755859375,94.30499267578125,510.78857421875,78.4340591430664,84.7385025024414,254.48153686523438,79.48709106445312,149.67221069335938,58.4044189453125,458.23468017578125,216.88525390625,111.46595764160156,124.65519714355469,356.6239318847656,11.876286506652832,40.49098587036133,296.74700927734375,66.7342529296875,730.2374267578125,378.2582092285156,280.22503662109375,188.6877899169922,289.9920959472656,68.9763412475586,443.89825439453125,807.3382568359375,474.86968994140625,239.8009796142578,568.5711669921875,302.3337707519531,164.19895935058594,60.348567962646484,85.11080932617188,154.61497497558594,80.52576446533203,86.20149230957031,66.87500762939453,187.1300048828125,50.84188461303711,57.40459442138672,270.05517578125,23.09994888305664,147.85214233398438,122.11612701416016,152.8000946044922,175.3769073486328,71.8663558959961,330.6732482910156,34.067142486572266,94.36412048339844,449.8687438964844,24.662128448486328,90.3609619140625,141.33566284179688,565.2138061523438,285.8546142578125,67.66809844970703,352.1141052246094,220.5908660888672,81.7126693725586,342.6198425292969,37.89554977416992,82.08989715576172,212.90463256835938,106.24545288085938,111.47904205322266
2025-10-23,222.97805786132812,124.0348892211914,244.76622009277344,184.83731079101562,152.75999450683594,352.0635070800781,217.77000427246094,50.67971420288086,1101.4613037109375,33.28526306152344,490.1600036621094,94.6869125366211,517.3385620117188,77.03942108154297,87.3268814086914,252.9049072265625,79.21836853027344,150.62466430664062,58.19342803955078,465.2317199707031,221.4894561767578,111.41667175292969,122.94522094726562,368.2937927246094,11.790295600891113,40.93779373168945,305.2143859863281,66.27819061279297,736.2982788085938,374.4267272949219,277.77862548828125,188.2281494140625,290.4161071777344,68.1288833618164,444.05609130859375,815.8942260742188,475.7566833496094,240.1357879638672,570.969482421875,299.2724914550781,168.48974609375,60.479698181152344,84.69307708740234,155.77857971191406,80.92431640625,88.08383178710938,67.45585632324219,187.83399963378906,50.699012756347656,57.356971740722656,277.3943786621094,23.053226470947266,147.86187744140625,121.94160461425781,153.61834716796875,176.8155517578125,73.00403594970703,328.63262939453125,35.1506462097168,93.07662963867188,452.6444396972656,23.764448165893555,90.5820083618164,140.68362426757812,569.9072875976562,287.68524169921875,67.82044982910156,351.10107421875,215.49818420410156,81.66573333740234,343.2151184082031,36.56254196166992,82.65751647949219,212.5603790283203,105.96780395507812,112.71327209472656
2025-10-24,222.7240753173828,124.53558349609375,242.6498260498047,186.0222930908203,153.82000732421875,354.6722717285156,221.35000610351562,51.472808837890625,1112.8477783203125,32.847801208496094,492.1000061035156,96.7336196899414,519.5550537109375,76.6072769165039,85.33953857421875,252.68675231933594,80.05873107910156,149.66258239746094,58.557857513427734,468.54193115234375,221.7678985595703,110.0859375,123.05148315429688,372.14093017578125,13.223475456237793,41.07680130004883,302.7040710449219,69.06415557861328,768.7598266601562,376.0312805175781,299.6695251464844,186.20375061035156,296.2334899902344,67.90483093261719,440.03070068359375,820.2766723632812,473.1832275390625,238.99354553222656,570.8699951171875,298.1220703125,165.44595336914062,60.573360443115234,84.9942398071289,160.2277374267578,82.05191802978516,82.59532165527344,66.904052734375,186.03399658203125,50.44185256958008,57.137908935546875,280.62322998046875,23.1373291015625,149.1697540283203,122.5815200805664,153.54042053222656,176.03709411621094,73.11972045898438,330.8614807128906,34.97494888305664,92.81525421142578,458.97412109375,24.266376495361328,90.59163665771484,140.19952392578125,570.4952392578125,291.8709411621094,68.20134735107422,353.0978698730469,212.13897705078125,81.84403228759766,344.6238708496094,36.96244430541992,84.56591033935547,211.1342010498047,105.28355407714844,112.13988494873047
2025-10-27,222.7631378173828,124.85956573486328,245.7068328857422,184.28366088867188,156.80999755859375,358.74908447265625,223.0,51.91341781616211,1107.639404296875,33.066532135009766,488.07000732421875,98.89783477783203,523.86865234375,76.4403076171875,85.9793701171875,253.32135009765625,80.56684875488281,149.3931884765625,58.308509826660156,473.83428955078125,219.77903747558594,110.73651123046875,123.16741943359375,375.5528564453125,12.669313430786133,40.8087158203125,311.6396484375,68.78654479980469,774.751953125,374.66009521484375,305.1568603515625,186.10597229003906,299.89154052734375,68.24576568603516,438.8665466308594,821.2305297851562,474.6454162597656,239.9191436767578,569.5662841796875,302.22650146484375,165.34774780273438,59.70227813720703,85.48968505859375,162.33987426757812,83.62665557861328,77.89936065673828,66.400634765625,189.25799560546875,50.375179290771484,57.52841567993164,278.7116394042969,23.146671295166016,148.43609619140625,123.21173858642578,149.2445831298828,176.6184844970703,72.80156707763672,332.92193603515625,35.29707336425781,92.35061645507812,465.7164306640625,24.642824172973633,93.96501922607422,141.54312133789062,561.8057861328125,295.1264953613281,68.244873046875,356.4876403808594,213.72555541992188,83.72075653076172,345.06036376953125,37.35282516479492,85.15310668945312,210.25881958007812,103.59776306152344,112.67440032958984
2025-10-28,222.28445434570312,124.29996490478516,248.2347412109375,177.4748992919922,156.77000427246094,358.1142578125,223.3300018310547,51.766544342041016,1101.412109375,32.77172088623047,481.44000244140625,99.28955078125,521.284423828125,75.76262664794922,84.13744354248047,252.1215362548828,80.32255554199219,148.2867889404297,57.1768684387207,464.0126953125,215.69192504882812,110.05636596679688,121.3897933959961,371.8639831542969,12.545104026794434,40.87821960449219,308.6013488769531,69.2723617553711,776.8114624023438,375.12689208984375,304.65008544921875,182.8102264404297,301.0845947265625,68.34317779541016,436.79461669921875,814.9600830078125,473.5341491699219,240.3327178955078,563.1677856445312,298.716796875,163.8061981201172,59.27141571044922,84.54735565185547,161.54782104492188,81.23538208007812,78.60275268554688,65.27767181396484,187.58200073242188,49.57511901855469,56.394989013671875,278.1470947265625,22.894367218017578,148.0741424560547,121.89312744140625,145.93255615234375,176.05682373046875,72.3773422241211,351.11932373046875,35.00423049926758,90.90823364257812,462.94073486328125,24.806915283203125,93.33070373535156,142.29397583007812,555.6773071289062,298.37213134765625,67.38514709472656,358.2993469238281,213.0987548828125,90.4206771850586,344.1476745605469,37.43852233886719,85.04544067382812,200.87550354003906,102.30860137939453,111.7900161743164
2025-10-29,219.9398956298828,122.15973663330078,242.74781799316406,173.93939208984375,162.02999877929688,355.3269348144531,213.5800018310547,51.482601165771484,1075.026123046875,33.475467681884766,475.760009765625,97.06657409667969,581.9337768554688,74.37779998779297,85.38800811767578,249.34510803222656,78.75910186767578,149.22003173828125,56.57268524169922,469.265380859375,212.81802368164062,108.6664810180664,120.07591247558594,383.47454833984375,12.650202751159668,41.8909912109375,313.0740966796875,68.53868865966797,767.95556640625,367.6292419433594,300.4005432128906,182.48751831054688,301.2325134277344,66.58003997802734,426.2279357910156,808.431396484375,473.1051940917969,234.83815002441406,551.8731689453125,294.7683410644531,161.64608764648438,58.04439926147461,84.11019897460938,160.3939666748047,79.4759521484375,78.92969512939453,63.26406478881836,182.33999633789062,48.927452087402344,55.58540344238281,272.6699523925781,22.698129653930664,145.53074645996094,119.71162414550781,142.9712371826172,173.7805938720703,72.84013366699219,342.4812927246094,35.95108413696289,90.52101135253906,443.5952453613281,24.266376495361328,90.45706939697266,139.982177734375,556.35498046875,301.8948059082031,66.35131072998047,346.0456848144531,211.9039306640625,91.39656829833984,338.5722351074219,38.28593063354492,84.16465759277344,194.2855682373047,101.60453033447266,113.1700210571289
2025-10-30,222.92921447753906,122.39535522460938,244.217529296875,174.29876708984375,158.44000244140625,355.9815979003906,200.0800018310547,51.9232063293457,1075.0751953125,33.066532135009766,478.5199890136719,98.14379119873047,579.6080932617188,75.14388275146484,85.44618225097656,254.491455078125,74.93840789794922,147.69993591308594,57.08096694946289,461.25750732421875,213.85223388671875,110.24365234375,120.96471405029297,378.8659362792969,12.478221893310547,41.43425369262695,309.5576477050781,68.08262634277344,774.9186401367188,369.09759521484375,302.2036437988281,184.88351440429688,305.10748291015625,67.19373321533203,424.1560363769531,839.2071533203125,477.3846435546875,236.14781188964844,550.9775390625,294.8463134765625,163.43310546875,53.51100158691406,83.8187484741211,161.59669494628906,79.35929870605469,81.545166015625,62.828426361083984,186.93600463867188,47.66069412231445,55.156803131103516,254.4358367919922,22.698129653930664,146.3231201171875,120.44849395751953,141.98739624023438,174.82510375976562,72.04954528808594,344.630859375,35.453250885009766,92.03115844726562,460.96209716796875,23.82236099243164,89.30377197265625,140.57492065429688,554.272216796875,300.04443359375,66.24246978759766,335.8082580566406,214.3131561279297,89.20079803466797,342.29248046875,37.095741271972656,84.15486145019531,197.275634765625,101.37645721435547,111.45960998535156
2025-10-31,213.00387573242188,121.3645248413086,245.0503692626953,173.84225463867188,157.69000244140625,357.8166809082031,201.02000427246094,52.334442138671875,1060.154052734375,33.408897399902344,477.5400085449219,99.13286590576172,573.7537841796875,75.67424011230469,86.1441650390625,258.2198181152344,76.36506652832031,151.74069213867188,56.284976959228516,457.5111999511719,214.18040466308594,111.01251983642578,120.08557891845703,377.352783203125,12.545104026794434,41.40446853637695,307.7645568847656,68.49903106689453,774.1439208984375,369.1365051269531,299.62078857421875,184.7074737548828,306.7639465332031,67.11579895019531,412.701416015625,857.4521484375,479.490234375,234.48367309570312,549.2957763671875,290.9466247558594,163.482177734375,52.808509826660156,83.5273208618164,161.34091186523438,79.12600708007812,80.21761322021484,62.528316497802734,183.8560028076172,47.10826873779297,55.482147216796875,260.1011657714844,23.03453826904297,147.09591674804688,120.312744140625,140.5944061279297,175.88929748535156,72.23271942138672,341.6986999511719,35.199459075927734,91.03407287597656,456.87359619140625,23.88992691040039,89.11156463623047,138.4508514404297,565.4031372070312,297.28363037109375,65.5024642944336,332.7010192871094,215.82138061523438,90.47695922851562,338.03656005859375,37.83842468261719,85.11394500732422,196.48876953125,100.3352279663086,111.13890075683594
2025-11-03,207.06431579589844,121.58049774169922,243.4238739013672,171.56942749023438,157.58999633789062,358.699462890625,204.5500030517578,52.44214630126953,1046.46630859375,33.16163635253906,475.67999267578125,100.09827423095703,567.1243286132812,73.64120483398438,85.863037109375,259.14202880859375,76.64844512939453,148.20021057128906,56.093177795410156,457.8184509277344,212.8677520751953,110.51966094970703,119.4769287109375,382.3075866699219,12.430448532104492,40.888153076171875,307.43585205078125,67.636474609375,770.3681640625,367.9306640625,297.0086975097656,182.15499877929688,305.0187683105469,66.20988464355469,406.6633605957031,890.9111328125,475.64947509765625,232.0317840576172,541.4144287109375,288.9382629394531,159.25030517578125,53.08013916015625,80.13687133789062,160.99658203125,79.4953842163086,80.86157989501953,60.65024948120117,182.76800537109375,46.7749137878418,55.69266891479492,255.3866424560547,23.043880462646484,144.79708862304688,120.43879699707031,140.857421875,174.45066833496094,71.72173309326172,342.3921203613281,36.13655090332031,90.17252349853516,466.07275390625,23.67757225036621,87.89098358154297,138.71762084960938,562.90185546875,301.667236328125,66.02483367919922,325.1325378417969,214.30337524414062,88.29058074951172,334.22698974609375,37.58134460449219,85.4369125366211,193.5380401611328,100.7417984008789,110.5558090209961
2025-11-04,210.90354919433594,123.50474548339844,237.9957275390625,175.1729278564453,153.5500030517578,357.57861328125,198.0500030517578,52.42256546020508,1037.733154296875,33.399383544921875,487.6600036621094,99.50720977783203,544.2540893554688,75.18316650390625,85.22321319580078,252.300048828125,76.29666137695312,147.5748291015625,56.88916015625,464.1217041015625,212.6390380859375,109.8789291381836,119.63150787353516,373.55511474609375,12.220250129699707,39.140625,303.03277587890625,66.29801940917969,775.5757446289062,372.5303649902344,293.22705078125,182.7417755126953,304.920166015625,66.88201904296875,412.34625244140625,901.1763305664062,472.7640686035156,234.11932373046875,550.0520629882812,291.7070617675781,157.67930603027344,53.67959976196289,81.46778869628906,161.3507537841797,79.40790557861328,78.16686248779297,59.275569915771484,177.51400756835938,45.95580291748047,53.72142028808594,245.7991180419922,22.707473754882812,143.965576171875,120.22549438476562,143.8382110595703,173.0415802001953,71.09503936767578,339.7571105957031,35.258026123046875,89.76595306396484,468.12640380859375,23.590702056884766,86.47819519042969,140.3378448486328,563.2606201171875,290.970458984375,66.17717742919922,322.24932861328125,216.35025024414062,87.50234985351562,337.5999755859375,37.43852233886719,85.2705307006836,197.38380432128906,101.4161148071289,110.92509460449219
2025-11-05,211.76321411132812,122.26773071289062,242.81640625,174.27932739257812,140.4199981689453,362.8456726074219,197.6199951171875,51.35531234741211,1051.107177734375,33.93195343017578,488.7699890136719,100.17709350585938,565.693115234375,75.53673553466797,85.01962280273438,250.55484008789062,76.75593566894531,146.87254333496094,57.24399948120117,469.4635925292969,211.02804565429688,109.77050018310547,119.57353973388672,382.24249267578125,12.525994300842285,39.92502212524414,303.93927001953125,68.18177032470703,777.7921752929688,363.54486083984375,298.99700927734375,181.90072631835938,307.3161315917969,66.73590087890625,412.63238525390625,920.0076293945312,461.2222900390625,230.7615509033203,550.6093139648438,298.00506591796875,161.3417205810547,53.53909683227539,81.982666015625,162.50177001953125,79.8453369140625,80.8714828491211,60.12748336791992,175.92599487304688,46.155818939208984,53.7022819519043,247.91868591308594,22.99715805053711,142.61563110351562,120.05097198486328,144.55906677246094,171.4551239013672,71.933837890625,332.6148681640625,35.677764892578125,88.48814392089844,466.14776611328125,23.706533432006836,88.36192321777344,141.96795654296875,565.6522827148438,290.56475830078125,66.69954681396484,319.2394714355469,212.89309692382812,87.18331146240234,337.34210205078125,37.79081726074219,85.09436798095703,197.24610900878906,100.62281036376953,110.47805786132812
2025-11-06,213.98077392578125,122.67024230957031,236.46722412109375,172.977783203125,134.02000427246094,362.77630615234375,196.5,52.17778015136719,1047.063720703125,34.06509017944336,493.1499938964844,99.3495864868164,566.3192749023438,75.89030456542969,83.04197692871094,237.2576141357422,76.86341857910156,147.14190673828125,58.02080535888672,471.1385498046875,209.49664306640625,108.91291809082031,119.79574584960938,374.2691650390625,12.53554916381836,38.37608337402344,304.0986633300781,68.25116729736328,772.388427734375,358.9062194824219,304.50384521484375,182.849365234375,309.0317687988281,67.27165222167969,409.7613525390625,931.5647583007812,457.1086120605469,227.80747985839844,550.5795288085938,290.9271545410156,160.88021850585938,53.642127990722656,83.3330078125,160.7703094482422,79.70924377441406,81.76311492919922,59.91450119018555,171.75399780273438,44.29853439331055,53.903236389160156,241.47088623046875,23.22142791748047,142.9482421875,120.22549438476562,146.02023315429688,172.53903198242188,71.5578384399414,330.524658203125,35.4922981262207,87.99444580078125,459.4898681640625,23.88027572631836,85.68048858642578,142.03712463378906,563.9981079101562,286.2108154296875,66.2860107421875,313.2197265625,213.49050903320312,87.83078002929688,334.2864990234375,37.91459655761719,84.20379638671875,196.34120178222656,100.83104705810547,111.27495574951172
2025-11-07,214.0980224609375,124.05452728271484,240.79798889160156,172.84181213378906,134.64999389648438,365.5635986328125,194.61000061035156,52.089656829833984,1059.556640625,34.78786087036133,499.05999755859375,99.29048156738281,559.6797485351562,77.35369873046875,84.17622375488281,237.86248779296875,77.18587493896484,149.14305114746094,59.05655288696289,463.61627197265625,208.77069091796875,109.15934753417969,119.46727752685547,370.6692810058594,12.767509460449219,39.52785873413086,306.0909729003906,70.14483642578125,771.1724243164062,360.8900146484375,298.6169128417969,182.45816040039062,309.8106994628906,68.72308349609375,414.88189697265625,918.5767211914062,446.8048095703125,229.58978271484375,549.27587890625,292.14581298828125,161.85226440429688,54.35398483276367,83.8187484741211,159.72752380371094,81.58531951904297,82.61512756347656,59.140037536621094,172.37399291992188,43.507999420166016,54.41997146606445,236.97422790527344,23.230937957763672,143.77972412109375,121.77678680419922,149.41990661621094,174.38169860839844,72.8786849975586,336.963623046875,35.78513717651367,88.51718139648438,465.5101318359375,23.967147827148438,87.68914794921875,142.8669891357422,570.4055786132812,283.4995422363281,67.47816467285156,315.801025390625,216.908447265625,90.03594207763672,333.3539733886719,38.11454391479492,84.6465072631836,198.60345458984375,101.73344421386719,113.91834259033203
2025-11-10,213.65843200683594,123.59310913085938,239.6124267578125,174.56101989746094,137.25999450683594,364.908935546875,194.80999755859375,52.30506896972656,1059.9776611328125,35.30139923095703,496.9800109863281,99.98006439208984,567.3827514648438,77.06887817382812,85.53343200683594,239.67710876464844,75.76899719238281,149.74916076660156,58.375640869140625,470.1573791503906,209.9938507080078,110.637939453125,118.76201629638672,376.4211730957031,12.719184875488281,40.65978240966797,310.74310302734375,70.44226837158203,781.8228149414062,360.228759765625,302.9584655761719,184.2576141357422,312.45318603515625,68.69384765625,415.03973388671875,960.581787109375,440.7122497558594,229.46176147460938,550.2610473632812,291.599853515625,164.63099670410156,53.90439224243164,84.27534484863281,162.3739013671875,82.40185546875,87.43987274169922,58.85929489135742,173.25999450683594,43.75563430786133,53.951080322265625,238.52926635742188,23.192901611328125,142.33193969726562,121.09809875488281,151.05642700195312,176.41156005859375,73.81389617919922,339.3311462402344,36.0291748046875,87.85891723632812,463.0907897949219,23.967147827148438,87.19900512695312,144.9515380859375,574.3316650390625,292.17767333984375,66.75364685058594,313.23919677734375,219.25892639160156,87.32406616210938,332.1932373046875,37.94315719604492,84.7055435180664,197.17727661132812,101.56486511230469,114.89018249511719
2025-11-11,219.9691925048828,124.68284606933594,237.66259765625,179.4854736328125,134.92999267578125,367.1705322265625,195.2100067138672,52.510684967041016,1063.0421142578125,35.52013397216797,497.07000732421875,99.26092529296875,564.48046875,78.051025390625,87.9182357788086,242.44363403320312,78.04578399658203,150.31680297851562,58.69212341308594,473.6856384277344,214.58810424804688,113.210693359375,119.4769287109375,364.85791015625,12.854496002197266,40.778926849365234,309.52777099609375,70.6108169555664,794.679931640625,363.9338684082031,307.4568176269531,189.5581512451172,311.200927734375,69.75562286376953,420.9396667480469,982.4238891601562,445.55706787109375,231.7363739013672,555.6246948242188,299.135986328125,165.61285400390625,54.70991134643555,88.35552978515625,163.8003692626953,83.36419677734375,89.11417388916016,61.1342887878418,172.13400268554688,46.813011169433594,54.697471618652344,233.89395141601562,24.257930755615234,145.30575561523438,122.41669464111328,152.7416534423828,176.59878540039062,74.24775695800781,341.8373718261719,36.71247100830078,88.22676849365234,466.7385559082031,24.30498695373535,88.01591491699219,144.39830017089844,584.4362182617188,288.1206359863281,67.0390625,318.9570007324219,220.15994262695312,89.17263793945312,336.23101806640625,38.75248336791992,84.79408264160156,199.9312744140625,102.57635498046875,116.4062271118164
2025-11-12,227.84303283691406,126.46965026855469,241.5524444580078,178.08682250976562,134.97999572753906,369.7594299316406,195.5,52.98066711425781,1071.041259765625,35.05413818359375,502.3999938964844,101.33953857421875,569.53955078125,77.15727233886719,86.34774780273438,243.9508514404297,78.42687225341797,147.50750732421875,58.85515213012695,476.4903564453125,218.17799377441406,114.98499298095703,119.69912719726562,366.33551025390625,12.999470710754395,41.51368713378906,307.83428955078125,71.22549438476562,822.787109375,360.9095153808594,308.6916809082031,190.10580444335938,315.92388916015625,69.65821838378906,423.2187805175781,1011.4013061523438,445.52783203125,231.106201171875,558.4906616210938,299.24322509765625,167.97918701171875,54.37271499633789,88.84127044677734,167.16493225097656,83.4905776977539,92.2051773071289,62.15076446533203,172.80799865722656,47.8702278137207,54.47738265991211,224.8214569091797,24.600261688232422,144.78729248046875,121.03990936279297,151.5337371826172,175.0911407470703,73.66928100585938,341.4807434082031,35.20922088623047,88.95279693603516,464.9662170410156,24.75865364074707,89.446533203125,145.8505859375,585.9608764648438,287.5763854980469,66.95124053955078,330.2658386230469,218.93572998046875,90.25176239013672,336.8572082519531,38.84769821166992,84.86294555664062,200.45257568359375,102.57635498046875,114.79299926757812
2025-11-13,226.92474365234375,126.901611328125,242.5714569091797,175.93055725097656,130.3000030517578,361.7843933105469,194.5800018310547,51.766544342041016,1047.269287109375,34.702266693115234,513.1099853515625,99.1722640991211,550.187744140625,77.38316345214844,86.68706512451172,238.40785217285156,77.43016052246094,149.68182373046875,58.375640869140625,469.1861267089844,219.96798706054688,106.07403564453125,119.39964294433594,351.1327209472656,12.835165023803711,40.252689361572266,303.0029296875,71.27507781982422,789.9628295898438,357.93377685546875,298.773681640625,190.94686889648438,305.14697265625,69.22960662841797,422.903076171875,1016.4592895507812,444.3677673339844,227.92564392089844,552.8583374023438,299.8671569824219,167.5275115966797,54.14792251586914,90.279052734375,162.9248046875,81.64364624023438,88.88631439208984,63.9223518371582,169.93800354003906,46.822532653808594,54.152034759521484,215.49148559570312,24.524187088012695,144.73838806152344,120.22549438476562,151.13433837890625,171.4156951904297,73.19685363769531,335.656005859375,35.44349670410156,88.25579833984375,471.6429138183594,24.855178833007812,88.19110107421875,145.05299377441406,578.0985107421875,279.2445983886719,66.22672271728516,323.8954772949219,216.908447265625,90.0547103881836,334.0738830566406,39.14287185668945,83.32820892333984,201.15089416503906,101.68386840820312,115.44412231445312
2025-11-14,226.99314880371094,128.20733642578125,240.25909423828125,178.31991577148438,131.3699951171875,354.2953186035156,194.52000427246094,51.5119743347168,1035.80419921875,35.221961975097656,508.94000244140625,98.80776977539062,550.6649169921875,76.65637969970703,88.57746124267578,241.61068725585938,76.03282165527344,151.6444854736328,58.07835006713867,471.98095703125,219.97793579101562,104.28987121582031,119.5799331665039,349.4667053222656,12.748178482055664,39.8753776550293,303.6504211425781,69.91680145263672,775.6541748046875,352.3809509277344,299.5871276855469,191.61187744140625,299.35906982421875,69.3172836303711,417.72332763671875,1020.3505249023438,454.03790283203125,224.361083984375,543.0663452148438,299.3309631347656,165.2496337890625,54.503849029541016,90.26934051513672,161.20318603515625,81.5367202758789,86.9841537475586,62.121726989746094,170.08599853515625,45.96532440185547,54.35298156738281,220.72103881835938,23.83001708984375,144.45469665527344,119.09111022949219,151.4071044921875,173.00216674804688,73.73802185058594,329.82757568359375,36.05845642089844,87.7911605834961,463.14703369140625,24.70073699951172,87.49039459228516,144.73594665527344,576.6835327148438,281.837158203125,65.03020477294922,313.511962890625,218.41668701171875,90.06409454345703,328.0500793457031,39.09526062011719,83.67254638671875,205.734375,101.6243667602539,116.94403839111328
2025-11-17,228.5952606201172,127.65755462646484,236.4574432373047,175.28948974609375,127.26000213623047,338.4940185546875,191.80999755859375,50.40555953979492,1002.3786010742188,35.19303894042969,503.260009765625,96.72916412353516,548.6968994140625,77.40280151367188,86.8064956665039,235.03643798828125,76.61913299560547,148.95065307617188,58.979827880859375,471.7331848144531,219.2122344970703,104.18143463134766,121.98692321777344,339.9066162109375,12.448564529418945,38.72359848022461,298.9784240722656,67.3291244506836,760.6002197265625,348.1702575683594,291.23724365234375,195.18145751953125,296.1644592285156,68.8497085571289,412.2574462890625,1016.7877807617188,458.9217224121094,221.55471801757812,534.2296142578125,297.25439453125,163.090087890625,54.44765090942383,90.2110595703125,156.86468505859375,83.35447692871094,86.28074645996094,60.892269134521484,167.1580047607422,46.155818939208984,54.54437255859375,217.75958251953125,23.849035263061523,142.64498901367188,119.76010131835938,148.8061981201172,173.061279296875,73.38762664794922,324.49560546875,34.94566345214844,88.4060287475586,458.5052795410156,24.584909439086914,86.10845947265625,143.84420776367188,565.1738891601562,279.0565490722656,64.99725341796875,312.20672607421875,216.4383544921875,89.92088317871094,323.8055725097656,39.04765319824219,82.0689468383789,204.5540771484375,102.09044647216797,115.36568450927734
2025-11-18,228.46826171875,127.62811279296875,235.154296875,176.33848571777344,123.44999694824219,337.9087829589844,189.6300048828125,50.56222152709961,997.8162231445312,35.37623596191406,504.3699951171875,96.85722351074219,543.5582885742188,77.91352844238281,87.74579620361328,231.53616333007812,76.15985870361328,149.44679260253906,58.93187713623047,469.6221923828125,224.25396728515625,104.76300811767578,120.64212799072266,335.4836120605469,12.583873748779297,39.716514587402344,294.8742370605469,67.34895324707031,761.3259887695312,327.2137145996094,284.161376953125,195.59217834472656,295.2179260253906,69.37572479248047,409.16937255859375,1025.09765625,462.762451171875,216.2078857421875,525.0048828125,296.9521789550781,163.48451232910156,55.20634078979492,93.67920684814453,157.23854064941406,82.27549743652344,85.79529571533203,60.495357513427734,163.593994140625,45.289085388183594,54.869720458984375,218.38357543945312,24.200876235961914,143.78952026367188,120.03157806396484,151.81625366210938,172.16458129882812,73.3000259399414,321.53668212890625,35.179935455322266,88.51338958740234,459.7524108886719,24.710390090942383,86.15711212158203,144.24053955078125,574.0128784179688,274.99951171875,65.19485473632812,305.4466857910156,216.26210021972656,88.62252807617188,319.2628479003906,39.49516296386719,82.50181579589844,207.8293914794922,100.54346466064453,116.68914031982422
2025-11-19,227.5304412841797,123.84835815429688,236.2124786376953,175.31863403320312,124.80999755859375,341.85662841796875,185.6999969482422,50.934288024902344,993.449462890625,34.6627311706543,501.260009765625,98.34476470947266,549.75048828125,77.06887817382812,86.08245849609375,225.96340942382812,74.80160522460938,147.57894897460938,57.723506927490234,470.5339660644531,221.17123413085938,103.17599487304688,119.11217498779297,342.7825622558594,12.467893600463867,40.9576530456543,299.665771484375,67.91407775878906,770.8289794921875,325.2882385253906,282.76971435546875,198.04684448242188,299.0238342285156,69.26856994628906,407.66973876953125,1044.5535888671875,458.0736389160156,224.91250610351562,527.7713012695312,295.1485595703125,164.2635498046875,54.89724349975586,92.33858489990234,159.6586456298828,81.91582489013672,86.69685363769531,60.64056396484375,163.2899932861328,46.67013931274414,54.26686096191406,223.3754119873047,23.658851623535156,143.78952026367188,118.6741943359375,151.58245849609375,171.2284698486328,71.70378875732422,327.4445495605469,35.00423049926758,86.91275024414062,460.2400207519531,24.39185905456543,83.77278900146484,144.46841430664062,571.7807006835938,279.4128112792969,64.6240234375,301.07318115234375,216.6048583984375,88.22156524658203,322.1853332519531,39.21903610229492,82.79695892333984,212.11776733398438,99.76997375488281,115.04218292236328
2025-11-20,224.1503448486328,121.70813751220703,235.92832946777344,173.9782257080078,119.58999633789062,341.02337646484375,179.3800048828125,49.935577392578125,971.7531127929688,34.44096755981445,501.1199951171875,96.177490234375,542.8128662109375,77.45191955566406,85.58346557617188,223.47451782226562,74.30326080322266,146.2266845703125,58.337284088134766,472.0800476074219,220.9425048828125,101.2341079711914,119.41426849365234,325.4674072265625,11.994307518005371,39.3491325378418,289.5049133300781,67.45801544189453,758.7761840820312,323.22662353515625,284.6023864746094,198.5945281982422,294.20233154296875,69.36598205566406,403.04248046875,1038.27392578125,456.4652099609375,224.93218994140625,525.303466796875,296.532958984375,162.32095336914062,54.494483947753906,92.2608642578125,156.12686157226562,81.94498443603516,81.23804473876953,59.46918869018555,160.0919952392578,45.336708068847656,53.8745231628418,208.6772003173828,23.202411651611328,144.96337890625,119.37228393554688,151.62139892578125,170.2036895751953,71.25607299804688,325.6871337890625,34.3502197265625,86.44427490234375,460.34320068359375,24.63317108154297,81.43711853027344,146.70762634277344,570.734375,274.5937805175781,65.07410430908203,303.45965576171875,216.64404296875,86.75137329101562,321.8373718261719,38.80961227416992,81.06546783447266,213.23904418945312,106.21570587158203,114.71866607666016
2025-11-21,230.8225860595703,125.77259826660156,246.76502990722656,174.4055938720703,117.43000030517578,350.0400085449219,179.6999969482422,50.48388671875,993.4885864257812,34.69165802001953,504.0400085449219,97.23157501220703,547.0867919921875,79.4849624633789,85.4856185913086,225.19989013671875,76.247802734375,145.90567016601562,58.95105743408203,482.8927001953125,226.12350463867188,102.79155731201172,119.66764068603516,328.95819091796875,12.400238037109375,39.587432861328125,286.33709716796875,69.72842407226562,759.0997924804688,333.8653564453125,291.5018310546875,199.40621948242188,293.84735107421875,71.06092834472656,407.2158508300781,1054.60498046875,449.173583984375,230.70245361328125,537.7623901367188,301.5927734375,165.75254821777344,54.503849029541016,94.97127532958984,155.60543823242188,81.6973876953125,82.71419525146484,60.79545974731445,162.68600463867188,45.36528396606445,54.22858810424805,196.86114501953125,23.81100082397461,147.63394165039062,121.96099853515625,151.22201538085938,167.85911560058594,71.3144760131836,334.67303466796875,35.32635498046875,87.1274642944336,462.86572265625,25.02892303466797,85.2715072631836,150.03671264648438,585.4227294921875,272.1793518066406,66.30358123779297,311.6709899902344,221.55062866210938,90.36958312988281,326.02227783203125,39.25712203979492,81.76396179199219,213.06199645996094,104.44065856933594,114.7774887084961
2025-11-24,224.2089385986328,124.869384765625,238.70120239257812,174.41531372070312,122.16999816894531,353.0554504394531,179.1199951171875,50.846168518066406,998.1588134765625,34.62416458129883,507.80999755859375,98.20684814453125,556.2010498046875,77.76619720458984,85.67151641845703,224.91233825683594,76.12078094482422,145.68191528320312,59.07572555541992,482.8828125,225.7157745361328,100.4849624633789,118.97573852539062,327.6888427734375,12.525884628295898,40.500911712646484,292.92169189453125,70.3927001953125,775.4580688476562,327.3109436035156,298.0484619140625,201.5088348388672,293.8276672363281,70.71024322509766,402.2137145996094,1065.0146484375,439.6983947753906,225.25714111328125,535.2247314453125,297.25439453125,167.2021026611328,53.69832992553711,97.53596496582031,160.1898956298828,82.4313735961914,85.7259521484375,59.953224182128906,163.16799926757812,42.831764221191406,54.05634307861328,198.36663818359375,23.982162475585938,143.77972412109375,122.60091400146484,147.15020751953125,171.35125732421875,71.27554321289062,335.6063537597656,34.857810974121094,87.00059509277344,458.7771911621094,24.729698181152344,82.27406311035156,147.4903564453125,584.0177612304688,281.6590270996094,65.42537689208984,310.7748718261719,219.86611938476562,89.31944274902344,327.3343811035156,38.28593063354492,83.28886413574219,208.3605194091797,103.19117736816406,113.68932342529297
2025-11-25,226.44606018066406,125.71369934082031,244.1979217529297,174.599853515625,125.04000091552734,359.7112731933594,182.44000244140625,51.38468551635742,1008.2237548828125,34.41204071044922,508.57000732421875,99.66482543945312,563.1685180664062,78.394775390625,84.75179290771484,232.15090942382812,76.67774963378906,144.49505615234375,59.0181884765625,493.685546875,229.4846954345703,101.83539581298828,118.81982421875,333.8572082519531,12.728849411010742,40.778926849365234,292.3140563964844,72.157470703125,786.8440551757812,341.40191650390625,298.4012756347656,203.39846801757812,298.7576599121094,70.72974395751953,402.391357421875,1104.6033935546875,441.0144348144531,234.45413208007812,543.8026733398438,302.66522216796875,169.15457153320312,54.64434814453125,102.64591979980469,162.7477264404297,83.01856231689453,85.46836853027344,61.647369384765625,165.06199645996094,44.8223876953125,54.27643585205078,195.14767456054688,24.45762062072754,145.25685119628906,123.51229858398438,153.3358612060547,170.30262756347656,70.85701751708984,340.22344970703125,35.04327392578125,87.1469955444336,464.3301086425781,24.96135711669922,84.25938415527344,150.98788452148438,595.686767578125,281.6986083984375,66.11695861816406,317.8173522949219,224.4005584716797,90.25502014160156,332.5331726074219,38.64775085449219,83.72173309326172,212.6783905029297,106.10663604736328,112.25802612304688
2025-11-26,222.4016876220703,126.19474792480469,242.84579467773438,176.03738403320312,127.6500015258789,361.0304870605469,186.9199981689453,51.88404846191406,1018.2984619140625,34.64344787597656,511.2300109863281,100.97503662109375,570.2451782226562,78.61084747314453,85.21165466308594,226.23114013671875,78.0360107421875,145.4484405517578,59.97720718383789,465.6777038574219,227.1875457763672,101.95369720458984,120.28156280517578,338.8554382324219,12.748178482055664,41.85127639770508,295.48187255859375,72.18720245361328,800.27001953125,345.68072509765625,297.1566162109375,204.2743682861328,303.33270263671875,70.99273681640625,402.44061279296875,1099.0303955078125,442.7203674316406,237.91038513183594,542.270263671875,304.5663146972656,168.4248809814453,54.97217559814453,101.6452865600586,165.217041015625,83.7134017944336,89.93950653076172,62.27662658691406,160.54400634765625,46.3939323425293,54.67833709716797,203.00193786621094,24.44811248779297,145.02206420898438,124.25887298583984,152.43968200683594,171.3314666748047,71.45074462890625,340.95819091796875,34.80900573730469,88.07418060302734,465.664306640625,24.922746658325195,87.39308166503906,151.7210693359375,591.172607421875,286.9232482910156,66.08402252197266,321.1583557128906,225.8989715576172,91.33380126953125,331.7975769042969,38.92387390136719,84.17427825927734,213.780029296875,108.18909454345703,112.51292419433594
2025-11-28,222.44076538085938,126.54817962646484,244.952392578125,176.0665283203125,130.67999267578125,362.32000732421875,189.0,52.530269622802734,1025.3870849609375,34.8073616027832,513.8099975585938,102.05867767333984,572.262939453125,78.95459747314453,86.77714538574219,228.6010284423828,78.52458190917969,147.02442932128906,60.197784423828125,460.3456726074219,225.5168914794922,102.97884368896484,120.77854919433594,343.0205993652344,12.835165023803711,42.675392150878906,297.30487060546875,72.8911361694336,810.1065063476562,347.0908508300781,302.41943359375,203.64450073242188,308.6965026855469,71.22652435302734,404.8282775878906,1070.2991943359375,446.3271789550781,238.76705932617188,547.8428955078125,304.0008544921875,169.65748596191406,55.271907806396484,101.839599609375,166.90914916992188,84.4473876953125,90.14816284179688,62.567047119140625,162.48199462890625,47.00349807739258,55.38981628417969,200.02069091796875,24.476640701293945,144.9340362548828,124.61758422851562,153.40403747558594,173.0330047607422,71.80113220214844,341.2560729980469,35.37516403198242,88.93307495117188,468.6897277832031,25.11579704284668,88.19110107421875,150.52220153808594,588.7610473632812,288.4570617675781,66.51213836669922,321.216796875,227.0448455810547,91.44837188720703,332.4437255859375,39.14287185668945,84.45958709716797,214.29147338867188,109.58732604980469,113.64029693603516
2025-12-01,219.91058349609375,125.6744155883789,252.23236083984375,171.21005249023438,128.11000061035156,357.4000549316406,186.4600067138672,52.12882614135742,1018.180908203125,35.20267868041992,508.54998779296875,101.1523666381836,564.6096801757812,78.51263427734375,88.31327819824219,230.8717803955078,77.2933578491211,148.3961181640625,58.308509826660156,463.9333801269531,222.89161682128906,105.24601745605469,117.669921875,336.891845703125,12.719184875488281,42.76475524902344,287.3432312011719,72.32601928710938,795.2193603515625,347.4895324707031,299.5675354003906,202.08950805664062,304.5947570800781,70.57909393310547,401.6908264160156,1052.8037109375,431.37786865234375,242.6171875,541.3148803710938,297.7337341308594,168.10931396484375,55.39366912841797,98.9251708984375,165.73843383789062,82.8424072265625,91.2411117553711,63.70692443847656,164.41400146484375,46.12724685668945,55.21676254272461,199.0203399658203,24.02971076965332,144.22972106933594,125.00542449951172,152.10845947265625,166.21694946289062,72.32671356201172,339.0716247558594,35.72657012939453,86.87371063232422,465.3448791503906,24.893789291381836,88.91126251220703,149.73947143554688,583.1009521484375,284.6672058105469,66.24868774414062,314.8269348144531,226.58453369140625,90.90420532226562,328.41790771484375,38.79057693481445,84.01688385009766,212.38333129882812,110.59880828857422,114.33634185791016
2025-12-02,219.18768310546875,124.01525115966797,255.7498779296875,170.7632598876953,127.22000122070312,357.78692626953125,205.3800048828125,52.07986831665039,1016.8885498046875,35.05805206298828,506.6499938964844,101.65476989746094,578.93212890625,77.41263580322266,87.36420440673828,232.7359619140625,75.84717559814453,146.1683349609375,57.876953125,464.964111328125,225.3279571533203,103.33370971679688,116.636962890625,330.3465881347656,12.525884628295898,42.665462493896484,288.20989990234375,73.02993774414062,803.448974609375,344.2803649902344,295.75518798828125,202.16824340820312,303.5693359375,69.323486328125,403.3187561035156,1041.09033203125,433.9610900878906,239.44650268554688,543.2454833984375,294.9385070800781,169.17428588867188,55.09394073486328,98.14799499511719,166.34837341308594,82.7739028930664,89.89977264404297,63.25876998901367,164.87600708007812,45.17478942871094,55.2840576171875,199.17881774902344,23.915599822998047,142.68411254882812,125.00542449951172,150.61807250976562,166.9885711669922,71.98605346679688,335.0999755859375,35.4922981262207,86.90299224853516,461.5301818847656,24.63317108154297,88.04512023925781,148.63967895507812,578.3377075195312,289.0309753417969,65.3485336303711,316.1224670410156,227.44638061523438,91.24789428710938,327.6524658203125,38.66679382324219,84.9219741821289,211.0161590576172,111.47146606445312,113.11092376708984
2025-12-03,224.92210388183594,123.00404357910156,267.3410339355469,171.12261962890625,127.80000305175781,365.15692138671875,202.5399932861328,52.961082458496094,1057.275390625,35.90654373168945,503.6000061035156,105.13225555419922,587.8973999023438,76.80369567871094,89.82984924316406,236.71224975585938,73.2870101928711,147.471923828125,57.570064544677734,477.5210876464844,227.1875457763672,104.230712890625,115.5942611694336,332.78619384765625,12.651530265808105,44.21440505981445,287.383056640625,74.0511245727539,824.5008544921875,348.05352783203125,296.57843017578125,202.0796661376953,307.75982666015625,69.4608154296875,405.1606140136719,1028.5906982421875,438.85247802734375,243.1587677001953,551.0272216796875,301.79412841796875,170.68301391601562,54.70991134643555,99.35260772705078,170.9033203125,83.13599395751953,89.07508850097656,63.96023941040039,166.5800018310547,45.308135986328125,55.851318359375,205.74545288085938,24.314985275268555,143.51560974121094,125.25750732421875,147.7834014892578,166.64231872558594,73.11509704589844,336.83758544921875,36.94347381591797,85.8684310913086,469.6763000488281,24.440120697021484,88.4830551147461,148.6793212890625,578.4174194335938,292.3558349609375,65.16191864013672,330.8990173339844,230.37464904785156,93.75867462158203,327.64251708984375,38.72392272949219,87.90289306640625,212.59970092773438,113.45476531982422,115.48333740234375
2025-12-04,223.4274444580078,123.1120376586914,263.9018859863281,173.69656372070312,128.5500030517578,368.1524963378906,201.8699951171875,53.02962112426758,1053.0751953125,35.89690017700195,503.2300109863281,106.18634033203125,595.5109252929688,76.21441650390625,91.11160278320312,245.3787384033203,74.99703979492188,148.12371826171875,57.38785171508789,478.7202453613281,225.86495971679688,103.9645767211914,114.9608383178711,336.1182861328125,12.699854850769043,44.29383850097656,290.7401123046875,74.64599609375,825.7425537109375,343.7079162597656,301.8411865234375,199.27479553222656,311.67425537109375,69.10767364501953,399.7934875488281,1009.6123657226562,440.3749694824219,242.4005584716797,539.6629638671875,302.6081848144531,166.91615295410156,54.64434814453125,98.0119857788086,172.05435180664062,81.60931396484375,90.13822937011719,63.999202728271484,167.7740020751953,45.708168029785156,55.96669387817383,212.2824249267578,24.43860626220703,142.1949920654297,124.27823638916016,144.73439025878906,169.4716339111328,72.51165008544922,332.9949951171875,37.504268646240234,85.23403930664062,466.9609069824219,24.507686614990234,89.13509368896484,148.9171142578125,573.2256469726562,289.8622131347656,64.88748931884766,324.84033203125,232.3921356201172,90.46505737304688,325.1475524902344,39.28569030761719,88.74897003173828,210.67190551757812,113.88116455078125,114.83631134033203
2025-12-05,220.85816955566406,122.7978744506836,261.2074279785156,173.7257080078125,128.58999633789062,367.3590087890625,201.88999938964844,53.0985221862793,1054.8363037109375,34.54703140258789,504.3399963378906,107.26011657714844,599.5064697265625,76.67601776123047,91.66930389404297,258.3784484863281,73.90261840820312,145.9251251220703,56.72642135620117,470.87091064453125,224.98985290527344,103.79700469970703,113.54781341552734,334.8588562011719,12.593538284301758,44.879661560058594,282.8505554199219,75.55001831054688,842.2312622070312,347.0747985839844,301.7922058105469,198.73348999023438,310.62908935546875,68.66624450683594,395.6739807128906,1005.4524536132812,444.156494140625,244.66534423828125,542.8572998046875,305.2464599609375,165.15103149414062,54.316524505615234,96.8753662109375,173.64808654785156,81.35486602783203,89.18437957763672,64.16483306884766,170.8719940185547,45.584346771240234,56.226287841796875,215.50135803222656,24.752408981323242,140.3265838623047,124.0843505859375,143.9843292236328,169.26390075683594,71.06141662597656,330.7510070800781,37.838775634765625,84.20923614501953,468.39849853515625,24.401512145996094,89.71902465820312,151.86968994140625,570.7642822265625,291.6334533691406,65.29364776611328,322.32720947265625,231.8010711669922,90.570068359375,329.2627868652344,39.69511413574219,88.37512969970703,210.8842010498047,114.14891052246094,114.24811553955078
2025-12-08,217.96653747558594,119.8624267578125,261.1192626953125,177.9411163330078,129.11000061035156,359.3541564941406,206.27000427246094,53.04930877685547,1044.8602294921875,34.49882125854492,497.2300109863281,107.29952239990234,592.876953125,74.75102233886719,90.87677001953125,257.34722900390625,74.78205871582031,144.67018127441406,56.677921295166016,462.1890869140625,223.22970581054688,106.09374237060547,112.2809829711914,340.54132080078125,12.699854850769043,44.68107604980469,286.08807373046875,75.21224975585938,854.1862182617188,342.47467041015625,303.0074462890625,198.4283905029297,310.79669189453125,68.91149139404297,385.5833740234375,992.793701171875,457.1020202636719,241.0712432861328,537.8021850585938,303.8341369628906,161.67999267578125,54.428916931152344,96.1078872680664,173.96290588378906,78.8299560546875,88.42925262451172,61.904544830322266,170.70399475097656,44.546173095703125,55.110992431640625,218.43309020996094,24.505168914794922,135.32785034179688,122.814208984375,144.451904296875,169.67938232421875,70.75968170166016,324.8133544921875,37.62232971191406,83.50651550292969,462.36639404296875,23.976802825927734,90.5656967163086,152.30563354492188,566.2202758789062,298.70855712890625,60.70509338378906,317.3457336425781,231.9291534423828,91.21924591064453,324.8890686035156,39.32377243041992,88.60139465332031,207.57647705078125,112.61185455322266,113.6991195678711
2025-12-09,217.8395538330078,119.03775787353516,264.08807373046875,174.39590454101562,130.0399932861328,360.97100830078125,200.3699951171875,52.69499206542969,1054.0001220703125,34.27705764770508,491.42999267578125,107.80194091796875,590.7499389648438,75.60548400878906,91.41490936279297,258.82470703125,76.4530029296875,144.45614624023438,56.697322845458984,458.730224609375,221.98666381835938,105.49244689941406,112.30046844482422,338.9248352050781,12.641864776611328,44.48249435424805,284.21527099609375,76.65271759033203,863.9335327148438,337.9332580566406,304.2815246582031,196.794677734375,296.30255126953125,68.75452423095703,386.5736083984375,977.49755859375,458.585205078125,238.95413208007812,534.92626953125,304.81494140625,162.79425048828125,54.494483947753906,94.12608337402344,175.9304656982422,77.93938446044922,93.48661804199219,61.699954986572266,170.98199462890625,44.15566635131836,54.85139083862305,219.41363525390625,24.08676528930664,136.5897674560547,123.57047271728516,146.4780731201172,170.08497619628906,70.61369323730469,318.86578369140625,37.68136215209961,83.43818664550781,461.0791320800781,23.658267974853516,91.11068725585938,152.26600646972656,561.0982666015625,300.2324523925781,62.42582702636719,317.3261413574219,228.1070098876953,92.57489013671875,324.55108642578125,38.21928024291992,87.45034790039062,206.66807556152344,114.0993423461914,115.92448425292969
2025-12-10,219.9789581298828,120.31404876708984,266.7237548828125,175.08551025390625,132.36000061035156,372.5368347167969,198.72000122070312,53.226470947265625,1065.855224609375,34.59524154663086,490.42999267578125,109.43724060058594,611.6124267578125,76.3715591430664,94.71222686767578,261.9779357910156,77.16632843017578,147.29681396484375,56.30937957763672,464.71636962890625,229.13662719726562,107.27661895751953,111.09210205078125,350.51788330078125,12.960810661315918,46.12080001831055,282.5118408203125,80.26879119873047,876.4109497070312,343.66876220703125,306.42779541015625,203.2705078125,305.76806640625,68.87225341796875,388.8511962890625,988.8626708984375,459.6164855957031,242.43008422851562,536.2298583984375,304.5599060058594,163.35633850097656,54.97217559814453,94.83527374267578,176.79620361328125,79.53457641601562,93.79463195800781,64.09663391113281,170.71200561523438,46.7177619934082,54.486045837402344,220.87948608398438,24.514678955078125,136.775634765625,125.76168823242188,145.8936004638672,172.8450469970703,70.93488311767578,323.9594421386719,39.285030364990234,82.06204223632812,461.6335144042969,23.542438507080078,92.0838851928711,154.23770141601562,571.8005981445312,306.8919677734375,62.250362396240234,322.003662109375,231.9488525390625,95.12387084960938,323.78570556640625,38.00980758666992,89.22119140625,206.51011657714844,112.23503112792969,117.1891098022461
2025-12-11,218.8066864013672,121.03072357177734,264.9111022949219,176.493896484375,134.38999938964844,381.78155517578125,200.7100067138672,53.698890686035156,1084.03662109375,34.257774353027344,495.8500061035156,110.07756805419922,621.8101196289062,75.87066650390625,94.62416076660156,260.1435546875,78.98385620117188,146.62554931640625,56.41605758666992,471.69354248046875,231.07577514648438,109.86907196044922,111.47215270996094,347.4534606933594,13.173441886901855,47.76903533935547,287.3133239746094,80.31845092773438,897.8865966796875,349.8642578125,304.53631591796875,206.68557739257812,312.9363098144531,67.79320526123047,399.3676452636719,1004.5270385742188,466.43304443359375,244.28131103515625,560.6201782226562,303.75567626953125,166.25546264648438,55.000282287597656,96.18561553955078,177.3667755126953,79.47586059570312,98.78243255615234,65.9964370727539,173.4980010986328,47.898807525634766,55.01484680175781,196.9503173828125,24.5336971282959,137.69515991210938,126.58580780029297,147.0430450439453,175.5160675048828,70.91541290283203,326.9679870605469,39.688411712646484,82.69644165039062,467.4964904785156,23.45556640625,94.37090301513672,154.14852905273438,576.8728637695312,302.47174072265625,63.1861572265625,330.2015686035156,232.5989990234375,95.92579650878906,343.56689453125,38.29545593261719,91.09041595458984,209.37351989746094,114.55548858642578,117.1891098022461
2025-12-12,218.16192626953125,123.17095184326172,266.0770568847656,175.51287841796875,124.76000213623047,379.4703674316406,204.3800048828125,54.26973342895508,1071.49267578125,33.9974365234375,499.5199890136719,110.13668060302734,594.258544921875,76.94119262695312,93.47940063476562,260.0245056152344,77.6060562133789,145.91542053222656,57.54109191894531,480.4744567871094,225.0694122314453,110.007080078125,112.35894775390625,329.2259826660156,13.299086570739746,47.04420852661133,298.6596374511719,80.35820007324219,875.1493530273438,352.0076904296875,303.0662536621094,208.23074340820312,314.06036376953125,69.17634582519531,412.18145751953125,1022.56982421875,471.70751953125,243.50340270996094,569.1383666992188,310.6308898925781,166.55128479003906,55.02837371826172,97.4388198852539,175.51727294921875,79.9064712524414,97.5106430053711,65.73339080810547,173.01199340820312,47.794036865234375,55.49557876586914,188.15512084960938,24.58124542236328,139.7298583984375,126.21737670898438,149.6731719970703,176.7427520751953,70.39956665039062,326.3623046875,38.81278991699219,82.41339874267578,470.7568054199219,23.72583770751953,94.48767852783203,154.70338439941406,570.2760620117188,289.7616882324219,63.30313491821289,335.21246337890625,236.3719024658203,96.3458480834961,345.7537536621094,38.93339538574219,91.2576675415039,212.88856506347656,115.96154022216797,116.4832763671875
2025-12-15,222.19654846191406,126.12603759765625,269.1144714355469,175.08551025390625,125.88999938964844,379.48028564453125,205.5,54.45674133300781,1064.6748046875,33.987796783447266,506.3800048828125,111.1218032836914,586.1779174804688,78.0117416381836,92.3248519897461,252.4388427734375,77.8698959350586,145.73056030273438,58.035709381103516,483.6558532714844,227.2571563720703,109.64981079101562,113.7524642944336,330.4457702636719,13.192770957946777,47.1832160949707,299.82513427734375,81.44103240966797,876.7559204101562,349.40423583984375,302.4978332519531,210.77972412109375,315.53936767578125,69.6177749633789,412.9241638183594,1057.0830078125,475.8033447265625,244.9705810546875,566.3521118164062,312.6022644042969,163.39578247070312,55.34683609008789,98.23243713378906,174.90731811523438,79.9064712524414,99.05070495605469,66.03540802001953,153.0399932861328,47.974998474121094,55.84170913696289,183.15338134765625,25.132776260375977,141.97000122070312,126.6827621459961,154.3099822998047,180.15573120117188,70.30223083496094,326.1240234375,38.271671295166016,83.93595123291016,469.44140625,23.465219497680664,94.94508361816406,155.2681427001953,574.3247680664062,285.4952087402344,63.40061950683594,334.4868469238281,236.88414001464844,95.53437805175781,344.81939697265625,38.84769821166992,91.3954086303711,215.5643768310547,116.05097198486328,115.44412231445312
2025-12-16,218.5038299560547,124.54540252685547,266.5473937988281,173.9879608154297,126.12999725341797,377.67498779296875,206.7100067138672,53.9449462890625,1050.88134765625,32.5511474609375,499.8399963378906,109.6244125366211,585.3529052734375,77.5403060913086,88.8122787475586,252.7660675048828,76.50186920166016,142.76341247558594,57.550785064697266,481.1087646484375,223.44850158691406,110.77122497558594,112.64154815673828,327.1929626464844,13.212101936340332,47.20307922363281,297.58380126953125,81.22248077392578,866.4664306640625,345.1858215332031,297.1272277832031,205.98681640625,311.1319580078125,69.02920532226562,419.3805847167969,1049.2210693359375,468.5742492675781,242.6959686279297,563.2572631835938,308.4535827636719,160.93055725097656,55.57164001464844,96.28266906738281,173.64808654785156,79.5835189819336,97.4013442993164,65.39239501953125,156.2239990234375,46.632041931152344,55.22636413574219,186.8477325439453,24.276948928833008,142.0482635498047,124.689453125,153.86187744140625,177.99913024902344,68.5794677734375,325.5481262207031,37.002506256103516,83.65290832519531,469.65753173828125,23.233558654785156,95.05213165283203,153.6630401611328,568.5906372070312,284.6319885253906,62.708518981933594,327.7206115722656,232.3625946044922,95.57256317138672,343.0500183105469,38.80009078979492,90.69690704345703,216.1370391845703,114.68964385986328,112.42469024658203
2025-12-17,219.12904357910156,124.39813995361328,268.21307373046875,173.36631774902344,122.36000061035156,372.57647705078125,206.3300018310547,53.689048767089844,1047.7919921875,33.2357292175293,504.2699890136719,109.80174255371094,558.4772338867188,78.30638122558594,92.91191101074219,255.9689178466797,76.10122680664062,145.45816040039062,58.29757308959961,476.7083740234375,221.39002990722656,109.78874969482422,114.43460845947266,313.2000427246094,12.864160537719727,47.4810905456543,291.0588684082031,79.9806900024414,859.744873046875,349.1693420410156,297.2644348144531,207.00050354003906,310.5699157714844,69.323486328125,418.22198486328125,1036.7811279296875,466.3446350097656,244.16314697265625,562.7098999023438,312.5630187988281,159.9148712158203,55.43113708496094,97.17427825927734,171.9658203125,78.57550048828125,98.81224060058594,63.999202728271484,156.47799682617188,45.498626708984375,55.534034729003906,176.75511169433594,23.81100082397461,144.59165954589844,125.13893127441406,154.5048065185547,175.29843139648438,69.640380859375,325.6275634765625,37.90764617919922,84.94123077392578,479.73919677734375,23.51348304748535,95.95720672607422,154.22779846191406,561.0115966796875,274.7992858886719,63.91725540161133,325.2004699707031,233.2097625732422,96.38404083251953,342.35418701171875,38.92387390136719,91.09041595458984,216.99607849121094,114.92813110351562,115.10100555419922
2025-12-18,217.67349243164062,122.83715057373047,264.5093688964844,169.286865234375,124.62000274658203,372.48724365234375,208.27000427246094,53.40362548828125,1047.7821044921875,32.11726760864258,503.3900146484375,111.1513442993164,562.3932495117188,76.34209442138672,90.24079895019531,256.09405517578125,76.0132827758789,143.67788696289062,58.28786849975586,470.8114929199219,223.10044860839844,111.01932525634766,114.55155181884766,313.3289489746094,12.873825073242188,47.58038330078125,300.5324401855469,80.63634490966797,863.6575317382812,347.44671630859375,294.45172119140625,205.01248168945312,308.61767578125,69.0193862915039,414.9046325683594,1051.798583984375,461.7773742675781,243.91697692871094,563.4464111328125,313.5045471191406,159.51055908203125,54.69117736816406,98.65374755859375,170.15565490722656,79.12355041503906,98.70294189453125,63.94075012207031,153.3800048828125,45.34623336791992,54.582191467285156,178.3101043701172,23.81100082397461,142.35153198242188,124.73831176757812,153.2384490966797,176.376708984375,69.40678405761719,323.05584716796875,37.51410675048828,85.12667846679688,476.0936279296875,23.41695785522461,96.39514923095703,153.45497131347656,560.8421020507812,282.4590759277344,63.556583404541016,321.7781066894531,230.9243621826172,97.45327758789062,343.94464111328125,38.47636413574219,89.99840545654297,215.5643768310547,114.10338592529297,114.24811553955078
2025-12-19,221.58108520507812,123.16112518310547,266.7531433105469,167.4608612060547,131.1199951171875,373.46923828125,214.0800018310547,54.39768600463867,1043.0401611328125,32.72470474243164,494.5299987792969,113.15115356445312,572.7201538085938,76.9608383178711,89.95704650878906,258.1400451660156,75.94489288330078,143.7362518310547,57.6380729675293,466.3714599609375,223.58770751953125,110.39411163330078,112.6123046875,315.1636047363281,13.01880168914795,48.801666259765625,306.03125,81.80860137939453,880.5896606445312,337.66900634765625,294.9711608886719,203.10321044921875,312.7686767578125,68.72510528564453,417.32086181640625,1066.2884521484375,465.6963806152344,236.75830078125,569.4369506835938,309.767822265625,159.70779418945312,54.39145278930664,99.04564666748047,174.11045837402344,77.84152221679688,100.64044189453125,57.19886779785156,155.30999755859375,45.803409576416016,54.15914535522461,190.1360321044922,23.953638076782227,141.31460571289062,124.31814575195312,152.78060913085938,180.05679321289062,70.09783172607422,318.58770751953125,37.46491622924805,83.23323059082031,481.62774658203125,23.310779571533203,95.38301849365234,153.17755126953125,566.26708984375,286.6957702636719,63.459110260009766,321.07208251953125,230.7371826171875,97.30052185058594,347.1653137207031,37.91459655761719,91.50362396240234,213.60935974121094,113.6363525390625,114.3951644897461
2025-12-22,222.64590454101562,122.91568756103516,265.205078125,167.57740783691406,130.72999572753906,377.774169921875,216.83999633789062,54.9980583190918,1070.6268310546875,32.917545318603516,499.95001220703125,116.33308410644531,578.8724975585938,77.62870788574219,91.29750061035156,262.827880859375,76.57026672363281,145.73056030273438,55.49470901489258,464.5874938964844,226.74005126953125,111.52543640136719,113.33343505859375,317.73211669921875,13.009136199951172,50.281105041503906,313.52239990234375,82.48412322998047,886.030029296875,339.0295104980469,296.7449951171875,204.0381622314453,318.56634521484375,68.87225341796875,419.3805847167969,1071.3043212890625,474.968505859375,238.3633270263672,572.8900756835938,310.1405334472656,157.77503967285156,54.89724349975586,102.60224151611328,176.8453826904297,78.33085632324219,104.20741271972656,55.747215270996094,156.67999267578125,45.812931060791016,54.486045837402344,196.48480224609375,23.972652435302734,139.5831298828125,124.6698989868164,155.5665740966797,183.6874237060547,70.64289093017578,321.546630859375,37.710880279541016,83.66267395019531,490.36578369140625,23.45556640625,92.6483383178711,155.1393280029297,574.1154174804688,290.9919738769531,63.322635650634766,318.8558654785156,231.11151123046875,96.16447448730469,349.98834228515625,38.06693649291992,92.7530517578125,216.887451171875,111.88748931884766,115.82645416259766
2025-12-23,223.50558471679688,122.26773071289062,265.3030090332031,169.5005645751953,131.32000732421875,379.1033630371094,216.85000610351562,55.086639404296875,1068.993896484375,33.34178924560547,500.510009765625,117.62360382080078,578.8824462890625,78.50281524658203,90.73001098632812,261.6360168457031,76.25757598876953,146.42124938964844,56.38697052001953,462.05035400390625,229.54434204101562,112.35905456542969,113.8109359741211,320.1320495605469,12.844830513000488,51.53217697143555,314.3193054199219,82.20596313476562,888.7009887695312,337.6396789550781,297.71527099609375,202.52255249023438,321.3666076660156,68.53872680664062,420.955078125,1066.4876708984375,473.96661376953125,238.4420928955078,573.536865234375,304.86395263671875,157.92294311523438,55.02837371826172,102.915771484375,176.589599609375,78.08618927001953,104.5750503540039,55.86412811279297,154.36000061035156,49.15604019165039,53.77456283569336,193.4738311767578,23.658851623535156,140.06246948242188,124.84578704833984,157.86549377441406,183.7665557861328,71.11981201171875,321.7551574707031,37.582977294921875,84.31658935546875,493.4100646972656,23.610004425048828,91.77246856689453,154.4853973388672,578.3436889648438,294.6333923339844,64.07322692871094,318.5028381347656,230.65838623046875,95.64894104003906,351.2706298828125,38.00980758666992,92.93997955322266,217.5588836669922,110.1982421875,117.07147216796875
2025-12-24,224.58018493652344,122.53279876708984,264.52899169921875,169.78224182128906,130.77000427246094,380.0158996582031,218.16000366210938,55.36221694946289,1071.36474609375,33.081459045410156,501.3399963378906,119.75146484375,580.21435546875,78.81710052490234,89.820068359375,263.4535827636719,77.31291198730469,146.4115447998047,57.23073196411133,463.2693786621094,230.18077087402344,113.6094741821289,114.48333740234375,320.98492431640625,12.912484169006348,51.552032470703125,315.53466796875,82.3351058959961,897.6401977539062,339.9592590332031,298.4797058105469,204.4908905029297,324.5612487792969,68.77416229248047,420.7570495605469,1071.8018798828125,477.1097106933594,239.27908325195312,576.6217651367188,307.3060607910156,158.11032104492188,55.243804931640625,104.29724884033203,178.70472717285156,78.73208618164062,104.05838775634766,58.455665588378906,152.58999633789062,50.06087112426758,54.486045837402344,195.60330200195312,23.801488876342773,141.34396362304688,126.19419860839844,158.4304962158203,184.37991333007812,70.89594268798828,323.04595947265625,37.356689453125,85.07787322998047,493.9737854003906,23.803056716918945,93.94268798828125,155.84278869628906,577.5260009765625,296.4689025878906,64.32666778564453,321.22894287109375,231.5449676513672,96.09764862060547,353.0201721191406,38.39066696166992,93.75653839111328,218.5659942626953,110.90375518798828,116.87540435791016
2025-12-26,224.6680908203125,122.562255859375,265.6165771484375,171.3460235595703,131.83999633789062,377.9725646972656,216.44000244140625,55.28348159790039,1070.5286865234375,33.04289245605469,498.29998779296875,118.62843322753906,579.458984375,78.30638122558594,89.565673828125,264.26800537109375,77.79171752929688,145.94459533691406,57.415008544921875,464.7460632324219,229.35427856445312,112.69646453857422,114.19098663330078,319.49737548828125,12.864160537719727,52.66409683227539,313.9308166503906,82.51392364501953,893.9540405273438,342.3474426269531,298.9991149902344,204.34326171875,323.3188781738281,68.53872680664062,420.6282958984375,1072.5682373046875,474.43804931640625,240.7462921142578,576.77099609375,304.7070007324219,159.82611083984375,54.9385871887207,104.62057495117188,178.92117309570312,78.69295501708984,105.10164642333984,59.361724853515625,153.88999938964844,49.908477783203125,54.505271911621094,196.0985107421875,23.858545303344727,141.5885009765625,125.76427459716797,158.3125457763672,183.18289184570312,70.86674499511719,323.13531494140625,37.17959976196289,85.07787322998047,497.4596252441406,23.79340362548828,96.88175201416016,155.66445922851562,579.1414794921875,300.4773864746094,64.51187896728516,325.39654541015625,229.958984375,95.98307800292969,352.8809814453125,38.54301452636719,93.7171859741211,218.3092803955078,111.03292846679688,116.767578125
2025-12-29,225.50823974609375,122.29718780517578,265.86151123046875,172.44447326660156,134.14999389648438,372.288818359375,217.25,54.47642135620117,1070.81396484375,33.2164421081543,501.04998779296875,116.37249755859375,575.0956420898438,78.26710510253906,90.63217163085938,264.4169616699219,78.19235229492188,146.8882293701172,57.463504791259766,466.0444030761719,229.66297912597656,113.3216781616211,114.52230834960938,318.7833557128906,12.835165023803711,51.115150451660156,310.73944091796875,82.38478088378906,879.3084716796875,340.06695556640625,299.6361083984375,204.2743682861328,319.2171325683594,68.82321166992188,422.38104248046875,1073.5435791015625,480.1741943359375,240.09637451171875,575.079345703125,302.5983581542969,159.4711456298828,54.957664489746094,104.46382141113281,177.0224609375,78.5559310913086,99.16992950439453,59.634517669677734,154.5800018310547,49.02269744873047,54.62064743041992,193.51345825195312,23.772960662841797,141.42221069335938,125.53953552246094,159.1874237060547,182.44094848632812,71.1684799194336,322.92681884765625,37.28782272338867,85.43900299072266,498.07037353515625,23.90923500061035,95.47061157226562,155.03033447265625,583.4595947265625,298.5723876953125,64.11221313476562,322.5625915527344,231.03271484375,95.16205596923828,352.4933166503906,38.54301452636719,92.9891586303711,219.4842529296875,111.81792449951172,118.1596450805664
2025-12-30,224.4336395263672,123.485107421875,264.5485534667969,173.31732177734375,132.44000244140625,370.37445068359375,218.5,54.407527923583984,1065.8062744140625,33.50570297241211,503.7099914550781,115.4661865234375,573.8829956054688,78.09031677246094,92.07046508789062,264.109130859375,78.02623748779297,148.17237854003906,57.279232025146484,465.7470703125,229.70278930664062,113.9171142578125,114.67823791503906,318.19818115234375,12.786839485168457,51.04564666748047,310.9488830566406,81.78872680664062,871.660400390625,338.9903564453125,296.019775390625,203.6346435546875,318.89178466796875,68.73491668701172,424.1832580566406,1074.5587158203125,479.31964111328125,239.4563446044922,574.6016845703125,302.10797119140625,158.92877197265625,55.10073471069336,103.9151382446289,176.17642211914062,78.81038665771484,101.206787109375,59.61503219604492,154.22999572753906,48.78458786010742,54.832176208496094,195.3259735107422,23.763450622558594,140.9135284423828,126.05740356445312,159.19723510742188,182.0353240966797,71.85952758789062,323.8502197265625,37.92732238769531,85.46826934814453,495.80596923828125,23.947843551635742,94.81857299804688,153.92063903808594,581.8440551757812,297.2427978515625,63.96599578857422,325.7201843261719,229.5846405029297,95.12387084960938,351.50921630859375,38.75248336791992,92.7825698852539,219.31640625,111.21178436279297,118.610595703125
2025-12-31,223.2125244140625,123.00404357910156,262.8829040527344,172.18948364257812,131.02999877929688,366.96221923828125,217.1199951171875,54.1319465637207,1053.0457763671875,33.486419677734375,502.6499938964844,114.95392608642578,569.3904418945312,77.60905456542969,91.59103393554688,263.1059875488281,77.54742431640625,148.2696533203125,56.823402404785156,463.0121765136719,227.9601287841797,112.90486907958984,114.22022247314453,315.86773681640625,12.680524826049805,50.4300422668457,307.1990051269531,80.78536987304688,866.318603515625,336.78814697265625,290.29638671875,203.6740264892578,317.70855712890625,68.57797241210938,422.2325439453125,1069.5130615234375,475.06671142578125,237.46726989746094,568.0935668945312,299.7541198730469,157.8736572265625,54.995819091796875,103.13131713867188,174.65155029296875,78.56571960449219,99.20967864990234,62.070167541503906,153.19000244140625,48.460750579833984,54.455413818359375,193.04794311523438,23.67786979675293,140.18963623046875,124.73831176757812,157.673583984375,181.43190002441406,71.51886749267578,321.73529052734375,37.76007080078125,85.1071548461914,491.0141296386719,23.976802825927734,95.12998962402344,152.1966552734375,577.8551025390625,301.51922607421875,63.75154495239258,323.70989990234375,227.87059020996094,94.69426727294922,348.6165771484375,38.78104782104492,91.69053649902344,216.93682861328125,110.70501708984375,117.97337341308594
2026-01-02,224.01358032226562,121.92412567138672,254.70150756835938,171.43429565429688,133.60000610351562,370.54107666015625,227.77000427246094,55.06695556640625,1067.52783203125,34.54703140258789,496.8500061035156,116.93402099609375,594.7753295898438,76.30281066894531,94.6143798828125,251.8928680419922,78.29983520507812,151.6648406982422,57.45380401611328,464.2353820800781,229.43392944335938,110.99947357177734,114.4443588256836,324.5946960449219,12.893155097961426,51.56196212768555,319.88470458984375,80.44760131835938,901.1488647460938,338.4715881347656,285.680419921875,204.06768798828125,320.92291259765625,67.80302429199219,424.92596435546875,1075.1656494140625,488.22833251953125,243.10952758789062,560.3814086914062,297.4296569824219,159.5697479248047,54.66199493408203,104.29724884033203,178.95068359375,79.20183563232422,100.57088470458984,61.65123748779297,147.4499969482422,49.89895248413086,55.363494873046875,193.84030151367188,23.944128036499023,138.70272827148438,126.09649658203125,157.57528686523438,185.24058532714844,73.42655944824219,325.518310546875,39.5506706237793,85.08763122558594,481.68414306640625,23.706533432006836,97.8160171508789,152.86048889160156,590.8792114257812,317.1165466308594,63.41036605834961,329.8779296875,228.45179748535156,96.44131469726562,344.411865234375,38.58110046386719,93.65814971923828,215.6433563232422,112.04647827148438,120.23796081542969
2026-01-05,215.09445190429688,124.14287567138672,258.6501159667969,172.85638427734375,137.19000244140625,377.5695495605469,228.1300048828125,55.99211883544922,1101.6671142578125,34.82664489746094,498.5199890136719,121.46558380126953,612.3578491210938,75.55638122558594,97.06046295166016,254.514892578125,78.58322143554688,159.39889526367188,56.92038345336914,463.53924560546875,234.3731231689453,113.20259094238281,113.8304214477539,319.58660888671875,13.01880168914795,54.024383544921875,323.4450988769531,82.60334014892578,934.7568359375,336.7783203125,289.0811462402344,201.0758056640625,329.36309814453125,66.64550018310547,428.8771057128906,1036.50244140625,502.4704284667969,241.00230407714844,565.7948608398438,294.09503173828125,161.2756805419922,53.69865798950195,105.2672348022461,183.5154571533203,79.5835189819336,102.86608123779297,62.86906433105469,147.60000610351562,52.4896240234375,55.88514709472656,190.75010681152344,23.93461799621582,137.3136444091797,126.72185516357422,157.14276123046875,186.23973083496094,73.02749633789062,329.8474426269531,43.092525482177734,84.78507995605469,500.7011413574219,23.851318359375,99.3634033203125,152.42453002929688,609.5176391601562,319.7359619140625,62.13338851928711,335.38897705078125,228.5109100341797,97.37689971923828,351.6881408691406,38.30497360229492,94.81903839111328,216.67022705078125,111.99678802490234,122.89466094970703
2026-01-06,218.75782775878906,125.44861602783203,270.35882568359375,172.43466186523438,132.5800018310547,381.30743408203125,229.83999633789062,56.346435546875,1094.30810546875,33.129669189453125,499.04998779296875,120.67748260498047,619.3054809570312,75.82154846191406,95.01554107666016,261.1096496582031,78.85681915283203,152.28746032714844,56.94948196411133,483.3100280761719,235.5979766845703,113.69879150390625,114.73670196533203,330.2077331542969,13.337746620178223,55.75205612182617,326.6563720703125,81.63970947265625,941.685302734375,341.86785888671875,296.4314270019531,201.5482177734375,331.41326904296875,66.54740142822266,432.8974914550781,1058.9241943359375,512.754150390625,242.71566772460938,577.5074462890625,296.9490661621094,163.89869689941406,52.611328125,106.66831970214844,184.70582580566406,79.31928253173828,108.49971771240234,63.66796112060547,148.80999755859375,53.58494186401367,55.46975326538086,191.89903259277344,24.18185806274414,136.86367797851562,124.54288482666016,152.5226593017578,188.3567657470703,70.954345703125,337.6815490722656,42.925270080566406,85.41947174072266,507.0433349609375,23.494176864624023,101.50444030761719,152.5037841796875,619.011474609375,324.87554931640625,62.854736328125,342.20428466796875,230.1362762451172,100.45095825195312,355.42572021484375,38.37162780761719,94.8288803100586,216.31478881835938,113.6164779663086,118.66941833496094
2026-01-07,228.02865600585938,124.72212219238281,268.4482421875,166.177490234375,130.0800018310547,375.99884033203125,228.1199951171875,54.761844635009766,1057.7188720703125,32.46437454223633,496.1199951171875,119.56430053710938,592.8968505859375,75.71351623535156,91.91390991210938,264.3077392578125,77.96760559082031,150.98387145996094,55.35893249511719,472.58929443359375,234.58226013183594,112.0514144897461,113.22624969482422,319.9931945800781,13.279755592346191,55.106658935546875,322.76690673828125,81.37149047851562,927.44384765625,341.64276123046875,290.8060302734375,204.20547485351562,323.8660583496094,66.25312805175781,429.90692138671875,1102.7623291015625,488.0318908691406,243.33599853515625,577.0894165039062,298.3124084472656,160.6445770263672,52.19166564941406,106.40377807617188,181.7938232421875,76.69650268554688,107.31735229492188,61.59278106689453,150.89999389648438,53.88020324707031,55.40213394165039,190.99771118164062,24.03921890258789,135.03439331054688,123.9957046508789,152.5128173828125,183.73687744140625,69.63064575195312,329.0630187988281,41.68561935424805,84.19947814941406,505.02325439453125,23.137035369873047,100.89131927490234,152.62269592285156,615.4512939453125,316.1938171386719,61.0416145324707,335.0752258300781,221.13258361816406,100.6323471069336,353.7557373046875,38.20976257324219,92.76289367675781,213.24403381347656,112.00672912597656,116.15975952148438
2026-01-08,218.95321655273438,123.8778076171875,276.1299133300781,167.0503692626953,123.72000122070312,380.7308654785156,227.3800048828125,55.2933235168457,1070.3416748046875,32.90790557861328,499.7699890136719,118.80574798583984,604.4363403320312,79.426025390625,96.5908203125,258.7557678222656,78.75910186767578,154.92384338378906,56.057220458984375,498.0486145019531,234.01463317871094,113.30182647705078,114.3274154663086,317.9205322265625,13.917648315429688,53.83573532104492,313.59173583984375,84.57032012939453,921.3431396484375,351.9196472167969,296.6764221191406,202.49301147460938,326.63934326171875,68.04826354980469,435.4028015136719,1079.9722900390625,509.2182312011719,252.28680419921875,577.2387084960938,302.941650390625,162.9421844482422,53.317142486572266,108.74544525146484,181.68560791015625,77.79258728027344,106.20452880859375,63.58027648925781,146.19000244140625,54.613590240478516,56.31020736694336,187.8381805419922,24.048728942871094,138.44837951660156,125.45159912109375,156.11061096191406,185.16143798828125,68.4334716796875,338.6148986816406,43.712345123291016,85.12667846679688,508.837890625,23.3300838470459,103.48001861572266,156.7939453125,604.83056640625,315.529052734375,61.74346923828125,340.1253967285156,226.42250061035156,102.12164306640625,350.1275329589844,38.62870788574219,94.05167388916016,215.11016845703125,112.3545150756836,120.49284362792969
2026-01-09,214.99676513671875,123.62255096435547,275.0031433105469,165.26541137695312,122.88999938964844,373.40411376953125,234.52999877929688,54.968528747558594,1067.567138671875,33.06217575073242,499.1000061035156,119.5150375366211,613.86865234375,80.02513885498047,95.40692138671875,258.1697998046875,78.46595764160156,157.70616149902344,56.231788635253906,485.39849853515625,237.37051391601562,114.99882507324219,113.8206787109375,321.8179626464844,13.724347114562988,56.129356384277344,320.7224426269531,82.3251724243164,925.4332885742188,366.67919921875,298.146484375,201.15455627441406,326.0450744628906,69.16653442382812,439.75,1058.446533203125,533.2627563476562,263.118408203125,573.591064453125,301.4116516113281,162.9421844482422,54.871826171875,108.29474639892578,183.2990264892578,78.18404388427734,108.29106140136719,64.22328186035156,141.8000030517578,56.013694763183594,56.19427490234375,197.14321899414062,24.22940444946289,138.78099060058594,126.4384765625,159.8460235595703,186.47715759277344,68.9395980834961,350.7781677246094,44.46990966796875,84.92171478271484,509.1949462890625,23.156339645385742,102.69172668457031,156.35800170898438,617.1566162109375,321.105224609375,62.581787109375,337.3110046386719,225.03353881835938,103.16223907470703,347.68218994140625,38.52396774291992,94.39600372314453,218.12168884277344,113.8052749633789,122.15940856933594
2026-01-12,214.95767211914062,122.36591339111328,275.2872619628906,168.2272491455078,123.41999816894531,357.4782409667969,239.80999755859375,54.31895065307617,1071.6600341796875,33.17787551879883,498.6700134277344,115.94889068603516,625.94482421875,80.46710205078125,93.44026184082031,257.63348388671875,78.52458190917969,157.92990112304688,56.62942886352539,488.04388427734375,237.9978790283203,111.96209716796875,113.73297882080078,326.369873046875,13.560042381286621,58.29391098022461,323.2955017089844,82.35498046875,935.8507690429688,366.9728088378906,305.9475402832031,206.4001922607422,321.3899841308594,69.15673065185547,439.30438232421875,1075.8026123046875,541.4347534179688,266.7420654296875,564.3624877929688,300.85260009765625,165.60464477539062,55.83515930175781,106.98184204101562,183.5449676513672,79.38778686523438,112.235595703125,63.950496673583984,142.63999938964844,57.01376724243164,56.88982391357422,203.26048278808594,24.02971076965332,140.33639526367188,126.10626220703125,162.35267639160156,191.76976013183594,69.74745178222656,355.0973815917969,44.420719146728516,84.65819549560547,511.5815124511719,23.183683395385742,103.29510498046875,155.65455627441406,613.7560424804688,329.1817321777344,62.796241760253906,333.9082946777344,226.0777130126953,103.13359832763672,341.15142822265625,38.59177780151367,93.42203521728516,215.81121826171875,117.22350311279297,121.59081268310547
2026-01-13,215.6512908935547,122.03211212158203,271.2112731933594,170.61048889160156,129.92999267578125,355.8975830078125,244.5500030517578,53.67920684814453,1071.935546875,34.0938606262207,495.239990234375,114.5697250366211,632.6638793945312,81.47870635986328,94.37956237792969,239.41839599609375,78.8372802734375,159.4183349609375,57.24043273925781,496.7756652832031,234.57228088378906,112.12088012695312,114.3956298828125,329.6226501464844,13.511716842651367,58.91944885253906,326.34722900390625,82.69273376464844,924.6152954101562,371.6707763671875,297.107666015625,210.26795959472656,307.9298095703125,69.88262939453125,438.5815124511719,1072.010986328125,548.369140625,270.05059814453125,543.14453125,303.4908752441406,167.06405639648438,57.37076950073242,106.07064819335938,179.79673767089844,79.89668273925781,113.89488983154297,64.593505859375,138.19000244140625,56.804229736328125,57.218284606933594,200.88705444335938,23.915599822998047,141.09938049316406,127.2397232055664,163.03094482421875,191.99728393554688,71.22687530517578,353.4689636230469,45.158599853515625,85.4487533569336,509.4016418457031,22.753992080688477,105.71836853027344,156.6849822998047,605.4090576171875,328.62603759765625,63.06918716430664,327.45587158203125,225.870849609375,101.74932098388672,325.9228820800781,37.78778076171875,92.04471588134766,213.45135498046875,119.59838104248047,124.05145263671875
2026-01-14,216.76495361328125,122.71934509277344,282.7142639160156,174.06268310546875,125.08999633789062,356.15606689453125,242.61000061035156,51.6517219543457,1074.2081298828125,34.53738784790039,493.1499938964844,110.73760223388672,634.8703002929688,83.04032135009766,98.17587280273438,237.9385528564453,77.51811981201172,162.69677734375,58.433349609375,509.2864990234375,236.9522705078125,112.66669464111328,115.65272521972656,328.3929748535156,13.376407623291016,59.92228698730469,318.0197448730469,80.69596099853516,919.21435546875,367.96136474609375,302.86041259765625,215.09039306640625,304.9287414550781,70.07881927490234,435.69000244140625,1068.1297607421875,562.5130615234375,270.7398681640625,544.9683837890625,302.2060546875,167.6261444091797,58.62977600097656,108.76504516601562,177.8488311767578,80.22942352294922,113.41797637939453,63.882293701171875,134.61000061035156,56.10894012451172,58.2615966796875,192.2672576904297,24.324493408203125,143.1634521484375,129.18418884277344,168.17205810546875,196.70619201660156,72.36564636230469,351.8406066894531,46.21131896972656,86.29786682128906,512.070068359375,23.056730270385742,106.87647247314453,153.70266723632812,620.118408203125,324.55804443359375,63.68330764770508,328.46588134765625,223.75291442871094,102.53215026855469,327.2051696777344,38.58209228515625,87.80452728271484,216.02842712402344,119.28041076660156,127.63947296142578
2026-01-15,211.74368286132812,121.89048767089844,281.95977783203125,178.0543212890625,130.58999633789062,355.2712707519531,247.74000549316406,51.75998306274414,1137.961181640625,33.891380310058594,492.6199951171875,115.71247100830078,643.2490844726562,82.83406066894531,96.79627990722656,231.93966674804688,79.50174713134766,161.64613342285156,58.52063751220703,512.2103271484375,238.88414001464844,112.54761505126953,115.86711120605469,330.6936950683594,13.347412109375,59.68339538574219,319.0768737792969,80.37806701660156,961.78125,371.1031799316406,292.0016784667969,216.09425354003906,306.30548095703125,69.1371078491211,435.7494201660156,1028.00341796875,567.6107177734375,272.7683410644531,540.8125,302.6866149902344,168.720703125,58.73469543457031,108.72584533691406,188.12940979003906,80.4349365234375,113.47759246826172,62.927513122558594,131.1699981689453,54.404052734375,58.657676696777344,188.53335571289062,24.619279861450195,141.4809112548828,129.71180725097656,169.6268768310547,197.68557739257812,71.4604721069336,353.60797119140625,45.81778335571289,86.64923858642578,512.47412109375,23.17391586303711,108.1513671875,154.7231903076172,622.9306640625,338.9747314453125,62.59153747558594,332.3883361816406,227.07266235351562,103.69685363769531,325.79364013671875,38.12681579589844,87.51921081542969,217.08493041992188,118.44572448730469,126.59051513671875
2026-01-16,211.08389282226562,120.14398193359375,280.4312744140625,180.0354461669922,129.8300018310547,362.647705078125,247.67999267578125,52.13398742675781,1144.3759765625,34.11314392089844,493.2900085449219,116.2838363647461,642.9608764648438,83.01084899902344,96.07225036621094,225.56338500976562,76.8047866821289,161.743408203125,59.28681564331055,511.5739440917969,235.00048828125,110.35440826416016,116.178955078125,340.8983154296875,13.14444637298584,58.43916320800781,324.2428894042969,80.28865051269531,948.1211547851562,372.0917053222656,299.5675354003906,215.1986541748047,309.48480224609375,69.09786987304688,434.679931640625,1033.407470703125,572.0699462890625,273.300048828125,537.6632080078125,301.5195007324219,165.4665985107422,58.906375885009766,106.6291275024414,186.02410888671875,81.84418487548828,113.38816833496094,62.722923278808594,127.30999755859375,59.366329193115234,59.33388900756836,189.76473999023438,24.39105796813965,141.38307189941406,130.16128540039062,170.6688690185547,199.75315856933594,72.26831817626953,355.2959289550781,45.975196838378906,86.766357421875,513.3385009765625,22.93954086303711,108.29734802246094,155.9319610595703,617.0169677734375,339.728759765625,62.88397979736328,324.6022644042969,226.06787109375,102.06436157226562,326.34033203125,37.69091796875,86.9486083984375,218.43763732910156,118.94255828857422,127.33555603027344
2026-01-20,210.77859497070312,119.53221130371094,267.203857421875,174.32749938964844,127.5199966430664,350.1217041015625,249.0,51.27771759033203,1092.1141357421875,33.891380310058594,485.3900146484375,111.1218032836914,626.6422729492188,83.9144287109375,93.45983123779297,218.5713348388672,78.26074981689453,160.8094940185547,59.248023986816406,505.88531494140625,233.3474578857422,109.5009536743164,116.50052642822266,334.7894287109375,12.835165023803711,59.79288864135742,311.4974060058594,77.2984390258789,929.7599487304688,367.1391906738281,285.5334167480469,214.7557830810547,299.8477478027344,70.3829116821289,428.92657470703125,1036.2835693359375,565.8132934570312,264.2901306152344,529.9393920898438,297.01776123046875,153.94898986816406,58.32456588745117,107.23657989501953,179.1474609375,81.72674560546875,118.17725372314453,61.99222946166992,125.4000015258789,57.79478073120117,59.527103424072266,178.67221069335938,24.267440795898438,143.79930114746094,127.81620788574219,164.3383331298828,194.2528076171875,71.15873718261719,344.5028991699219,45.6997184753418,86.68827056884766,487.6786193847656,22.900480270385742,106.40933990478516,154.6439208984375,617.3062133789062,324.607666015625,63.26414489746094,331.86859130859375,218.3842010498047,101.71113586425781,323.87518310546875,37.8555908203125,85.2564697265625,218.50674438476562,117.95882415771484,127.89437866210938
2026-01-21,212.85646057128906,119.12765502929688,275.0521240234375,174.73941040039062,127.29000091552734,357.49810791015625,250.07000732421875,51.248191833496094,1109.6265869140625,34.63380813598633,483.8299865722656,112.16602325439453,642.9609375,83.72667694091797,95.05467987060547,220.07106018066406,79.62876892089844,162.2006378173828,59.08314514160156,526.6008911132812,241.03509521484375,112.32928466796875,116.32513427734375,335.1563720703125,13.308752059936523,60.300537109375,317.6407775878906,80.3979263305664,939.2608642578125,376.46673583984375,291.599853515625,214.55894470214844,299.15447998046875,70.63795471191406,435.0661315917969,1073.33447265625,575.8023681640625,274.09222412109375,525.7835693359375,299.8129577636719,153.71234130859375,58.2578010559082,108.8630142211914,180.34767150878906,82.05947875976562,118.14744567871094,63.726417541503906,125.30000305175781,56.49944305419922,59.69132995605469,172.67410278320312,24.619279861450195,142.87974548339844,128.13865661621094,165.9406280517578,195.38058471679688,71.84004974365234,353.7867126464844,47.73628234863281,87.01036071777344,499.06634521484375,22.949308395385742,103.19779205322266,154.41604614257812,634.548583984375,323.5757751464844,63.19591522216797,341.0079040527344,225.9693603515625,103.56320190429688,323.33837890625,38.01057815551758,84.7252197265625,223.63125610351562,118.6047134399414,130.98240661621094
2026-01-22,214.78659057617188,107.16850280761719,279.3338928222656,173.5428924560547,138.41000366210938,365.85870361328125,251.41000366210938,51.622196197509766,1121.3046875,34.161354064941406,484.489990234375,113.93925476074219,645.9794921875,84.79389190673828,94.7905044555664,226.53671264648438,81.4563217163086,162.13253784179688,58.12299728393555,519.5100708007812,239.07333374023438,112.34912872314453,114.70746612548828,331.2688903808594,13.250761985778809,58.578514099121094,294.20416259765625,80.60655212402344,940.8772583007812,372.93341064453125,288.78717041015625,215.03135681152344,300.729248046875,70.50062561035156,441.29486083984375,1082.152099609375,583.3457641601562,271.9557800292969,531.0556640625,300.14642333984375,158.39630126953125,58.210105895996094,106.9720458984375,180.08206176757812,83.2534408569336,120.90962219238281,63.775123596191406,128.55999755859375,59.271080017089844,58.78325271606445,176.9442596435547,24.818971633911133,146.6654815673828,123.77095794677734,167.15956115722656,194.2330322265625,70.4871597290039,348.14691162109375,48.52336120605469,85.40972137451172,507.18426513671875,23.02743148803711,103.64546966552734,152.00840759277344,637.6900024414062,324.8160095214844,63.87826919555664,347.5976257324219,227.91983032226562,104.34603118896484,324.41192626953125,38.24305725097656,86.6141128540039,226.1095733642578,117.08439636230469,131.01182556152344
2026-01-23,215.9190673828125,105.99430084228516,275.39508056640625,175.3082275390625,136.33999633789062,359.56591796875,252.14999389648438,50.90371322631836,1111.6531982421875,35.221961975097656,478.9700012207031,111.9000473022461,624.271240234375,85.63382720947266,96.22879791259766,226.4969940185547,81.78144836425781,162.19091796875,57.802947998046875,511.60369873046875,234.02459716796875,110.13609313964844,114.43460845947266,328.4722595214844,13.105786323547363,60.13132095336914,293.07720947265625,79.1561508178711,905.623291015625,375.61517333984375,286.6016540527344,216.6552276611328,294.875732421875,71.49137878417969,447.1669921875,1059.1729736328125,580.3107299804688,273.71636962890625,522.963134765625,303.30450439453125,160.41778564453125,59.0494499206543,105.99226379394531,176.09771728515625,82.99897766113281,123.5128173828125,63.365936279296875,133.11000061035156,59.299652099609375,58.6769905090332,175.9313507080078,24.799633026123047,147.92355346679688,124.23998260498047,170.07908630371094,193.82742309570312,71.78166198730469,346.0518493652344,48.356109619140625,85.43900299072266,501.3682556152344,23.03719711303711,105.20257568359375,151.83006286621094,624.2569580078125,332.25750732421875,65.31121063232422,349.35296630859375,226.22547912597656,103.08586120605469,324.2330017089844,38.281803131103516,85.5516128540039,226.33665466308594,116.98502349853516,132.315673828125
2026-01-26,217.40606689453125,107.32638549804688,275.0423278808594,176.0045623779297,143.72000122070312,361.11676025390625,248.42999267578125,51.19898223876953,1103.41845703125,35.4437255859375,483.4700012207031,113.11174774169922,633.5363159179688,84.19110870361328,96.3266372680664,227.83778381347656,82.62871551513672,162.94973754882812,58.42365264892578,513.7021484375,235.7174835205078,110.46357727050781,115.75017547607422,329.5234680175781,12.989805221557617,60.88780975341797,294.2640075683594,78.90779876708984,918.4160766601562,378.3165588378906,290.4139709472656,217.98385620117188,298.1640319824219,71.17747497558594,450.59326171875,1057.6402587890625,571.3136596679688,274.883544921875,525.57421875,306.9333801269531,157.30172729492188,60.07000732421875,105.22804260253906,178.93101501464844,83.6448974609375,125.11249542236328,63.317222595214844,136.33999633789062,60.937870025634766,58.34853744506836,181.1747283935547,25.022008895874023,147.2733612060547,123.53646087646484,172.77249145507812,192.0467529296875,71.29500579833984,345.86322021484375,48.897220611572266,86.04412078857422,502.890380859375,22.900480270385742,101.17354583740234,148.69912719726562,624.895263671875,330.1143798828125,65.6134033203125,344.822509765625,227.44699096679688,102.12164306640625,326.5292053222656,38.37866973876953,86.62396240234375,227.34378051757812,116.89559936523438,132.18820190429688
2026-01-27,220.5178985595703,106.83301544189453,270.2314453125,176.6028289794922,146.69000244140625,357.33905029296875,244.55999755859375,51.34661102294922,1088.808349609375,36.27293395996094,474.6700134277344,113.08219146728516,636.51513671875,84.74449157714844,97.71601104736328,226.97372436523438,70.93438720703125,164.45762634277344,59.28681564331055,516.3375854492188,234.76150512695312,109.76890563964844,117.2216567993164,338.35955810546875,13.46339225769043,62.57997131347656,296.66748046875,85.81209564208984,916.306884765625,372.2776184082031,287.9932861328125,220.8871612548828,297.44097900390625,72.14861297607422,448.6127624511719,1034.5120849609375,584.3673095703125,270.9567565917969,518.6477661132812,308.0906982421875,155.85215759277344,60.68043518066406,105.7375259399414,179.6983642578125,85.28901672363281,126.1855697631836,61.466129302978516,131.8000030517578,59.899696350097656,58.85087585449219,173.68701171875,25.621456146240234,146.14039611816406,125.75450897216797,175.8394775390625,199.12002563476562,73.43629455566406,343.629150390625,49.841712951660156,86.7077865600586,494.84759521484375,22.461023330688477,101.3097915649414,146.64816284179688,622.1926879882812,335.7004699707031,65.85710144042969,277.2191162109375,229.08224487304688,102.34121704101562,323.3185119628906,38.088069915771484,87.27326202392578,228.42002868652344,116.20002746582031,134.1390838623047
2026-01-28,215.3380584716797,104.64249420166016,264.9698791503906,174.0921173095703,150.14999389648438,354.89349365234375,241.58999633789062,50.99229431152344,1103.54638671875,36.35007095336914,473.489990234375,112.50096130371094,640.8687744140625,83.99348449707031,99.20323181152344,226.40760803222656,72.9343490600586,165.31370544433594,58.879478454589844,522.1256103515625,223.59849548339844,108.72688293457031,117.17293548583984,344.4386901855469,13.357076644897461,63.33646774291992,291.69097900390625,84.34182739257812,923.2945556640625,367.3251647949219,288.2873229980469,224.11524963378906,297.89654541015625,71.6679458618164,447.09765625,1018.8776245117188,586.64599609375,266.48602294921875,519.6045532226562,306.7862548828125,153.77149963378906,60.21307373046875,104.73815155029297,179.38356018066406,85.7000503540039,131.1038360595703,60.63800811767578,129.6199951171875,57.46142578125,58.02974319458008,171.60159301757812,25.00267219543457,145.1552276611328,124.2204360961914,175.5543975830078,197.31956481933594,73.7672119140625,347.1242370605469,48.08062744140625,86.21003723144531,496.2099914550781,23.505949020385742,99.0130386352539,146.43019104003906,606.3464965820312,339.6295471191406,64.85305786132812,288.3196105957031,224.31442260742188,98.99983978271484,325.02825927734375,38.17525100708008,86.60428619384766,228.6767578125,115.83236694335938,134.8743438720703
2026-01-29,217.07122802734375,104.68194580078125,255.94586181640625,177.84835815429688,148.14999389648438,356.3946228027344,234.0399932861328,52.242252349853516,1109.5577392578125,36.67789840698242,476.7900085449219,113.48609924316406,662.7463989257812,84.23064422607422,100.58282470703125,212.62213134765625,73.3382797241211,166.53948974609375,58.9958610534668,527.1578369140625,218.69911193847656,110.73152923583984,117.80635070800781,351.43023681640625,13.531047821044922,64.82954406738281,298.0537414550781,85.69288635253906,926.556884765625,363.9093322753906,303.0662536621094,223.69203186035156,303.49261474609375,72.03089904785156,450.56353759765625,1019.2160034179688,611.4370727539062,263.73626708984375,541.8887939453125,309.44415283203125,154.20538330078125,56.998783111572266,106.14903259277344,179.44256591796875,86.29703521728516,126.11601257324219,60.98874282836914,116.7300033569336,56.50897216796875,58.71562957763672,167.83787536621094,25.234716415405273,147.67726135253906,127.42536926269531,174.86630249023438,197.7350311279297,75.40237426757812,352.06890869140625,47.66741180419922,87.00059509277344,496.6891784667969,24.541109085083008,100.08355712890625,146.11314392089844,590.530029296875,336.9010009765625,65.82785034179688,286.6231689453125,230.09689331054688,101.1860580444336,329.8194580078125,38.56271743774414,89.17200469970703,220.31365966796875,116.66705322265625,137.7467041015625
2026-01-30,219.61192321777344,107.84935760498047,258.3170166015625,175.82803344726562,141.74000549316406,350.1018371582031,233.72000122070312,52.360355377197266,1100.8603515625,36.523624420166016,480.5299987792969,113.9885025024414,654.89599609375,89.22084045410156,101.98198699951172,210.8443145751953,73.4170913696289,172.0943603515625,58.35576248168945,525.0991821289062,217.97218322753906,111.94225311279297,118.2546157836914,348.50469970703125,13.415067672729492,59.9521484375,305.9623718261719,83.44774627685547,921.914794921875,366.6302490234375,300.57696533203125,223.6526641845703,302.9676818847656,73.38460540771484,452.51434326171875,1032.1634521484375,622.9387817382812,264.15167236328125,536.9655151367188,308.9439697265625,151.03018188476562,59.12575149536133,108.04000091552734,180.82748413085938,86.02300262451172,111.6295166015625,60.21907424926758,117.01000213623047,56.60421371459961,59.34635925292969,163.43858337402344,25.563444137573242,149.51954650878906,127.57193756103516,176.38995361328125,198.77377319335938,74.97412109375,352.1285400390625,47.59854507446289,87.16651153564453,495.89990234375,25.595802307128906,102.64306640625,148.43161010742188,577.017333984375,327.98114013671875,66.63693237304688,281.3670654296875,231.59422302246094,101.4056396484375,319.90899658203125,43.12514877319336,89.02444458007812,219.4348907470703,118.3861083984375,138.61920166015625
2026-02-02,222.2018585205078,107.95789337158203,261.4034118652344,170.35548400878906,138.3699951171875,350.7579345703125,233.02000427246094,53.17725372314453,1101.56884765625,36.35007095336914,487.2900085449219,115.09759521484375,688.3201904296875,90.80189514160156,99.5946044921875,209.3743896484375,74.30377197265625,169.30230712890625,58.2199821472168,529.3258666992188,222.4832000732422,103.6557388305664,116.44206237792969,356.4581604003906,13.347412109375,60.479705810546875,307.877197265625,83.7159652709961,932.67724609375,370.0852355957031,308.4466552734375,227.0972900390625,305.1961669921875,73.89469909667969,455.6732482910156,1039.1099853515625,624.6871337890625,266.1299133300781,553.4893798828125,312.4061279296875,151.29640197753906,59.35466384887695,111.07731628417969,183.1026611328125,84.48653411865234,112.12631225585938,60.579551696777344,118.0,56.127986907958984,58.73503494262695,158.94993591308594,25.77614974975586,150.91848754882812,126.71207427978516,176.88145446777344,198.93206787109375,73.70882415771484,353.8363342285156,47.27387237548828,86.07339477539062,495.77777099609375,25.683691024780273,106.59424591064453,148.78829956054688,580.1686401367188,338.6968688964844,67.0365982055664,280.05303955078125,231.72227478027344,105.27206420898438,331.8472900390625,43.21232986450195,90.7756118774414,220.34327697753906,123.27496337890625,135.67820739746094
2026-02-03,222.2215576171875,107.57306671142578,236.33987426757812,169.7964630126953,139.38999938964844,347.57672119140625,233.14999389648438,53.59062957763672,1052.7899169921875,37.42996597290039,493.739990234375,116.56317138671875,700.2553100585938,92.0469741821289,102.6473159790039,195.0426788330078,75.69290924072266,173.20338439941406,59.57776641845703,542.0057983398438,215.69178771972656,103.427490234375,118.56645965576172,359.52252197265625,13.27009105682373,64.37166595458984,309.0938720703125,85.1465072631836,925.443115234375,373.0019226074219,288.434326171875,229.4100799560547,311.8420715332031,75.42497253417969,459.04998779296875,998.635498046875,617.0847778320312,271.85687255859375,548.8551635742188,313.33782958984375,153.51510620117188,61.19548797607422,113.49735260009766,180.936279296875,86.9233627319336,116.3887939453125,59.361724853515625,109.7699966430664,47.908329010009766,59.63745880126953,153.59732055664062,24.91565704345703,153.01690673828125,128.8617401123047,173.99142456054688,201.3162078857422,75.55810546875,357.0931396484375,48.95625305175781,87.96683502197266,439.9198913574219,26.20127296447754,108.31681060791016,150.6708221435547,568.5208740234375,333.1306457519531,67.40702056884766,278.6703796386719,237.88894653320312,106.78044891357422,326.96661376953125,44.80094909667969,90.81495666503906,222.24891662597656,126.9018783569336,140.90338134765625
2026-02-04,213.8018341064453,106.76394653320312,236.77096557617188,173.15060424804688,130.27999877929688,351.593017578125,235.9499969482422,54.505950927734375,1058.771728515625,37.79636001586914,503.8299865722656,116.28590393066406,689.2268676757812,93.25253295898438,105.2695083618164,198.08181762695312,74.12643432617188,176.30673217773438,60.45063400268555,564.1434936523438,218.60951232910156,106.23597717285156,119.09268188476562,361.9720458984375,13.357076644897461,61.57463073730469,307.5081787109375,85.72269439697266,900.123779296875,378.9723205566406,283.2793273925781,230.7583770751953,314.23895263671875,75.87620544433594,468.7148132324219,1101.797119140625,592.0383911132812,272.8459777832031,551.6456909179688,317.4669189453125,161.51234436035156,62.14928436279297,115.93701171875,178.13681030273438,88.0488052368164,116.10066223144531,62.567047119140625,111.06999969482422,44.94620132446289,60.60780715942383,145.65280151367188,25.892173767089844,154.54391479492188,131.7539825439453,177.3238067626953,194.62875366210938,76.6871566772461,366.2974853515625,50.520572662353516,88.12299346923828,437.38299560546875,26.58213233947754,111.07095336914062,152.52362060546875,563.6642456054688,323.1987609863281,69.00568389892578,270.570556640625,246.0355987548828,111.44882202148438,327.9804992675781,45.537132263183594,91.63152313232422,223.57199096679688,127.19003295898438,144.68746948242188
2026-02-05,215.68272399902344,107.63227081298828,228.86392211914062,168.1880340576172,128.6699981689453,352.53741455078125,236.9499969482422,54.07289123535156,1037.7569580078125,36.80323791503906,503.8900146484375,114.61236572265625,675.7674560546875,93.75648498535156,102.7157974243164,188.6763153076172,75.20030975341797,174.36105346679688,60.63490295410156,562.6218872070312,214.84535217285156,104.17179107666016,120.2620849609375,351.727783203125,13.26042652130127,58.94681167602539,305.5434875488281,82.75234985351562,877.56396484375,374.24493408203125,284.1025695800781,234.02581787109375,307.1968688964844,77.01410675048828,455.2077941894531,1015.931884765625,598.3441162109375,271.89642333984375,550.021240234375,317.2609558105469,162.78440856933594,62.368656158447266,117.32828521728516,173.94256591796875,87.3050308227539,107.83401489257812,61.08616638183594,102.62999725341797,41.27926254272461,61.48112106323242,135.53347778320312,25.611787796020508,156.25811767578125,133.02423095703125,178.9064483642578,193.86700439453125,72.63817596435547,358.4831848144531,48.710289001464844,88.89402770996094,424.4168395996094,26.67002296447754,107.87886810302734,153.9701690673828,540.8671264648438,328.1498107910156,69.76602172851562,263.34344482421875,247.70040893554688,111.2674331665039,327.1654052734375,45.62431335449219,90.51982116699219,223.7398681640625,126.13674926757812,143.20716857910156
2026-02-06,220.02552795410156,109.35904693603516,235.7617645263672,167.97225952148438,137.49000549316406,357.0408020019531,243.02999877929688,55.63779830932617,1039.311279296875,37.613162994384766,508.0899963378906,121.49465942382812,723.4779052734375,93.29206085205078,105.29886627197266,190.0469207763672,77.1904067993164,175.94679260253906,60.45063400268555,579.9064331054688,215.70175170898438,107.87342071533203,118.75160217285156,370.7188720703125,13.337746620178223,60.39012145996094,320.134033203125,83.68616485595703,915.3508911132812,376.9658508300781,292.9620666503906,236.19100952148438,319.3199462890625,77.52420043945312,443.86944580078125,1053.0924072265625,612.488037109375,275.3484191894531,546.8818359375,320.8702087402344,170.24913024902344,62.37819290161133,119.46420288085938,178.0181121826172,87.55947875976562,114.58047485351562,62.27476119995117,100.73999786376953,45.37480926513672,61.354976654052734,141.8295135498047,26.317584991455078,156.80979919433594,133.81570434570312,179.70266723632812,196.52813720703125,73.28055572509766,359.41656494140625,49.881072998046875,87.91803741455078,412.7378845214844,26.49424171447754,112.45289611816406,154.4259490966797,541.3358764648438,346.12847900390625,70.30216217041016,271.286376953125,248.8529510498047,112.02162170410156,329.60076904296875,44.85906982421875,92.9024429321289,223.9274444580078,130.34991455078125,146.11875915527344
2026-02-09,219.85812377929688,109.59585571289062,231.97970581054688,170.3652801513672,141.74000549316406,357.5478210449219,244.7100067138672,55.519691467285156,1062.4512939453125,37.815643310546875,498.0799865722656,122.56412506103516,739.3382568359375,93.04501342773438,106.3555679321289,192.7086639404297,74.64859771728516,177.6395263671875,60.47972869873047,582.4523315429688,215.7515411376953,106.31536102294922,118.61518096923828,373.9320068359375,13.134780883789062,63.316558837890625,315.885498046875,80.14957427978516,930.0062866210938,372.9040222167969,290.4237976074219,234.86236572265625,319.0228271484375,76.4843978881836,451.8904724121094,1039.6473388671875,626.9363403320312,273.8746337890625,533.5172729492188,319.3402099609375,167.91209411621094,61.424400329589844,115.27075958251953,180.38232421875,87.56927490234375,119.9557876586914,60.80363082885742,103.87000274658203,47.02254867553711,61.21912384033203,155.50401306152344,26.153221130371094,154.99710083007812,134.13815307617188,178.73931884765625,194.0846405029297,75.72357940673828,358.0462951660156,49.723655700683594,87.23483276367188,417.3511962890625,26.474712371826172,112.42369842529297,154.80245971679688,545.2550659179688,352.6372985839844,69.56131744384766,270.35479736328125,250.5473175048828,112.5753402709961,323.6365966796875,45.54682159423828,93.53517150878906,227.59063720703125,128.20359802246094,148.23629760742188
2026-02-10,219.0506134033203,110.78980255126953,235.99693298339844,175.07286071777344,143.4499969482422,361.0670471191406,242.58999633789062,54.51579284667969,1070.2039794921875,35.64621353149414,500.29998779296875,120.95991516113281,739.5873413085938,92.81774139404297,105.18144989013672,192.1326141357422,74.57962799072266,177.30874633789062,61.866615295410156,590.1498413085938,218.82858276367188,109.12384033203125,120.48619842529297,374.3385925292969,13.115449905395508,62.968170166015625,315.4765930175781,79.74226379394531,935.2988891601562,381.39959716796875,287.56549072265625,234.5769805908203,315.2392883300781,75.34649658203125,456.0198669433594,1020.0718994140625,618.3616333007812,281.5699157714844,538.5601196289062,319.70306396484375,171.01829528808594,61.424400329589844,114.78086853027344,175.970458984375,88.89044189453125,120.75064086914062,61.41741943359375,106.4800033569336,46.7844352722168,62.00511169433594,158.7811279296875,26.694656372070312,156.7211456298828,137.26490783691406,179.58470153808594,193.09536743164062,75.8208999633789,362.067626953125,49.50720977783203,88.54267120361328,376.8459777832031,26.767681121826172,110.19508361816406,151.8795928955078,538.314208984375,359.0865783691406,70.15594482421875,267.9228820800781,257.4232177734375,113.31997680664062,326.8838195800781,45.90523147583008,90.86585235595703,228.79522705078125,125.89826202392578,148.6088104248047
2026-02-11,217.52423095703125,112.08241271972656,225.77749633789062,177.00491333007812,140.66000366210938,351.9309997558594,236.25999450683594,53.00009536743164,1065.383056640625,37.16963577270508,500.0199890136719,116.24628448486328,772.0950317382812,94.181396484375,108.81143951416016,183.7401580810547,75.88008880615234,180.7720489501953,62.700679779052734,609.3239135742188,219.0576171875,107.29783630371094,122.00640869140625,392.8041076660156,13.386073112487793,65.15802001953125,312.8836364746094,79.29522705078125,930.96240234375,382.37835693359375,268.887939453125,237.0472412109375,307.8505554199219,77.10238647460938,462.95159912109375,1010.3289794921875,617.5169677734375,283.9140930175781,535.6400756835938,316.99615478515625,170.4463653564453,62.87416076660156,116.89717864990234,174.77349853515625,89.40911865234375,123.80095672607422,60.745174407958984,100.58000183105469,46.42250442504883,62.587310791015625,156.07005310058594,26.810678482055664,157.62750244140625,136.6786346435547,183.10386657714844,194.40121459960938,78.08871459960938,364.3712158203125,51.02632141113281,88.67930603027344,367.1495666503906,27.802841186523438,112.67247772216797,149.3629608154297,525.718994140625,371.1715393066406,71.42316436767578,273.5025634765625,258.8909912109375,114.5610580444336,327.9495849609375,47.435726165771484,87.93946838378906,231.6981201171875,127.9551773071289,152.500732421875
2026-02-12,224.0335235595703,109.99055480957031,217.56671142578125,184.5664825439453,135.1199951171875,340.8663635253906,239.35000610351562,51.69108581542969,1038.573486328125,35.85832977294922,500.010009765625,110.06708526611328,755.4476318359375,95.03121185302734,108.43963623046875,184.16722106933594,76.77662658691406,177.4449462890625,63.156517028808594,594.823974609375,214.03875732421875,101.60147857666016,122.89320373535156,387.0918884277344,13.531047821044922,61.75379943847656,312.0458984375,79.40451049804688,891.5,381.9281311035156,255.78897094726562,240.67881774902344,299.7487487792969,77.4947738647461,468.2493896484375,1033.278076171875,626.0916748046875,282.4205627441406,525.6739501953125,325.6955871582031,172.18186950683594,63.91380310058594,116.82859802246094,166.24652099609375,89.96694946289062,117.36251068115234,59.527347564697266,103.29000091552734,46.60346984863281,62.8590087890625,155.394775390625,26.559295654296875,158.81956481933594,133.2587432861328,185.73831176757812,198.9815216064453,76.13236236572266,369.96136474609375,50.1158447265625,90.33850860595703,373.200439453125,28.12510871887207,110.7849349975586,153.19329833984375,508.416748046875,365.228271484375,71.60838317871094,278.856689453125,257.86651611328125,112.71853637695312,322.9094543457031,47.91037368774414,85.3096923828125,228.09417724609375,132.79434204101562,147.9611358642578
2026-02-13,227.97256469726562,111.18448638916016,219.7026824951172,188.4011993408203,141.58999633789062,335.5179748535156,242.9600067138672,51.72061538696289,1054.1968994140625,36.31150436401367,497.54998779296875,109.7799072265625,771.2980346679688,95.5252914428711,109.02668762207031,188.42800903320312,77.31848907470703,178.74856567382812,64.50460052490234,599.6075439453125,211.68865966796875,104.64813232421875,125.99390411376953,386.0208740234375,13.794829368591309,62.55010986328125,314.5591125488281,80.54694366455078,892.0814819335938,382.740478515625,258.6078796386719,239.5962371826172,299.6595764160156,77.18087005615234,476.3100280761719,1036.7271728515625,640.97216796875,284.26031494140625,516.604736328125,321.2821044921875,170.19093322753906,64.14270782470703,118.95471954345703,169.3031768798828,91.7970199584961,124.9932632446289,61.505104064941406,107.08000183105469,47.21303939819336,63.71292495727539,159.02938842773438,26.665651321411133,157.6964874267578,135.78945922851562,184.32278442382812,197.91311645507812,76.66767883300781,366.27764892578125,49.86842727661133,92.67115020751953,384.7948303222656,28.01768684387207,113.80303955078125,153.4715118408203,503.4305114746094,363.5018615722656,72.70989990234375,287.5057373046875,256.7927551269531,113.83551025390625,312.8489990234375,47.47446823120117,85.99185943603516,231.55990600585938,133.0427703857422,146.50057983398438
2026-02-17,229.3118438720703,110.77006530761719,215.4503173828125,189.3721160888672,142.5800018310547,342.5066833496094,244.0399932861328,51.90761947631836,1055.338134765625,36.215087890625,503.4100036621094,112.67145538330078,761.8934326171875,94.51737213134766,106.433837890625,183.0349884033203,77.0426254272461,177.36343383789062,63.6705322265625,597.5390625,205.49473571777344,104.63821411132812,124.52955627441406,388.2423095703125,13.80459976196289,60.80818176269531,326.1976013183594,80.68602752685547,902.82421875,374.9007263183594,254.5963897705078,239.47813415527344,304.1958312988281,78.04409790039062,477.5181579589844,1032.7896728515625,638.0255737304688,278.09814453125,520.16259765625,321.32135009765625,166.03074645996094,63.46552658081055,119.11148071289062,169.68896484375,90.73029327392578,121.52564239501953,63.1515998840332,105.91000366210938,47.02254867553711,64.51830291748047,152.9021759033203,26.462614059448242,157.18417358398438,138.52537536621094,180.52838134765625,201.3162078857422,75.8598403930664,365.3343505859375,49.324119567871094,90.49725341796875,385.64984130859375,28.00792121887207,114.5698471069336,155.9654541015625,500.2093505859375,361.3587341308594,72.09577941894531,283.4851989746094,258.88116455078125,111.81240844726562,318.247802734375,47.39698028564453,86.4070816040039,232.2510528564453,128.03466796875,144.270263671875
2026-02-18,225.2349395751953,111.78639221191406,219.09521484375,183.02670288085938,139.5399932861328,344.20660400390625,238.92999267578125,52.5178337097168,1074.611572265625,37.15034866333008,499.07000732421875,115.13719940185547,749.1513061523438,94.44820404052734,108.97783660888672,186.5111541748047,76.59929656982422,180.62484741210938,62.7685661315918,590.0105590820312,207.6855010986328,106.28559112548828,123.08484649658203,377.2244567871094,13.531048774719238,62.261444091796875,328.69085693359375,83.11991882324219,920.259033203125,375.3704833984375,257.0407409667969,241.1118621826172,305.8300476074219,77.97543334960938,480.5483093261719,1017.348388671875,638.25146484375,279.0575866699219,526.192138671875,321.586181640625,162.61346435546875,63.68488693237305,119.19966888427734,174.68447875976562,89.27210998535156,123.890380859375,63.86280822753906,107.80999755859375,46.88920593261719,63.14040756225586,155.0869140625,26.462614059448242,154.53407287597656,136.43435668945312,179.56504821777344,202.6121368408203,77.73832702636719,363.1697998046875,51.05601119995117,89.55293273925781,394.0402526855469,27.226667404174805,113.70472717285156,156.22377014160156,512.1464233398438,359.433837890625,70.59459686279297,282.6124572753906,261.0483703613281,112.40288543701172,319.0446472167969,46.544551849365234,87.55390167236328,231.10569763183594,125.81877136230469,148.7012939453125
2026-02-19,220.9315185546875,110.70099639892578,210.61004638671875,181.23194885253906,137.22999572753906,340.6376953125,233.7100067138672,51.9371452331543,1063.80908203125,37.613162994384766,496.94000244140625,114.4242172241211,757.6793212890625,92.86714935302734,110.03291320800781,184.02816772460938,76.17565155029297,181.51876831054688,63.48625946044922,658.3629760742188,210.36422729492188,105.19395446777344,124.19540405273438,374.1898193359375,13.462658882141113,62.28135681152344,333.8369445800781,80.93437957763672,903.4254760742188,370.53546142578125,252.59556579589844,243.00146484375,305.10699462890625,77.40648651123047,485.3312072753906,1019.9999389648438,654.6544189453125,275.15057373046875,518.498291015625,320.8211669921875,163.48512268066406,64.84851837158203,119.39561462402344,172.48843383789062,89.68314361572266,124.59583282470703,63.9212646484375,107.37000274658203,46.14629364013672,63.55765151977539,155.454345703125,25.969520568847656,156.20884704589844,135.8578643798828,180.3809356689453,203.20570373535156,78.23471069335938,355.07745361328125,51.006526947021484,93.4974365234375,391.4939880371094,27.226667404174805,113.70472717285156,155.5083770751953,513.7021484375,357.57843017578125,70.19493865966797,284.30889892578125,259.0486145019531,111.84144592285156,317.67999267578125,47.116065979003906,86.57514953613281,230.47378540039062,124.07984924316406,148.98748779296875
2026-02-20,221.38450622558594,110.72073364257812,211.00198364257812,183.7034149169922,132.7899932861328,344.1470031738281,232.02999877929688,52.22256851196289,1075.9693603515625,37.289878845214844,498.20001220703125,114.86982727050781,756.8922119140625,93.96399688720703,108.98770904541016,183.89906311035156,75.55497741699219,180.68377685546875,63.97117614746094,658.8502807617188,208.62156677246094,104.77715301513672,124.59834289550781,370.28253173828125,13.687362670898438,64.0431900024414,342.2940979003906,80.97412109375,908.934814453125,374.12750244140625,253.4629364013672,238.65142822265625,307.82086181640625,78.31876373291016,491.6688232421875,1006.3430786132812,646.5512084960938,277.30682373046875,524.62744140625,322.9004211425781,165.47605895996094,64.44792938232422,119.78753662109375,173.5172119140625,90.21160888671875,121.34679412841797,63.716678619384766,104.2699966430664,45.16526412963867,64.17867279052734,147.0530242919922,25.766483306884766,158.39593505859375,138.2713165283203,180.2826385498047,203.39427185058594,78.37617492675781,358.07611083984375,50.32366943359375,92.75968933105469,392.25506591796875,27.324323654174805,114.71731567382812,157.21737670898438,509.5236511230469,367.6492614746094,71.38418579101562,284.3775634765625,262.1319580078125,112.99336242675781,319.6921081542969,47.70695495605469,87.69230651855469,227.40304565429688,122.21173858642578,145.345947265625
2026-02-23,225.9833526611328,113.75984954833984,197.11807250976562,186.3906707763672,127.43000030517578,319.35345458984375,230.44000244140625,50.263973236083984,1053.704833984375,37.5145149230957,494.0899963378906,109.67098236083984,753.6344604492188,95.9501953125,108.34677124023438,176.94674682617188,75.86038970947266,181.646484375,62.2933464050293,643.2863159179688,210.0355987548828,103.61605072021484,125.59097290039062,359.0465087890625,13.325884819030762,65.24761199951172,338.0754699707031,79.13628387451172,879.4366455078125,368.979248046875,220.1389923095703,241.9484100341797,294.8262023925781,79.0250473022461,493.3323974609375,1055.228759765625,648.8692016601562,271.3721618652344,494.350341796875,328.1278991699219,164.7628936767578,65.79277801513672,121.31597900390625,165.00013732910156,92.05146789550781,123.45320129394531,61.466129302978516,100.80000305175781,37.745670318603516,64.70267486572266,140.32997131347656,26.16288948059082,162.72085571289062,137.51895141601562,184.0377197265625,200.41661071777344,78.56283569335938,361.6903076171875,50.709632873535156,93.62530517578125,380.3224182128906,27.851669311523438,111.42394256591797,156.68084716796875,515.0185546875,367.1531677246094,72.11527252197266,276.8660583496094,259.82684326171875,111.33808898925781,305.31866455078125,48.12348175048828,84.18264770507812,227.64987182617188,125.01390075683594,148.78024291992188
2026-02-24,224.95919799804688,113.05928039550781,192.75791931152344,186.52796936035156,128.77000427246094,318.597900390625,233.38999938964844,49.61438751220703,1063.5826416015625,37.407081604003906,494.510009765625,108.49256896972656,765.3504028320312,96.94824981689453,109.04686737060547,184.1573028564453,73.0821304321289,182.0688934326172,61.818119049072266,640.9989013671875,208.3128662109375,105.24357604980469,126.24944305419922,371.45269775390625,13.872986793518066,67.56685638427734,344.7075500488281,80.75556182861328,889.2528686523438,376.31011962890625,226.02317810058594,243.6699676513672,294.459716796875,79.1820068359375,499.08575439453125,1038.8704833984375,652.611328125,275.5561218261719,496.3136901855469,326.64691162109375,164.8817596435547,66.05030822753906,121.42375946044922,166.9686279296875,93.63687133789062,123.29422760009766,62.44038772583008,102.48999786376953,36.75511932373047,64.54741668701172,145.12648010253906,26.240238189697266,162.8292236328125,137.0890350341797,183.82144165039062,196.98239135742188,79.35858154296875,362.1470642089844,51.313316345214844,94.2450180053711,392.9973449707031,27.685653686523438,113.56708526611328,156.65103149414062,514.1807861328125,382.7405700683594,72.70989990234375,268.6387634277344,262.68359375,111.67689514160156,306.0158996582031,48.29784393310547,83.60923767089844,226.68223571777344,125.94794464111328,147.29994201660156
2026-02-25,223.46234130859375,113.23688507080078,187.63352966308594,178.96641540527344,132.88999938964844,325.1690979003906,230.36000061035156,50.87418746948242,1076.1070556640625,37.20198059082031,493.989990234375,113.22600555419922,763.7364501953125,95.5252914428711,108.47496032714844,190.44418334960938,75.06238555908203,180.96865844726562,61.65324783325195,620.1838989257812,208.6414794921875,104.25118255615234,126.71134185791016,370.4312438964844,14.097691535949707,68.50252532958984,341.9649658203125,81.88806915283203,908.087158203125,367.5894470214844,234.12498474121094,242.5717315673828,300.40240478515625,78.936767578125,503.3141174316406,1025.59228515625,635.9825439453125,260.1556701660156,507.6651306152344,326.6076965332031,163.97047424316406,66.47950744628906,119.98348236083984,171.85533142089844,93.07904815673828,124.04935455322266,61.768150329589844,104.2300033569336,36.34556198120117,64.03312683105469,146.8643341064453,26.191896438598633,160.9672393798828,136.8251953125,186.57386779785156,194.52084350585938,80.83218383789062,354.7200622558594,51.12528610229492,94.35321807861328,398.93988037109375,27.216901779174805,114.47154235839844,154.82281494140625,512.26611328125,384.70513916015625,71.35494232177734,278.69000244140625,260.30950927734375,110.20555114746094,311.7633056640625,47.68758010864258,85.77435302734375,225.22093200683594,124.95427703857422,147.10256958007812
2026-02-26,221.26632690429688,114.71697235107422,203.19290161132812,181.44769287109375,130.25,333.35076904296875,229.41000366210938,51.47456359863281,1072.65380859375,37.10430908203125,502.6700134277344,115.0579833984375,750.1077270507812,96.3948745727539,109.15533447265625,198.1116180419922,76.8554458618164,180.90972900390625,61.439876556396484,616.0567016601562,208.48216247558594,104.74738311767578,127.00618743896484,371.48248291015625,14.07815170288086,68.06454467773438,339.9205017089844,80.25885772705078,915.5972900390625,367.11962890625,238.5307159423828,240.88975524902344,303.20538330078125,78.96619415283203,493.6492919921875,1018.8037719726562,630.2169799804688,261.5107727050781,513.0269165039062,328.0985107421875,164.59449768066406,66.26013946533203,116.88739776611328,175.5747833251953,90.02567291259766,126.65254974365234,62.303993225097656,109.30000305175781,35.83123779296875,64.62503814697266,149.26756286621094,26.201562881469727,161.3218994140625,139.39500427246094,184.3129425048828,196.15855407714844,79.75154113769531,357.947021484375,50.9570426940918,94.77619934082031,412.01153564453125,26.81650733947754,112.84943389892578,157.6744384765625,518.6883544921875,373.8703308105469,71.43292236328125,281.1023254394531,261.4916687011719,112.89655303955078,315.45880126953125,47.35823440551758,85.319580078125,230.9477081298828,123.6326904296875,146.58938598632812
2026-02-27,228.54373168945312,114.80577850341797,204.505859375,188.1658172607422,133.5,307.0859069824219,227.52999877929688,49.04354476928711,1046.050537109375,37.95402526855469,504.95001220703125,109.11644744873047,740.045654296875,97.96604919433594,111.87682342529297,193.46348571777344,78.71747589111328,183.46383666992188,61.88880157470703,626.2504272460938,209.75677490234375,105.23365020751953,128.5983123779297,372.80145263671875,13.765521049499512,67.76593780517578,341.336669921875,78.1925277709961,847.1689453125,372.6300048828125,236.75660705566406,245.79718017578125,297.4310607910156,80.0059814453125,503.1259765625,1048.679443359375,646.3743896484375,261.6888122558594,515.4586791992188,334.5029296875,163.7525634765625,65.8499984741211,121.31597900390625,164.71324157714844,92.39338684082031,129.16632080078125,60.579551696777344,108.01000213623047,35.6693229675293,65.27782440185547,144.3916015625,26.73332977294922,164.72073364257812,139.30706787109375,183.6543426513672,201.1114044189453,82.04054260253906,360.022216796875,50.808597564697266,95.78936767578125,416.1458435058594,27.353620529174805,111.86634063720703,160.62542724609375,519.6756591796875,371.65771484375,72.43971252441406,287.5841369628906,262.39276123046875,112.24800109863281,318.8852844238281,48.569068908691406,80.52467346191406,237.8001251220703,127.1403579711914,150.49740600585938
2026-03-02,230.6905059814453,112.60538482666016,201.7721710205078,186.5377655029297,129.3000030517578,305.6245422363281,229.74000549316406,49.023860931396484,1051.048583984375,38.549808502197266,480.1700134277344,110.3641586303711,749.5000610351562,96.14783477783203,116.59011840820312,191.63601684570312,80.45143127441406,186.2537078857422,61.80058670043945,627.4139404296875,205.13623046875,103.53665924072266,129.36488342285156,374.2691650390625,13.08164119720459,67.97496795654297,344.8072814941406,77.24877166748047,853.7377319335938,362.93060302734375,235.9286651611328,245.92579650878906,294.7172546386719,78.69152069091797,504.37371826171875,1014.7664794921875,668.1660766601562,254.36941528320312,519.23583984375,328.3829345703125,159.9291534423828,65.51618194580078,118.95471954345703,165.1979522705078,91.34894561767578,127.90447235107422,59.83419418334961,109.41999816894531,35.96458053588867,65.82341766357422,148.21490478515625,26.356258392333984,161.08546447753906,139.45364379882812,180.6955108642578,210.58038330078125,82.73805236816406,354.3600158691406,50.739322662353516,95.64183044433594,417.2759704589844,27.353620529174805,111.25682067871094,158.9164276123047,507.18011474609375,366.2303771972656,70.21004486083984,289.21197509765625,264.36334228515625,110.7573013305664,319.25384521484375,48.41408157348633,81.641845703125,240.00198364257812,126.29573059082031,152.19480895996094
2026-03-03,230.29661560058594,112.1021499633789,205.6522216796875,186.58680725097656,124.5999984741211,306.01226806640625,224.1199951171875,49.18133544921875,1035.58251953125,37.95402526855469,481.3599853515625,109.6808853149414,719.4730224609375,94.3790283203125,116.8662109375,194.71490478515625,79.29873657226562,185.43836975097656,61.43791961669922,615.8180541992188,203.1545867919922,102.51448822021484,129.16831970214844,352.6103210449219,12.407530784606934,65.26751708984375,333.2386169433594,76.76199340820312,854.609619140625,359.12322998046875,241.7537078857422,244.13497924804688,297.3914489746094,77.82829284667969,496.78839111328125,1004.5587158203125,659.3980102539062,254.89361572265625,522.5445556640625,327.6037902832031,156.9774169921875,65.70693969726562,117.40667724609375,164.15928649902344,91.230712890625,117.9982681274414,58.245418548583984,113.19000244140625,34.91688537597656,64.84913635253906,147.97657775878906,25.698802947998047,157.35165405273438,137.7729949951172,174.90560913085938,204.98236083984375,80.88130950927734,347.12554931640625,48.07716751098633,95.2090072631836,418.13299560546875,27.998153686523438,118.7578353881836,158.68792724609375,506.70147705078125,350.3750915527344,67.92144012451172,283.6028747558594,263.2443542480469,109.60540008544922,319.57257080078125,49.27619934082031,81.5924072265625,240.3673095703125,127.1006088256836,149.83619689941406
2026-03-04,232.5911102294922,111.59891510009766,205.75999450683594,187.126220703125,134.8300018310547,309.3823547363281,227.30999755859375,49.50613021850586,1032.27685546875,37.93449401855469,487.4800109863281,110.23542785644531,729.226318359375,94.1517562866211,114.03626251220703,191.76513671875,79.37755584716797,182.74671936035156,61.33009719848633,610.6664428710938,203.87155151367188,102.2564697265625,129.610595703125,351.5195007324219,12.514997482299805,65.6258544921875,338.8932800292969,78.083251953125,859.2364501953125,361.2667236328125,246.46499633789062,242.7003631591797,296.52978515625,76.61192321777344,494.3226623535156,1000.411865234375,656.10009765625,255.8035888671875,521.1492919921875,327.1796875,159.36456298828125,64.97251892089844,117.84757232666016,165.77169799804688,91.24056243896484,118.84453582763672,57.50987243652344,113.86000061035156,36.669395446777344,64.30352020263672,151.31326293945312,25.737478256225586,155.95272827148438,136.22915649414062,175.9967498779297,207.26524353027344,81.24478912353516,345.97125244140625,47.39430618286133,96.03528594970703,419.5550231933594,28.30088996887207,118.05000305175781,160.69497680664062,511.27880859375,354.6514587402344,67.84285736083984,286.2995300292969,264.095947265625,106.9627914428711,319.2139892578125,49.59585952758789,82.97650909423828,240.87088012695312,127.00123596191406,147.85260009765625
2026-03-05,228.8096160888672,109.5662612915039,209.6792449951172,184.02706909179688,139.39999389648438,305.4058532714844,222.05999755859375,49.023860931396484,1018.27685546875,38.38376998901367,500.3999938964844,107.88851928710938,703.4334106445312,91.57266235351562,115.18993377685547,200.01853942871094,77.52538299560547,186.5484161376953,61.7515754699707,587.4447631835938,201.15301513671875,101.63125610351562,129.34524536132812,351.84674072265625,12.055821418762207,62.370941162109375,326.10784912109375,75.69902038574219,827.7401733398438,353.9945983886719,252.86167907714844,237.0904541015625,290.74554443359375,75.56230163574219,485.28167724609375,980.165771484375,646.7396850585938,251.93618774414062,522.8833618164062,322.9486999511719,154.72894287109375,63.885189056396484,113.72270965576172,160.7959747314453,89.79214477539062,115.57896423339844,56.901824951171875,120.37999725341797,37.21229553222656,63.134376525878906,153.71649169921875,25.727807998657227,151.70663452148438,134.69509887695312,166.8155059814453,202.34217834472656,81.4805679321289,333.8109436035156,46.90938186645508,95.61231231689453,424.83831787109375,28.29112434387207,118.32527160644531,159.9001007080078,517.4119262695312,351.099365234375,66.19270324707031,283.1714172363281,257.659423828125,100.73861694335938,318.5466003417969,49.57648849487305,81.17718505859375,242.98385620117188,122.52970886230469,148.78024291992188
2026-03-06,226.60374450683594,108.10590362548828,210.6590576171875,184.95877075195312,132.88999938964844,299.2322998046875,231.11000061035156,48.1429557800293,945.2451782226562,39.497188568115234,498.9800109863281,105.49209594726562,678.3477783203125,92.45211791992188,115.43644714355469,200.733642578125,76.76677703857422,186.58770751953125,61.986820220947266,586.5298461914062,194.68026733398438,100.76787567138672,130.2199249267578,344.86517333984375,11.870196342468262,59.08616256713867,322.2383117675781,74.89244842529297,813.829833984375,350.3144836425781,255.12863159179688,237.85227966308594,286.7144470214844,75.57211303710938,480.0135498046875,987.2135009765625,663.2982177734375,249.1468963623047,520.5712890625,323.5502624511719,151.9554901123047,63.4369010925293,113.44837188720703,158.54058837890625,89.68376159667969,115.77808380126953,55.911285400390625,124.33999633789062,36.74559783935547,63.3292236328125,151.89918518066406,26.153221130371094,151.3519744873047,131.46084594726562,167.0907440185547,208.1982421875,83.2095947265625,328.2681579589844,46.414554595947266,95.88774871826172,426.0155334472656,27.968856811523438,118.74800109863281,158.3103485107422,500.5883483886719,336.2461853027344,65.63282775878906,280.9258117675781,251.62889099121094,99.08335876464844,316.1161804199219,49.51836395263672,79.50637817382812,242.94436645507812,123.01661682128906,149.22434997558594
2026-03-09,223.98428344726562,111.15489196777344,205.13291931152344,183.0463104248047,137.1699981689453,303.58660888671875,225.0,47.410518646240234,947.4415283203125,39.70229721069336,497.20001220703125,105.55150604248047,702.1781005859375,91.89875030517578,115.39701080322266,197.43624877929688,77.10174560546875,186.09652709960938,61.663360595703125,596.1864624023438,197.9664306640625,100.886962890625,128.82435607910156,350.93438720703125,11.90927505493164,60.21095275878906,321.5292053222656,74.37464141845703,824.3418579101562,346.047119140625,249.68797302246094,240.01905822753906,287.1502685546875,76.31763458251953,478.9044494628906,1005.2166748046875,655.7743530273438,247.49508666992188,515.9669189453125,326.2525939941406,150.19236755371094,63.942420959472656,114.7416763305664,158.71864318847656,90.65922546386719,116.44513702392578,55.44053649902344,121.93000030517578,37.88853454589844,63.27077102661133,150.50889587402344,25.92117691040039,152.9183807373047,132.056884765625,170.30516052246094,206.6796417236328,84.08393859863281,331.77093505859375,46.70155334472656,95.66149139404297,419.34783935546875,26.884868621826172,118.10899353027344,157.12794494628906,508.5663146972656,345.9796447753906,65.18099975585938,281.81524658203125,251.13377380371094,96.7408218383789,314.73162841796875,48.86935806274414,77.9344482421875,243.3985595703125,123.5531997680664,148.46444702148438
2026-03-10,223.5509796142578,109.082763671875,197.5590057373047,182.53631591796875,139.6199951171875,301.36968994140625,217.75999450683594,48.06377410888672,957.0280151367188,39.008846282958984,494.1400146484375,107.9083251953125,713.99365234375,91.39478302001953,112.55719757080078,193.58267211914062,75.1904525756836,183.0021209716797,61.4869270324707,589.463623046875,194.4014434814453,100.54954528808594,127.45828247070312,359.1812438964844,11.958124160766602,62.112144470214844,326.1134948730469,74.6136245727539,826.1054077148438,349.56085205078125,246.60296630859375,241.12721252441406,285.97161865234375,76.39611053466797,473.2798767089844,998.1987915039062,643.00732421875,248.37538146972656,512.97705078125,323.4319152832031,153.7780303955078,64.03779602050781,114.72207641601562,159.01541137695312,90.19612884521484,118.37660217285156,54.99921417236328,116.61000061035156,36.87894058227539,63.21230697631836,148.36386108398438,26.25957489013672,153.69667053222656,133.04379272460938,169.93162536621094,205.45880126953125,83.61238861083984,328.7159423828125,47.612030029296875,94.69750213623047,410.0809020996094,27.060649871826172,118.69884490966797,158.50906372070312,498.7035217285156,344.3821716308594,65.20064544677734,279.01849365234375,247.76698303222656,97.689453125,313.1976318359375,49.121212005615234,77.41046905517578,232.56700134277344,124.3282699584961,146.18479919433594
2026-03-11,224.21075439453125,108.7867431640625,197.4120330810547,179.3292999267578,138.22999572753906,304.1929931640625,214.10000610351562,48.0241813659668,941.0108642578125,40.59107971191406,493.57000732421875,108.12618255615234,704.937744140625,88.54889678955078,115.39701080322266,192.80799865722656,74.5993423461914,188.40505981445312,60.977230072021484,590.7763671875,194.2421112060547,100.12281036376953,127.79242706298828,353.93865966796875,11.831117630004883,61.256107330322266,324.7452087402344,74.4742202758789,816.1482543945312,343.38494873046875,245.29209899902344,240.41482543945312,284.77313232421875,76.15087890625,478.45635986328125,996.693603515625,641.2794189453125,244.1914520263672,502.2933654785156,320.73944091796875,153.69879150390625,63.27476119995117,113.85987854003906,159.15390014648438,90.31436920166016,115.69844055175781,54.62653350830078,115.62999725341797,36.983707427978516,63.04667663574219,161.98870849609375,26.394933700561523,151.04656982421875,131.3240509033203,164.00411987304688,205.71685791015625,85.86209106445312,321.1629943847656,47.67140579223633,94.68766784667969,403.9783020019531,26.52353858947754,116.77198028564453,156.86962890625,494.3555603027344,351.7939147949219,63.97285842895508,281.894287109375,248.65817260742188,97.57329559326172,307.74908447265625,49.0921516418457,76.00659942626953,233.514892578125,122.70858001708984,149.5894775390625
2026-03-12,221.9359588623047,106.70475006103516,192.09165954589844,176.39688110351562,134.02999877929688,300.1170959472656,204.75999450683594,46.64838790893555,913.0429077148438,41.17708969116211,491.8900146484375,104.47213745117188,698.0635986328125,86.90855407714844,118.58193969726562,197.9228973388672,74.94416046142578,193.49363708496094,61.594749450683594,582.6115112304688,185.47900390625,98.67391967773438,129.5516357421875,346.82586669921875,11.76272964477539,58.936851501464844,306.31817626953125,73.13987731933594,780.2431640625,333.9457702636719,244.11920166015625,239.47488403320312,280.1874084472656,76.13125610351562,487.25946044921875,974.1746826171875,644.5971069335938,236.8423614501953,495.62603759765625,319.45733642578125,147.6863555908203,64.59100341796875,113.5659408569336,152.70423889160156,90.38333892822266,113.97605895996094,53.086795806884766,112.97000122070312,36.21221923828125,63.35846710205078,158.05618286132812,25.969520568847656,148.26837158203125,128.88125610351562,169.076416015625,201.52825927734375,86.8051986694336,316.14764404296875,44.098777770996094,96.24185180664062,395.257568359375,26.74814796447754,113.79320526123047,154.79298400878906,474.5801086425781,334.0831604003906,63.255828857421875,273.79071044921875,241.7166290283203,94.7564468383789,305.2987365722656,49.04371643066406,74.39511108398438,235.59828186035156,124.53693389892578,151.5138702392578
2026-03-13,216.33267211914062,106.59620666503906,192.67953491210938,180.85926818847656,133.57000732421875,298.1983947753906,209.88999938964844,46.242576599121094,914.2399291992188,41.67519760131836,490.0299987792969,104.66028594970703,691.388671875,87.78800964355469,120.18919372558594,191.51683044433594,75.00326538085938,193.34629821777344,61.95741271972656,574.3272094726562,186.53457641601562,98.53498077392578,130.8587188720703,353.5506896972656,11.401251792907715,56.11991500854492,299.31689453125,72.0843505859375,774.9822387695312,334.0443115234375,242.7393341064453,238.9604034423828,280.7321472167969,76.38805389404297,490.7469482421875,981.97998046875,637.8532104492188,235.00262451171875,496.3036804199219,321.9722595214844,149.52871704101562,64.75313568115234,113.27201080322266,153.1988525390625,91.41792297363281,109.09762573242188,52.93968200683594,113.62000274658203,36.15507125854492,62.78362274169922,154.03427124023438,25.698802947998047,148.41615295410156,128.73471069335938,171.6912078857422,202.9972686767578,87.85637664794922,318.2174987792969,44.257118225097656,96.4090805053711,397.88507080078125,27.070415496826172,115.35631561279297,154.43528747558594,463.5496520996094,335.670654296875,62.91204833984375,278.77142333984375,240.0728302001953,94.09821319580078,305.9362487792969,49.77022171020508,73.2581787109375,236.45574951171875,125.71939849853516,154.06985473632812
2026-03-16,218.07569885253906,108.49071502685547,195.2858428955078,181.1534881591797,135.35000610351562,296.4487609863281,213.47000122070312,46.579105377197266,933.1854248046875,41.89984130859375,492.2099914550781,106.30410766601562,697.156982421875,89.23072814941406,119.62714385986328,196.9893035888672,74.71755981445312,193.3659210205078,62.16324996948242,569.3347778320312,190.58750915527344,97.90977478027344,131.1634063720703,359.1613464355469,11.440330505371094,57.66276168823242,303.62152099609375,72.6419906616211,787.4261474609375,337.5421142578125,245.66664123535156,240.61270141601562,283.4261474609375,76.86214447021484,494.2145080566406,986.00732421875,637.0632934570312,239.47340393066406,506.77813720703125,322.1596374511719,148.52828979492188,64.40978240966797,113.93331909179688,154.0198974609375,91.45732879638672,109.70494079589844,53.734073638916016,114.87999725341797,36.74559783935547,63.251285552978516,154.88832092285156,25.727807998657227,149.86434936523438,131.00161743164062,171.8091583251953,204.52578735351562,88.88790130615234,321.1331787109375,44.494632720947266,97.4911117553711,401.7463073730469,27.080183029174805,115.07122802734375,155.0215301513672,469.1697082519531,337.57574462890625,64.26753234863281,282.1314392089844,239.8450927734375,94.28213500976562,308.8945617675781,49.37306594848633,74.88943481445312,234.89939880371094,125.19275665283203,155.165283203125
2026-03-17,216.4114532470703,109.24063873291016,194.6489715576172,181.50656127929688,133.07000732421875,298.506591796875,210.82000732421875,46.796852111816406,960.6390380859375,42.82768630981445,492.5799865722656,106.66059875488281,699.36865234375,88.87499237060547,121.155517578125,193.97994995117188,73.70279693603516,194.4759979248047,61.78097915649414,571.1050415039062,194.3914794921875,99.53730010986328,130.66217041015625,362.05621337890625,11.665032386779785,57.822021484375,301.7138977050781,73.72738647460938,799.582763671875,336.4090270996094,252.42800903320312,235.5865478515625,284.1492004394531,76.62510681152344,490.8760681152344,927.4222412109375,628.30517578125,237.0995330810547,504.8645935058594,321.814453125,147.64671325683594,63.87565231323242,114.36762237548828,156.12692260742188,91.17159271240234,110.55120086669922,54.05771255493164,116.72000122070312,36.602725982666016,62.4426155090332,153.6171875,26.539960861206055,149.2338409423828,131.2084503173828,169.89230346679688,201.81613159179688,90.35167694091797,319.13299560546875,45.652523040771484,96.66483306884766,407.72650146484375,27.197370529174805,114.7861328125,154.3856201171875,471.8749084472656,344.2481384277344,64.25769805908203,284.18701171875,239.95401000976562,94.64028930664062,307.25103759765625,48.937164306640625,75.36398315429688,233.997314453125,124.28852081298828,156.7245330810547
2026-03-18,205.1654510498047,107.05010223388672,191.20982360839844,177.2108917236328,136.07000732421875,292.6611633300781,205.99000549316406,46.3514518737793,957.9678344726562,43.56997299194336,484.4700012207031,107.61125183105469,691.0200805664062,86.483642578125,121.92463684082031,193.0165557861328,71.93929290771484,195.1046905517578,60.967430114746094,567.8828735351562,190.69703674316406,98.66399383544922,128.50003051757812,358.6639709472656,11.518486976623535,55.1942024230957,300.5852966308594,73.21953582763672,798.0371704101562,326.0634460449219,247.9828643798828,234.7653350830078,284.9910583496094,75.034912109375,485.4313049316406,915.1609497070312,634.1801147460938,228.5734100341797,486.8159484863281,311.3898010253906,143.70445251464844,62.12066650390625,113.015380859375,157.21502685546875,89.62464141845703,106.07100677490234,52.43951416015625,113.70999908447266,35.6693229675293,61.41960525512695,151.83958435058594,26.414268493652344,144.53457641601562,129.22865295410156,163.31600952148438,203.03695678710938,91.11795043945312,310.59490966796875,44.85091018676758,94.96309661865234,401.7934265136719,26.767681121826172,113.10504150390625,151.8916778564453,463.86907958984375,337.8702392578125,61.24224853515625,280.9850769042969,234.26016235351562,93.74005889892578,297.8480529785156,48.03630065917969,75.3244400024414,231.7569580078125,121.2081298828125,155.5205535888672
2026-03-19,203.0876007080078,105.7673568725586,199.4402313232422,179.2410125732422,136.25999450683594,293.1979675292969,201.17999267578125,46.52960968017578,959.2440795898438,44.790828704833984,481.4800109863281,108.77974700927734,686.0687255859375,84.48756408691406,124.26156616210938,193.66213989257812,70.79646301269531,197.88475036621094,59.810813903808594,564.4617309570312,189.3128662109375,98.44566345214844,127.5074234008789,358.3555908203125,11.371941566467285,53.372642517089844,291.2469482421875,73.47844696044922,802.02001953125,323.3834533691406,246.77053833007812,235.0819549560547,285.2188415527344,74.6200942993164,486.65338134765625,914.6127319335938,629.4702758789062,227.20843505859375,489.4769287109375,305.32427978515625,141.35693359375,62.06344223022461,112.71926879882812,156.8391571044922,91.05335998535156,98.76332092285156,52.41008758544922,113.2699966430664,35.316917419433594,61.02988815307617,154.44143676757812,26.501285552978516,142.69229125976562,129.12030029296875,162.02670288085938,199.2354736328125,89.58540344238281,308.8634033203125,47.32503128051758,94.65815734863281,401.322509765625,27.089948654174805,112.53484344482422,153.69009399414062,469.37933349609375,337.0941467285156,60.417171478271484,277.1408386230469,231.89346313476562,93.4690170288086,298.53533935546875,47.929744720458984,75.52216339111328,231.79661560058594,120.3237533569336,156.08306884765625
2026-03-20,201.94529724121094,104.06031036376953,195.95211791992188,173.38597106933594,131.22000122070312,293.7646179199219,195.1199951171875,46.678077697753906,947.6788940429688,43.73601150512695,480.94000244140625,108.45296478271484,678.3278198242188,84.11206817626953,125.14900207519531,194.04946899414062,70.42208862304688,198.16961669921875,58.203311920166016,556.6548461914062,188.55606079101562,98.75331115722656,124.6278305053711,354.9433898925781,11.254706382751465,51.849700927734375,286.4329528808594,72.50257110595703,806.0128173828125,316.03314208984375,238.29417419433594,232.87557983398438,283.8223571777344,73.8299331665039,485.0140075683594,903.8466796875,619.5173950195312,222.18374633789062,494.6393737792969,304.6043395996094,139.8612518310547,61.49116516113281,112.69953155517578,159.72764587402344,88.18608093261719,95.37828826904297,51.36071014404297,110.37999725341797,34.79306411743164,59.38333511352539,148.6419219970703,26.07587242126465,142.14060974121094,126.08657836914062,161.7688446044922,196.6846160888672,88.84860229492188,302.0469055175781,46.14734649658203,91.86454772949219,399.7121276855469,27.646589279174805,111.34530639648438,153.98817443847656,473.5519714355469,327.5919189453125,60.3877067565918,272.347900390625,232.62625122070312,92.79142761230469,300.4378662109375,48.41408157348633,76.71841430664062,229.22915649414062,118.50957489013672,157.5732421875
2026-03-23,201.8074188232422,103.45840454101562,195.98150634765625,173.1015625,135.8800048828125,300.136962890625,198.41000366210938,47.034400939941406,964.1708984375,42.55421829223633,479.9800109863281,110.55231475830078,699.0697631835938,84.14170837402344,125.41523742675781,193.850830078125,70.23490142822266,201.5882110595703,58.63459014892578,565.90380859375,189.20333862304688,97.20516967773438,125.1487045288086,357.86810302734375,11.489178657531738,54.686553955078125,291.17706298828125,75.4002914428711,823.5889282226562,326.03387451171875,244.8682861328125,232.925048828125,287.14031982421875,74.18550872802734,474.9788818359375,907.6845703125,608.4783935546875,231.69900512695312,498.68560791015625,304.22955322265625,145.17044067382812,61.414859771728516,114.1800765991211,162.54689025878906,88.90536499023438,97.7079849243164,51.694156646728516,110.94999694824219,35.069278717041016,59.285892486572266,153.2696075439453,25.882505416870117,141.85491943359375,128.35202026367188,161.8977813720703,193.36949157714844,89.11384582519531,312.416015625,48.740230560302734,92.21867370605469,403.8935241699219,28.08604621887207,112.98706817626953,155.49844360351562,477.2753601074219,336.755859375,59.984989166259766,266.36907958984375,236.04257202148438,94.5434799194336,303.246826171875,48.99528503417969,77.39068603515625,225.55140686035156,120.2022933959961,159.0140838623047
2026-03-24,202.0733184814453,102.67889404296875,189.63232421875,167.0797882080078,130.8000030517578,300.2264404296875,196.4199981689453,47.64806365966797,965.6350708007812,43.74577713012695,479.3299865722656,112.63185119628906,713.9437866210938,83.52904510498047,127.54510498046875,181.77365112304688,71.7225570678711,203.14031982421875,59.07567596435547,579.81689453125,189.30291748046875,95.65703582763672,125.18801879882812,372.15338134765625,11.567336082458496,56.21944808959961,290.2681884765625,76.2467041015625,827.9976806640625,326.04376220703125,237.13113403320312,232.77664184570312,289.6065368652344,73.75092315673828,476.75738525390625,900.1782836914062,602.4750366210938,231.87701416015625,497.24053955078125,303.60821533203125,145.27938842773438,61.34809494018555,114.86113739013672,164.08013916015625,90.27495574951172,98.5841064453125,52.45912551879883,104.6500015258789,35.135948181152344,58.90592575073242,146.06988525390625,26.066204071044922,141.03721618652344,128.39141845703125,162.5225830078125,192.5555877685547,89.51663208007812,312.1672058105469,49.987186431884766,92.44491577148438,387.2525939941406,28.193470001220703,113.96033477783203,157.36642456054688,489.42388916015625,341.53179931640625,59.54298782348633,269.0768737792969,237.3298797607422,95.2888412475586,302.5694885253906,49.314945220947266,78.70558166503906,222.98391723632812,121.5265884399414,163.20826721191406
2026-03-25,204.0231170654297,103.43868255615234,188.40756225585938,164.04928588867188,135.00999450683594,298.4767761230469,199.61000061035156,48.2518310546875,970.8685913085938,44.351318359375,476.19000244140625,113.3646469116211,716.3447265625,84.47767639160156,127.13095092773438,180.7208709716797,71.11173248291016,201.5292510986328,59.45794677734375,574.8145141601562,186.3652801513672,95.22037506103516,125.95460510253906,373.0487060546875,11.401251792907715,56.826637268066406,296.1907958984375,76.28653717041016,834.061279296875,327.6202087402344,237.91964721679688,237.3872528076172,292.59771728515625,74.32378387451172,489.17706298828125,913.4264526367188,616.328125,233.6079559326172,501.0575866699219,307.4151611328125,146.64630126953125,61.85237503051758,117.82223510742188,163.86251831054688,89.82171630859375,101.07310485839844,51.958953857421875,103.05999755859375,34.60258102416992,58.51620864868164,145.00730895996094,26.37559700012207,141.78594970703125,128.40127563476562,164.13919067382812,193.5481414794922,90.26325988769531,320.37689208984375,51.3529052734375,93.06462097167969,384.69097900390625,28.134872436523438,114.40272521972656,158.71771240234375,489.90301513671875,346.00927734375,59.71978759765625,267.3672180175781,238.9736785888672,95.22107696533203,303.7149658203125,48.79186248779297,79.34819793701172,222.89471435546875,122.5322494506836,161.11610412597656
2026-03-26,207.90310668945312,103.18212127685547,192.4541778564453,165.66751098632812,122.55000305175781,297.63177490234375,194.36000061035156,47.74704360961914,958.1162719726562,45.09360122680664,475.2699890136719,111.3148193359375,700.55419921875,83.14366912841797,131.3906707763672,184.3758087158203,70.12652587890625,204.12266540527344,59.69319534301758,577.9970092773438,187.26150512695312,94.02950286865234,127.15361785888672,355.2418518066406,11.332862854003906,55.572452545166016,284.8848876953125,75.28079223632812,815.0386352539062,323.6001892089844,238.19561767578125,236.70458984375,288.8736267089844,73.77067565917969,492.30682373046875,894.1771850585938,619.4186401367188,233.45960998535156,499.05438232421875,304.6832580566406,142.6248016357422,62.6669921875,117.387939453125,161.46864318847656,89.82171630859375,98.92261505126953,51.06649398803711,103.63999938964844,34.66925048828125,58.72080993652344,141.819580078125,26.655981063842773,140.30819702148438,127.79058837890625,161.15394592285156,191.41415405273438,90.53833770751953,317.98858642578125,51.768558502197266,93.86138916015625,388.4297790527344,28.24229621887207,115.02207946777344,156.5615997314453,487.9864196777344,324.4775695800781,58.747379302978516,264.8966064453125,236.8545684814453,94.3789291381836,304.3325500488281,49.150272369384766,78.12227630615234,224.54026794433594,121.6560287475586,163.25759887695312
2026-03-27,206.2093048095703,102.60982513427734,188.71131896972656,166.25596618652344,120.7699966430664,290.5535888671875,190.52000427246094,46.49002456665039,923.8758544921875,45.591712951660156,468.489990234375,106.33381652832031,692.7933959960938,83.2918930053711,131.93301391601562,178.0889129638672,69.04280853271484,207.42335510253906,59.673587799072266,563.5269165039062,181.14419555664062,91.71721649169922,127.75311279296875,355.50048828125,11.108160018920898,55.980560302734375,282.4579162597656,72.67186737060547,795.4711303710938,316.919921875,232.94224548339844,237.90174865722656,280.13787841796875,74.77811431884766,487.96490478515625,875.4761962890625,608.0735473632812,227.80189514160156,482.6002502441406,301.6949157714844,141.6837921142578,64.47077178955078,118.07886505126953,156.68087768554688,90.05818939208984,101.65055084228516,50.379981994628906,99.41000366210938,34.32636642456055,59.13001251220703,138.69142150878906,26.143552780151367,140.59390258789062,126.96320343017578,162.19529724121094,188.2975311279297,90.54815673828125,313.8290100097656,52.94623947143555,93.98926544189453,382.5814208984375,28.41807746887207,117.8140640258789,154.12728881835938,472.5237731933594,325.10443115234375,58.31519317626953,255.97283935546875,236.45846557617188,91.76536560058594,294.36175537109375,48.733741760253906,76.31307983398438,223.10287475585938,122.36298370361328,168.7445831298828
2026-03-30,209.87261962890625,100.52782440185547,193.56137084960938,167.0797882080078,116.12999725341797,295.742919921875,189.2100067138672,46.74736022949219,924.0836791992188,46.246089935302734,474.6600036621094,106.22488403320312,664.92822265625,84.71484375,131.03570556640625,183.7699432373047,69.10191345214844,206.99114990234375,60.614566802978516,552.4481201171875,183.50929260253906,93.60277557373047,129.44351196289062,341.7424621582031,10.951844215393066,54.39789581298828,272.9098205566406,72.45279693603516,800.1375732421875,318.7427062988281,233.8391571044922,239.92013549804688,281.0589904785156,75.33122253417969,496.0526428222656,883.83984375,591.0213623046875,230.04718017578125,492.32720947265625,304.28875732421875,141.16873168945312,64.99445343017578,116.5687026977539,156.6610870361328,90.69863891601562,102.66606140136719,50.25248718261719,104.97000122070312,34.84474182128906,59.578189849853516,137.83738708496094,26.84935188293457,142.57408142089844,126.84500885009766,163.47470092773438,185.75657653808594,91.10812377929688,314.3564453125,50.99663162231445,95.34672546386719,393.27044677734375,28.10557746887207,116.77198028564453,154.79298400878906,479.2019348144531,314.91571044921875,58.91435623168945,258.71026611328125,236.89418029785156,91.91055297851562,298.36602783203125,48.724056243896484,75.92750549316406,227.9602813720703,122.97036743164062,169.21827697753906
2026-03-31,214.17604064941406,101.30734252929688,194.28643798828125,169.25704956054688,122.77999877929688,300.70361328125,199.02999877929688,48.2518310546875,951.4384155273438,45.90425109863281,479.20001220703125,112.3050765991211,705.8045043945312,84.22076416015625,130.1581268310547,185.39877319335938,70.75704956054688,203.2483673095703,60.5949592590332,561.84375,189.2074737548828,95.64710998535156,128.686767578125,355.80889892578125,11.274245262145996,58.50883865356445,283.4167175292969,74.18544006347656,838.1728515625,324.053466796875,238.90525817871094,241.84947204589844,291.3497314453125,75.11393737792969,492.5751037597656,916.8756103515625,596.7679443359375,233.70687866210938,497.96807861328125,306.5177001953125,143.85302734375,63.995582580566406,118.73030853271484,162.794189453125,91.51644897460938,107.77348327636719,51.80203628540039,104.55000305175781,36.286319732666016,59.87275695800781,146.08975219726562,27.14907455444336,142.29823303222656,130.19390869140625,163.98049926757812,191.46377563476562,91.36355590820312,318.9837341308594,50.85807800292969,94.94342041015625,400.569091796875,28.31065559387207,119.15106964111328,158.677978515625,490.66168212890625,336.25836181640625,55.95783615112305,267.40673828125,240.25106811523438,95.23075866699219,301.055419921875,48.62718963623047,78.70558166503906,227.791748046875,123.74702453613281,167.4320526123047
2026-04-01,211.70428466796875,101.02118682861328,193.0812530517578,167.72708129882812,124.8499984741211,299.6796875,207.32000732421875,48.766517639160156,947.1743774414062,45.09360122680664,478.5,114.17665100097656,727.58251953125,84.39863586425781,126.58863830566406,184.97171020507812,71.4171371459961,193.92587280273438,60.82040023803711,569.224609375,190.39500427246094,95.82573699951172,128.64744567871094,363.6578063964844,11.41102123260498,60.91767501831055,292.31561279296875,74.7231674194336,852.261474609375,324.713623046875,239.6444854736328,241.53285217285156,292.5580749511719,75.14356231689453,490.6575012207031,951.5162353515625,609.8508911132812,233.41015625,489.98516845703125,303.0658264160156,143.8728485107422,63.50100326538086,119.27317810058594,164.3769073486328,91.48689270019531,113.28909301757812,43.76987838745117,104.04000091552734,36.01972579956055,60.55780029296875,144.22279357910156,27.603490829467773,141.95343017578125,131.32664489746094,156.036376953125,193.2702178955078,90.41061401367188,324.10858154296875,49.51215744018555,95.35655975341797,400.4090270996094,27.646589279174805,118.41374206542969,160.99305725097656,493.6663513183594,339.7806091308594,55.064002990722656,270.7568664550781,240.74618530273438,94.77581024169922,297.340087890625,47.842567443847656,79.65467071533203,228.99124145507812,124.20504760742188,158.66867065429688
2026-04-02,205.65785217285156,101.50469207763672,197.26504516601562,170.3848876953125,126.68000030517578,299.36053466796875,208.22000122070312,48.87539291381836,956.236572265625,46.021453857421875,477.3500061035156,114.12713623046875,714.5315551757812,84.13182830810547,128.6987762451172,185.90530395507812,72.40233612060547,195.45834350585938,61.5261344909668,574.2216796875,190.7243194580078,95.87535858154297,129.94473266601562,359.2210388183594,11.332862854003906,61.09684753417969,280.8099670410156,72.23371887207031,855.0653076171875,316.90020751953125,244.59231567382812,240.46429443359375,291.7855224609375,75.77568817138672,499.37115478515625,932.6358032226562,614.9358520507812,228.51406860351562,491.7691345214844,302.9178771972656,143.10023498535156,63.77253723144531,119.30279541015625,164.0207977294922,91.7824935913086,113.5479507446289,43.338356018066406,102.0,36.51342010498047,60.88075256347656,145.36480712890625,27.381118774414062,140.997802734375,131.76002502441406,156.800048828125,194.74913024902344,91.4617919921875,316.4461975097656,48.928260803222656,95.85823059082031,406.0501708984375,27.666120529174805,118.41374206542969,160.25779724121094,490.591796875,337.3428955078125,54.464839935302734,273.9982604980469,242.3206787109375,95.03716278076172,299.6210632324219,47.852256774902344,79.68433380126953,233.37278747558594,125.25054931640625,158.57984924316406
2026-04-06,203.5406036376953,100.94225311279297,194.93310546875,172.74850463867188,126.25,304.8953857421875,212.3000030517578,49.54844665527344,949.1629028320312,46.37306213378906,476.3800048828125,116.21658325195312,718.5365600585938,83.52904510498047,129.80313110351562,183.7699432373047,72.19544219970703,195.35028076171875,60.98703384399414,573.603271484375,191.7222442626953,95.54786682128906,129.148681640625,361.99652099609375,11.342632293701172,60.76836395263672,288.3305969238281,73.11996459960938,858.0475463867188,321.84637451171875,243.19271850585938,238.41622924804688,294.125,76.26953125,496.2612609863281,924.1426391601562,629.8553466796875,232.63864135742188,499.80181884765625,305.5018615722656,143.1299591064453,64.53865814208984,119.28304290771484,164.75282287597656,91.36865997314453,112.33332824707031,43.18144226074219,102.41999816894531,36.20732879638672,60.50886917114258,144.53062438964844,26.90736198425293,140.6529998779297,130.3613739013672,159.02162170410156,196.93275451660156,91.99229431152344,314.84405517578125,49.26474380493164,95.35655975341797,408.828369140625,27.656356811523438,120.14399719238281,160.78440856933594,487.3276062011719,340.04925537109375,55.0345344543457,278.0500183105469,243.14256286621094,94.04981231689453,302.1411437988281,47.61008834838867,80.92012786865234,231.7668914794922,126.24626159667969,161.2246551513672
2026-04-07,203.22547912597656,100.47850036621094,193.31642150878906,170.72816467285156,133.63999938964844,306.19183349609375,210.0,49.766197204589844,948.2230224609375,46.1386604309082,478.0799865722656,115.98882293701172,721.7245483398438,82.14562225341797,129.93133544921875,181.71405029296875,77.06233978271484,197.98297119140625,61.44771957397461,574.5109252929688,190.6145477294922,95.05167388916016,129.5516357421875,366.9306945800781,11.254706382751465,60.479705810546875,288.24072265625,72.45279693603516,856.1650390625,314.082275390625,241.54673767089844,235.8833770751953,296.0662536621094,74.97566223144531,491.41259765625,928.159912109375,619.7839965820312,229.08773803710938,496.59271240234375,300.6593322753906,142.9813995361328,64.24772644042969,117.7333984375,166.61253356933594,92.29485321044922,114.14530944824219,41.86726379394531,100.55000305175781,36.44430160522461,60.90032196044922,142.1770782470703,26.201562881469727,139.2047882080078,131.21829223632812,156.19505310058594,196.44639587402344,92.49331665039062,312.4259338378906,49.82884216308594,95.23851776123047,405.01422119140625,27.382917404174805,117.49946594238281,156.571533203125,488.6352844238281,343.5914611816406,54.71039581298828,304.1098327636719,243.70700073242188,94.44668579101562,301.3642272949219,47.0966911315918,80.8212661743164,231.2811279296875,121.9646987915039,161.757568359375
2026-04-08,208.36593627929688,102.18553161621094,189.92626953125,172.7877197265625,145.07000732421875,315.4764099121094,217.8000030517578,51.349849700927734,990.8429565429688,44.82012939453125,479.75,122.28685760498047,768.6878662109375,84.53697967529297,123.47272491455078,175.16893005371094,77.6239013671875,189.4856414794922,61.94761276245117,607.7447509765625,195.78382873535156,98.42581939697266,129.3354034423828,383.5736389160156,11.899506568908691,64.7996826171875,307.6764831542969,76.41598510742188,897.380615234375,331.2165222167969,238.2646026611328,238.7427520751953,306.5888366699219,76.33867645263672,497.2648010253906,950.300048828125,620.5738525390625,241.0065155029297,505.4028015136719,302.7896728515625,147.75567626953125,64.7811050415039,121.58283996582031,174.12063598632812,92.78751373291016,117.62989807128906,42.29878616333008,97.47000122070312,37.13547134399414,61.44835662841797,142.66368103027344,26.559295654296875,142.75140380859375,135.3453369140625,159.61668395996094,201.96499633789062,90.39097595214844,334.02984619140625,51.3430061340332,95.58280181884766,411.51239013671875,26.709087371826172,121.03861999511719,160.60556030273438,502.5705871582031,364.06842041015625,57.21509552001953,302.38043212890625,246.67771911621094,97.2344970703125,307.74908447265625,46.53486251831055,83.6982192993164,229.41748046875,126.71424865722656,154.16854858398438
2026-04-09,209.16360473632812,101.356689453125,183.81971740722656,176.46551513671875,146.0500030517578,316.9024963378906,220.05999755859375,52.171363830566406,990.9220581054688,44.829898834228516,485.20001220703125,123.70292663574219,784.1197509765625,85.02117156982422,121.74714660644531,170.11090087890625,77.67315673828125,187.0002899169922,62.83958053588867,616.40234375,192.5904541015625,99.03118133544922,130.7113037109375,398.3563232421875,11.958124160766602,66.1434555053711,312.6302795410156,76.4060287475586,895.3694458007812,334.58624267578125,233.77015686035156,238.7526397705078,308.938232421875,77.21771240234375,500.066650390625,952.18408203125,616.0022583007812,245.11131286621094,502.7272644042969,305.2947082519531,149.0730743408203,65.42115783691406,121.08932495117188,176.237548828125,93.09296417236328,118.48611450195312,43.15202331542969,89.80999755859375,36.967613220214844,61.8495979309082,137.38204956054688,26.317584991455078,144.48532104492188,135.9461669921875,159.92413330078125,201.6771697998047,89.4871597290039,334.0895690917969,51.996177673339844,95.99593353271484,399.6085205078125,26.21103858947754,121.9332275390625,163.94406127929688,499.5758972167969,363.6604919433594,57.421363830566406,303.2994689941406,248.69778442382812,98.38640594482422,307.0817565917969,46.28300857543945,85.04275512695312,231.07298278808594,128.57623291015625,153.00404357910156
2026-04-10,204.7715606689453,98.96880340576172,177.39694213867188,175.8378448486328,147.35000610351562,312.6441650390625,217.6300048828125,52.00310134887695,988.63671875,45.35730743408203,479.8999938964844,123.17809295654297,787.6963500976562,83.34129333496094,120.8399887084961,164.2463836669922,78.1559066772461,185.2222442626953,62.95720291137695,603.4359130859375,189.2174530029297,98.4158935546875,129.5221405029297,400.90301513671875,11.85065746307373,67.48723602294922,307.96612548828125,76.09733581542969,899.4117431640625,332.37921142578125,227.44244384765625,235.93284606933594,308.4803161621094,76.5164566040039,499.9176025390625,936.5135498046875,605.9802856445312,241.5604248046875,497.82550048828125,301.4779052734375,148.894775390625,65.34356689453125,119.84565734863281,175.72314453125,92.69884490966797,120.3677978515625,41.798614501953125,83.0,37.046607971191406,62.38784408569336,137.6112518310547,26.027530670166016,143.007568359375,135.12864685058594,159.13070678710938,200.05929565429688,90.58744812011719,334.4676818847656,51.38259506225586,95.5631332397461,391.226806640625,26.11038589477539,119.82940673828125,160.56581115722656,495.23358154296875,368.7449035644531,57.303497314453125,300.74981689453125,248.0640411376953,98.4444808959961,303.1671142578125,45.268306732177734,84.42980194091797,227.4547119140625,126.2263412475586,150.5072479248047
2026-04-13,203.32395935058594,99.35363006591797,189.66937255859375,177.45606994628906,152.02000427246094,322.9360046386719,222.13999938964844,52.80482482910156,1012.716796875,45.35730743408203,480.19000244140625,125.04967498779297,788.7622680664062,82.98556518554688,121.89505767822266,172.0723876953125,76.93425750732422,188.39523315429688,61.722171783447266,601.48095703125,195.4644775390625,100.41060638427734,128.1560516357422,401.2611389160156,11.879966735839844,67.71617126464844,311.5116882324219,76.50560760498047,882.5588989257812,336.14300537109375,234.40097045898438,235.43814086914062,312.2732238769531,75.46951293945312,505.6008605957031,926.624755859375,611.8749389648438,244.3892822265625,507.7288818359375,300.3240051269531,151.3413543701172,64.7907943725586,118.59212493896484,179.1853790283203,90.9449691772461,115.9871597290039,42.08302688598633,89.05999755859375,37.50080108642578,61.9670295715332,155.08047485351562,26.43360710144043,141.4509735107422,135.0892333984375,161.41180419921875,199.91043090820312,90.97058868408203,332.74615478515625,51.38259506225586,94.3630599975586,405.0330505371094,25.271617889404297,115.88719177246094,158.3103485107422,513.321533203125,367.7200622558594,57.19544982910156,309.31781005859375,248.8859405517578,98.75423431396484,308.17742919921875,44.658695220947266,85.65571594238281,228.99124145507812,124.03578186035156,150.63555908203125
2026-04-14,207.0561981201172,99.70885467529297,188.10813903808594,174.74197387695312,154.3699951171875,326.0674133300781,223.77000427246094,52.80482482910156,1043.2967529296875,45.09360122680664,477.5400085449219,128.31752014160156,791.2728881835938,83.16343688964844,117.1324462890625,170.56890869140625,76.47122192382812,183.71925354003906,62.447505950927734,594.4990844726562,198.19882202148438,101.80988311767578,127.54672241210938,399.8087463378906,12.417301177978516,67.9550552368164,317.6040954589844,79.12450408935547,901.224853515625,337.6701965332031,236.81573486328125,237.5554656982422,309.7247009277344,74.96577453613281,496.44012451171875,919.5969848632812,603.8672485351562,245.73446655273438,512.3012084960938,299.0517272949219,151.10365295410156,63.63676834106445,118.40458679199219,181.36163330078125,89.9695053100586,118.77484130859375,43.348167419433594,87.79000091552734,38.82389450073242,62.446563720703125,162.4348907470703,26.211233139038086,142.2391357421875,136.28106689453125,158.1587677001953,201.29998779296875,89.7524185180664,331.969970703125,50.9570426940918,94.39257049560547,400.47491455078125,25.28148651123047,117.5093002319336,159.2542724609375,526.28857421875,377.9884033203125,56.78290939331055,310.4938049316406,249.5791015625,99.91582489013672,310.149658203125,44.71769332885742,80.77183532714844,225.11521911621094,124.51371765136719,147.28021240234375
2026-04-15,206.9469757080078,100.84076690673828,191.6950225830078,175.31649780273438,154.3300018310547,328.1617126464844,223.92999267578125,53.76491165161133,1037.4002685546875,45.044769287109375,474.0899963378906,130.40696716308594,767.2830810546875,82.50135803222656,117.26062774658203,176.8317108154297,73.88013458251953,181.646484375,61.143863677978516,575.1492919921875,197.7297821044922,102.2564697265625,125.77769470214844,393.0043029785156,12.417301177978516,68.53365325927734,313.5391540527344,77.45159149169922,891.178466796875,333.92608642578125,241.28062438964844,236.14060974121094,304.5579833984375,74.3830337524414,494.7410888671875,902.1819458007812,603.393310546875,241.3329315185547,519.08984375,302.0499572753906,149.80606079101562,62.4730339050293,116.37129974365234,189.5522918701172,89.90052795410156,112.54239654541016,44.564266204833984,94.19000244140625,40.29509735107422,62.593360900878906,169.22128295898438,26.2885799407959,141.2539520263672,137.6698760986328,155.89752197265625,196.91290283203125,88.2591552734375,327.23321533203125,51.877418518066406,93.09413146972656,405.5039367675781,25.123598098754883,120.79283905029297,159.20457458496094,530.730712890625,373.2223815917969,57.05793380737305,310.3554382324219,245.60826110839844,100.25462341308594,314.6718444824219,44.27523422241211,79.37786102294922,222.9739990234375,124.22496032714844,147.05322265625
2026-04-16,207.51295471191406,94.79389953613281,191.6950225830078,176.91127014160156,161.00999450683594,324.8707275390625,218.8800048828125,52.96318817138672,1014.0028686523438,46.51956558227539,475.1199951171875,128.07986450195312,769.7637939453125,82.62982940673828,119.8736572265625,180.43605041503906,75.65349578857422,184.8292999267578,61.241878509521484,582.6797485351562,193.37881469726562,103.10992431640625,126.41651916503906,390.68646240234375,12.153517723083496,68.11466979980469,297.91864013671875,77.720458984375,891.683837890625,332.1919860839844,247.3914794921875,232.05438232421875,308.5599670410156,74.25464630126953,496.01287841796875,901.1452026367188,599.8287963867188,239.780029296875,517.6721801757812,302.7403259277344,149.1226043701172,62.977317810058594,113.96292877197266,185.2987060546875,90.48187255859375,112.91077423095703,44.81925582885742,96.44000244140625,40.41358184814453,63.25882339477539,177.72171020507812,26.317584991455078,140.9879608154297,140.0338134765625,154.95533752441406,194.39181518554688,89.88995361328125,331.7112121582031,51.194557189941406,93.34988403320312,411.352294921875,26.051177978515625,121.81526184082031,156.47218322753906,515.0884399414062,361.53118896484375,56.262325286865234,312.6778259277344,248.6185760498047,101.6969223022461,313.86505126953125,45.99590301513672,80.32694244384766,222.1313934326172,124.28469848632812,149.98422241210938
2026-04-17,206.9072723388672,96.12440490722656,195.30165100097656,180.63571166992188,164.22999572753906,330.7845153808594,223.3800048828125,53.359100341796875,1040.9024658203125,43.550437927246094,474.5799865722656,130.89219665527344,791.67138671875,84.79389190673828,114.42082214355469,181.35206604003906,76.15595245361328,180.7427215576172,61.183067321777344,588.9335327148438,194.3468017578125,105.48175048828125,125.82683563232422,404.0962829589844,12.573616027832031,70.04000091552734,303.7513732910156,80.97665405273438,917.3939819335938,344.2618408203125,249.8259735107422,231.6981964111328,308.8984375,74.80774688720703,489.0677795410156,924.1127319335938,584.7218017578125,248.97874450683594,520.4276123046875,307.079833984375,153.0846710205078,62.230587005615234,117.526123046875,186.7825164794922,90.62966918945312,115.9871597290039,45.14289474487305,96.66000366210938,40.00875473022461,63.6992073059082,174.4530792236328,26.646312713623047,144.75131225585938,142.9197998046875,156.49258422851562,194.9575653076172,86.26487731933594,343.861572265625,52.114933013916016,92.96625518798828,416.7956848144531,26.159725189208984,125.6788101196289,159.6516876220703,525.6697387695312,368.6453857421875,57.490116119384766,320.8110046386719,248.68788146972656,103.03275299072266,315.7774963378906,45.76975631713867,80.4851303100586,222.00253295898438,126.95321655273438,144.5169677734375
2026-04-20,202.27027893066406,95.32014465332031,192.74241638183594,179.9423370361328,166.85000610351562,328.969482421875,225.0800018310547,53.3986930847168,1037.2222900390625,44.06808090209961,472.0799865722656,131.75372314453125,796.921630859375,83.05386352539062,114.8250961303711,185.4641876220703,75.44660949707031,180.01577758789062,60.98703384399414,592.9830322265625,195.0952606201172,105.4916763305664,125.65975952148438,405.4492492675781,12.573616027832031,70.01007080078125,303.2220458984375,80.19994354248047,933.0381469726562,345.8284606933594,250.06253051757812,228.2451934814453,315.5683898925781,74.55094909667969,494.94976806640625,917.0051879882812,573.9494018554688,250.53163146972656,515.785400390625,302.7206115722656,149.96453857421875,62.657291412353516,115.58167266845703,188.6422119140625,90.65922546386719,114.33446502685547,45.584224700927734,99.72000122070312,39.94951248168945,63.53284454345703,176.96435546875,26.607641220092773,142.34750366210938,142.85084533691406,156.2545623779297,194.33224487304688,86.45153045654297,342.2494812011719,51.659698486328125,91.98258972167969,416.9557800292969,25.83408546447754,127.97925567626953,158.6680450439453,525.0907592773438,364.4067077636719,56.93024444580078,319.6745300292969,249.7177276611328,103.68130493164062,312.7095947265625,45.66160202026367,81.03877258300781,222.23052978515625,127.37140655517578,145.7406768798828
2026-04-21,203.67030334472656,92.0633773803711,192.1100311279297,173.10757446289062,172.86000061035156,328.88970947265625,219.16000366210938,52.93349838256836,1031.7117919921875,44.839664459228516,468.5,130.39706420898438,798.9678344726562,81.34366607666016,118.58193969726562,186.30056762695312,76.21505737304688,182.69760131835938,59.879425048828125,585.7816772460938,194.13723754882812,103.49696350097656,123.5074462890625,407.5681457519531,12.485688209533691,67.40638732910156,286.373046875,78.71623229980469,917.9884643554688,338.8624267578125,252.00418090820312,223.76318359375,311.5962829589844,73.7805404663086,491.6610107421875,900.1782836914062,564.737060546875,248.4545135498047,510.4942626953125,297.6907043457031,147.06231689453125,62.696083068847656,111.10053253173828,187.2672119140625,89.2699203491211,108.81886291503906,45.49595642089844,100.13999938964844,38.922630310058594,62.632503509521484,180.54190063476562,26.404600143432617,140.20968627929688,139.78758239746094,151.9899139404297,185.7764434814453,87.09992218017578,332.9750061035156,52.223793029785156,90.4185562133789,418.7734069824219,25.538049697875977,129.86680603027344,158.23085021972656,523.643310546875,366.23748779296875,55.9480094909668,341.9394836425781,248.79681396484375,102.90691375732422,308.7252502441406,45.49445343017578,80.62354278564453,221.47714233398438,129.04420471191406,146.41175842285156
2026-04-22,199.08294677734375,91.05059814453125,187.8413543701172,174.64291381835938,177.72999572753906,331.9912109375,231.27999877929688,52.577171325683594,1051.1221923828125,45.2889404296875,465.3999938964844,128.466064453125,807.3722534179688,81.8805923461914,120.88928985595703,188.9789276123047,75.298828125,183.03160095214844,59.74220275878906,578.4906005859375,183.6589813232422,104.0229263305664,123.09467315673828,411.7164611816406,12.339142799377441,70.18963623046875,275.946044921875,78.66645050048828,926.201904296875,334.5074157714844,248.23910522460938,223.70384216308594,311.6161804199219,73.71141052246094,491.4424133300781,918.5802001953125,548.4253540039062,243.68399047851562,509.3062438964844,295.9450378417969,144.39781188964844,63.21006393432617,111.42625427246094,188.9884490966797,88.6787338256836,111.35762786865234,44.799644470214844,103.06999969482422,38.65604019165039,61.986602783203125,186.84996032714844,25.911510467529297,140.7318115234375,139.2950897216797,162.6019287109375,179.56304931640625,87.91531372070312,333.51239013671875,53.78744125366211,90.36937713623047,422.90771484375,25.636728286743164,128.3921661376953,157.45584106445312,513.0719604492188,385.5006103515625,56.40966033935547,349.3611145019531,246.96487426757812,101.92924499511719,310.0699768066406,45.209312438964844,79.66456604003906,221.98269653320312,129.42257690429688,147.5367889404297
2026-04-23,199.52976989746094,91.82508087158203,176.1617889404297,177.3173828125,172.5500030517578,317.6803894042969,234.14999389648438,51.93381881713867,1042.21826171875,45.269405364990234,470.54998779296875,127.25794219970703,833.6934204101562,83.24278259277344,122.63459014892578,172.55030822753906,78.37478637695312,184.2890167236328,61.28108596801758,590.419677734375,178.2003173828125,102.86183166503906,125.83665466308594,422.2911376953125,12.192597389221191,61.331138610839844,281.9884948730469,78.18846893310547,922.694580078125,335.1577453613281,227.7578582763672,228.2056121826172,310.29217529296875,75.34110260009766,504.79608154296875,914.76220703125,523.1087036132812,245.02569580078125,501.5392761230469,298.3712158203125,143.46673583984375,65.12052154541016,113.13382720947266,186.6143341064453,94.83697509765625,110.57110595703125,43.91698455810547,84.77999877929688,38.03398895263672,62.710792541503906,175.66885375976562,25.785818099975586,143.54940795898438,140.2012481689453,167.79885864257812,177.96502685546875,87.69918060302734,336.0101318359375,54.17340850830078,92.37605285644531,413.4618225097656,26.258405685424805,127.96942901611328,157.3366241455078,465.87554931640625,380.7445373535156,56.49806594848633,350.388916015625,268.6114501953125,104.27177429199219,307.66943359375,46.42852783203125,79.5953598022461,230.7755889892578,131.4637908935547,148.5532684326172
2026-04-24,197.3056182861328,90.48463439941406,176.2408447265625,176.52496337890625,176.91000366210938,313.22259521484375,232.44000244140625,51.51810836791992,1033.80908203125,45.17173767089844,469.32000732421875,126.73311614990234,829.2516479492188,84.16748046875,120.06100463867188,177.3892822265625,77.46044921875,181.94119262695312,61.339900970458984,561.1854858398438,176.88304138183594,101.81980895996094,125.07991790771484,421.71417236328125,12.094900131225586,60.90217590332031,284.2456970214844,77.720458984375,918.3451538085938,330.9505310058594,228.64491271972656,225.0889892578125,306.8974609375,75.68679809570312,507.0216979980469,881.17822265625,506.9748229980469,242.9485321044922,503.3262634277344,295.2447814941406,144.6058349609375,64.85868072509766,110.4490966796875,186.0406036376953,93.88121795654297,120.1686782836914,43.82872009277344,90.16999816894531,40.650550842285156,61.9768180847168,172.67926025390625,26.10487937927246,147.08203125,139.96487426757812,162.84988403320312,172.96253967285156,87.5616455078125,336.0499572753906,55.56881332397461,91.96290588378906,411.352294921875,25.853822708129883,127.0748062133789,156.02505493164062,468.8802185058594,400.4454040527344,57.097225189208984,350.7446594238281,266.0764465332031,103.59417724609375,308.2073059082031,45.60260772705078,78.51773834228516,227.5340118408203,129.3628387451172,146.9545440673828
2026-04-27,195.98501586914062,92.14281463623047,174.8673553466797,173.64247131347656,172.47000122070312,317.9696044921875,231.3300018310547,52.09218215942383,1045.5721435546875,44.89826583862305,472.80999755859375,127.8818130493164,827.2553100585938,83.69021606445312,119.98212432861328,179.40052795410156,77.87786102294922,181.51876831054688,61.26148223876953,566.222412109375,180.24606323242188,101.57170867919922,124.90300750732422,414.6013488769531,12.202366828918457,60.42333984375,284.2057189941406,77.63082885742188,929.1444091796875,327.4132995605469,224.77142333984375,222.95188903808594,310.232421875,74.51144409179688,507.46881103515625,865.5376586914062,506.87603759765625,241.06021118164062,505.58245849609375,286.2205810546875,144.38792419433594,64.00527954101562,108.80075073242188,188.12782287597656,93.43782806396484,115.56901550292969,44.270050048828125,90.44999694824219,40.68017578125,61.409210205078125,172.36036682128906,25.90184211730957,147.30039978027344,137.91612243652344,159.57701110839844,172.08912658691406,85.3807144165039,334.457763671875,54.65833282470703,92.23833465576172,411.75726318359375,25.18280601501465,127.52703857421875,156.47218322753906,467.2131652832031,402.95281982421875,56.478416442871094,350.5173645019531,266.2843933105469,104.77513122558594,308.4364013671875,46.31053924560547,79.64479064941406,224.23297119140625,127.04281616210938,146.24400329589844
2026-04-28,196.29281616210938,93.19530487060547,175.63809204101562,176.71315002441406,165.2899932861328,315.0376281738281,230.72000122070312,52.12187576293945,1038.5479736328125,45.269405364990234,478.1600036621094,127.27775573730469,816.3555908203125,85.1816635131836,122.58528900146484,180.53561401367188,80.48174285888672,185.0355987548828,61.64375686645508,562.4022827148438,178.6094512939453,100.69840240478516,125.60079956054688,410.9206237792969,12.114439010620117,58.069053649902344,288.8399658203125,78.61665344238281,917.9884643554688,324.220947265625,229.68966674804688,225.37591552734375,310.0532531738281,77.3856201171875,507.01177978515625,871.2496337890625,505.82940673828125,238.8439178466797,506.7704772949219,288.3706359863281,144.6454620361328,65.75088500976562,108.60334014892578,188.30589294433594,95.09317016601562,109.41621398925781,44.16217041015625,90.48999786376953,40.650550842285156,62.19211959838867,165.3846435546875,25.60211753845215,148.064697265625,139.40342712402344,164.52598571777344,174.37197875976562,86.04874420166016,322.685546875,55.07398986816406,92.86788940429688,408.22564697265625,25.71567153930664,124.99065399169922,156.1939697265625,469.38934326171875,390.3760681152344,56.6650390625,362.45526123046875,265.12579345703125,100.61278533935547,308.0877380371094,46.44819641113281,80.57410430908203,225.3729705810547,127.04281616210938,148.58287048339844
2026-04-29,202.44898986816406,90.68321990966797,178.11825561523438,176.50514221191406,168.67999267578125,314.7882995605469,224.11000061035156,52.339630126953125,1028.27880859375,45.70891189575195,475.3800048828125,126.3667221069336,808.550048828125,84.00839233398438,126.46044921875,180.43605041503906,83.38377380371094,188.8274688720703,61.26148223876953,558.572265625,178.42982482910156,100.52970123291016,124.33299255371094,408.632568359375,11.958124160766602,56.79215621948242,283.21697998046875,76.29649353027344,897.2319946289062,318.0628662109375,223.8350830078125,224.94058227539062,307.86309814453125,77.89922332763672,501.46759033203125,848.5313110351562,503.3807067871094,232.0657958984375,524.3510131835938,286.0923767089844,142.5059356689453,66.1387939453125,109.51140594482422,185.061279296875,92.78751373291016,107.13629913330078,43.53450393676758,88.88999938964844,39.78165817260742,61.93767547607422,163.26202392578125,25.38941192626953,145.37478637695312,136.73416137695312,161.3721466064453,171.5034942626953,87.34552001953125,316.29693603515625,55.12346649169922,91.98258972167969,407.9619445800781,25.409767150878906,125.70831298828125,155.07119750976562,465.43634033203125,391.8586120605469,55.889076232910156,366.3785400390625,262.1947021484375,103.19731140136719,333.5475769042969,45.82875442504883,80.58399963378906,228.30723571777344,127.46102142333984,152.63890075683594
2026-04-30,209.8264923095703,90.14704132080078,176.58668518066406,180.98240661621094,172.7100067138672,322.1680908203125,229.02999877929688,52.913700103759766,1054.21875,46.275394439697266,473.6000061035156,126.73311614990234,888.4617919921875,84.8734359741211,124.02490997314453,175.76634216308594,82.77752685546875,189.8982391357422,63.22185516357422,588.3450317382812,178.5795135498047,102.96106719970703,127.3206787109375,430.7568664550781,11.801809310913086,57.64009475708008,289.56903076171875,76.56535339355469,915.2341918945312,323.96478271484375,227.6593017578125,227.41409301757812,311.82525634765625,77.79058074951172,497.9205627441406,931.6588745117188,511.437744140625,237.32330322265625,502.078369140625,289.55413818359375,145.1308135986328,70.45429992675781,107.76435852050781,189.5465850830078,96.44304656982422,110.6009750366211,43.50508499145508,88.30999755859375,41.68730545043945,63.137718200683594,160.83047485351562,25.8148250579834,146.00010681152344,139.88607788085938,163.71273803710938,174.7590789794922,89.07454681396484,320.0385437011719,56.291255950927734,95.12047576904297,406.1160888671875,25.784746170043945,127.55653381347656,155.74685668945312,478.1138610839844,394.07745361328125,57.93212127685547,366.1216125488281,266.8488464355469,105.31720733642578,328.5472717285156,47.22494888305664,81.29581451416016,230.52774047851562,131.36419677734375,152.30335998535156
2026-05-01,205.1398468017578,88.82646179199219,177.69337463378906,179.89280700683594,172.6999969482422,318.80731201171875,227.3800048828125,52.69594955444336,1050.3406982421875,45.328006744384766,473.010009765625,126.19837951660156,888.0225830078125,86.76260375976562,121.47105407714844,183.02479553222656,81.58490753173828,187.2655487060547,62.67294692993164,575.7676391601562,174.78738403320312,102.2961654663086,126.38703155517578,423.3356628417969,11.606415748596191,56.4130744934082,286.1533203125,75.45008087158203,915.1747436523438,319.11712646484375,228.86175537109375,224.7822723388672,311.06866455078125,77.61279296875,504.656982421875,960.2984619140625,506.30340576171875,231.89683532714844,494.6308288574219,282.6996765136719,141.14892578125,72.296875,110.70572662353516,189.12889099121094,95.52670288085938,108.14185333251953,43.544315338134766,91.16000366210938,43.32636260986328,62.71510314941406,171.23428344726562,25.457090377807617,146.16883850097656,139.28524780273438,165.011962890625,172.694580078125,87.41429138183594,316.4461975097656,56.33083724975586,95.13031768798828,401.2471618652344,25.774879455566406,126.71106719970703,155.8263397216797,468.381103515625,395.6794128417969,58.69826126098633,364.4416198730469,263.7196960449219,104.12657928466797,326.744384765625,47.303611755371094,79.8919448852539,226.78062438964844,131.03562927246094,150.74411010742188
2026-05-04,206.68882751464844,86.92005920410156,177.97991943359375,179.16970825195312,172.6199951171875,318.3385925292969,221.3000030517578,51.65667724609375,1041.01123046875,45.84564971923828,468.5199890136719,124.99449157714844,873.1602172851562,84.88337707519531,123.16705322265625,184.67759704589844,81.50540161132812,188.8863983154297,61.70256805419922,576.8947143554688,173.67967224121094,100.53961944580078,125.25682067871094,420.2418518066406,11.235166549682617,55.435447692871094,280.1707458496094,75.38037109375,894.923583984375,307.8256530761719,226.1808624267578,221.82395935058594,306.270263671875,77.22759246826172,490.3793029785156,964.884033203125,511.61553955078125,222.3458709716797,503.8952941894531,280.194580078125,140.21783447265625,71.19133758544922,111.6434097290039,186.980712890625,94.10784912109375,107.85313415527344,42.25955581665039,91.97000122070312,43.829925537109375,62.36127471923828,179.66494750976562,25.428083419799805,142.3572998046875,136.675048828125,167.79885864257812,171.6126708984375,87.68936157226562,308.9728698730469,55.054195404052734,94.42208099365234,400.01348876953125,25.755144119262695,125.60016632080078,153.6503448486328,461.7828063964844,399.5996398925781,57.66691970825195,366.388427734375,260.83807373046875,93.22702026367188,325.5690002441406,46.77266311645508,78.28046417236328,225.86862182617188,129.7710723876953,151.67176818847656
2026-05-05,204.65330505371094,86.55267333984375,176.88311767578125,176.43580627441406,170.22000122070312,315.0874938964844,224.3800048828125,52.577171325683594,1037.70703125,45.41590881347656,465.5199890136719,127.3624496459961,902.9150390625,85.83790588378906,121.59923553466797,186.18109130859375,80.19352722167969,189.24005126953125,61.74177551269531,574.3014526367188,174.26846313476562,99.71593475341797,125.38458251953125,408.7220764160156,11.420790672302246,57.540340423583984,286.3230895996094,75.82847595214844,910.3992309570312,310.78155517578125,225.73733520507812,223.15966796875,308.0124206542969,77.51402282714844,497.0760192871094,985.7581176757812,502.51177978515625,223.84658813476562,496.24810791015625,281.2499084472656,141.4658966064453,70.5900650024414,111.6828842163086,188.21392822265625,94.86653900146484,108.53013610839844,42.23013687133789,92.01000213623047,44.30386734008789,62.47922134399414,184.70741271972656,25.57311248779297,143.82632446289062,138.16236877441406,168.06663513183594,171.58290100097656,88.1314468383789,310.9332580566406,55.42036056518555,94.33354949951172,399.1847229003906,25.557785034179688,126.64225769042969,153.96832275390625,465.9354248046875,392.43572998046875,57.3820686340332,359.5893859863281,261.4322509765625,94.93067932128906,320.7678527832031,46.54651641845703,78.9823989868164,222.537841796875,130.22909545898438,152.8461456298828
2026-05-06,203.5809326171875,85.6888427734375,172.49588012695312,178.45652770996094,147.05999755859375,321.021240234375,229.92999267578125,53.052268981933594,1062.1036376953125,43.589508056640625,469.8299865722656,126.95452880859375,925.213623046875,87.65747833251953,117.24091339111328,180.4061737060547,86.3255615234375,181.89207458496094,60.41852569580078,590.1104736328125,174.557861328125,107.23828887939453,123.37968444824219,419.1973571777344,11.88973617553711,60.7425651550293,305.4492492675781,78.36771392822266,928.6886596679688,318.29931640625,222.49464416503906,222.23951721191406,313.4877624511719,78.25479125976562,498.6458435058594,983.9437866210938,507.77459716796875,231.93658447265625,491.06683349609375,280.194580078125,145.15060424804688,68.04924774169922,112.08756256103516,192.29148864746094,93.98960876464844,114.59332275390625,43.034332275390625,89.05000305175781,45.182640075683594,62.91167449951172,193.35731506347656,25.650461196899414,146.80410766601562,140.75283813476562,169.12783813476562,175.42410278320312,85.66561126708984,322.0486755371094,54.58905792236328,91.98258972167969,398.9022216796875,25.232145309448242,127.98909759521484,154.45516967773438,472.114501953125,417.400146484375,58.63933181762695,362.9592590332031,265.6110534667969,96.69242095947266,317.5505065917969,46.644840240478516,79.50637817382812,218.6023712158203,129.52215576171875,146.7374267578125
2026-05-07,201.27734375,86.39381408691406,178.04910278320312,178.07020568847656,141.75,317.82000732421875,231.02999877929688,52.21095657348633,1056.3359375,42.78862762451172,475.0799865722656,128.43699645996094,894.031494140625,86.86203002929688,113.27700805664062,185.5338897705078,86.8224868774414,179.2790069580078,60.389122009277344,579.0391235351562,175.2963409423828,107.83373260498047,122.72122192382812,397.0730285644531,11.899506568908691,60.4632453918457,302.25323486328125,78.07894134521484,917.3147583007812,317.8953552246094,227.98455810546875,220.15187072753906,304.8964538574219,77.46463775634766,490.6773986816406,971.8919067382812,505.9478759765625,229.46189880371094,500.1016845703125,279.8000793457031,142.38706970214844,66.95339965820312,110.84391021728516,189.12889099121094,91.94999694824219,112.99040985107422,43.554115295410156,93.58999633789062,45.222137451171875,60.729759216308594,193.91537475585938,25.60211753845215,144.9777374267578,140.15200805664062,169.70306396484375,175.4637908935547,82.7576904296875,318.6453857421875,52.451416015625,90.92022705078125,403.714599609375,24.92624282836914,123.751953125,153.4913787841797,473.621826171875,412.076904296875,57.68656539916992,365.3902893066406,262.30364990234375,96.89569854736328,320.02081298828125,46.30070877075195,78.26069641113281,219.52426147460938,129.64163208007812,144.65513610839844
2026-05-08,200.1255340576172,83.72286224365234,178.2763671875,174.86083984375,141.77000427246094,315.1672668457031,237.36000061035156,50.78567123413086,1073.2432861328125,42.32958221435547,475.94000244140625,124.91490173339844,895.7882080078125,87.05095672607422,112.2811050415039,181.03346252441406,89.99285888671875,178.41455078125,60.66357421875,573.3539428710938,170.80564880371094,107.19859313964844,122.03326416015625,400.5245666503906,12.03628158569336,61.500728607177734,296.7800598144531,78.46729278564453,927.8267211914062,312.78167724609375,228.12355041503906,218.9744873046875,300.74517822265625,77.45475769042969,489.9918212890625,945.4652709960938,500.1223449707031,227.79220581054688,494.65081787109375,271.9593811035156,141.93142700195312,66.06121063232422,109.93583679199219,192.03289794921875,91.73323059082031,115.99712371826172,43.28932189941406,91.18000030517578,45.48872756958008,60.85752868652344,195.27066040039062,25.238479614257812,145.33506774902344,141.92495727539062,169.5840606689453,174.7789306640625,82.49244689941406,315.27197265625,52.71862030029297,90.30052185058594,395.6531066894531,24.82756233215332,123.13260650634766,152.3785400390625,464.1785583496094,409.6192626953125,57.362430572509766,375.5098571777344,262.06597900390625,97.5539321899414,317.54058837890625,46.42852783203125,75.20821380615234,213.49713134765625,130.1184844970703,142.67153930664062
2026-05-11,201.34683227539062,81.97532653808594,170.30226135253906,175.79196166992188,136.42999267578125,311.4674072265625,238.2100067138672,50.0334358215332,1069.7708740234375,43.18906784057617,479.54998779296875,125.21338653564453,925.0738525390625,86.24556732177734,114.78440856933594,176.72218322753906,91.65258026123047,181.4794921875,61.32029724121094,587.2179565429688,166.17526245117188,103.92369079589844,122.75070190429688,417.97161865234375,11.772500038146973,64.21414184570312,300.3955383300781,74.97210693359375,936.1292114257812,306.8206481933594,221.95779418945312,219.08331298828125,298.6545715332031,77.69181060791016,501.1595764160156,963.9469604492188,505.7899475097656,224.67149353027344,496.9768981933594,270.8251953125,141.98095703125,66.5363998413086,109.83712768554688,190.05380249023438,93.44767761230469,120.13880920410156,41.57304763793945,91.48999786376953,45.81456756591797,61.28997802734375,193.16796875,25.36624526977539,142.29774475097656,141.90528869628906,180.6126251220703,177.28016662597656,83.85798645019531,311.1720886230469,54.3614387512207,91.57928466796875,396.48187255859375,24.54139518737793,116.43772888183594,147.95703125,451.80047607421875,402.5150146484375,56.22303771972656,379.9173889160156,260.7786560058594,96.79889678955078,322.5906677246094,46.43836212158203,73.15998077392578,212.24810791015625,127.28527069091797,147.7144317626953
2026-05-12,206.39093017578125,83.75264739990234,167.75291442871094,177.1291961669922,142.5399932861328,313.45196533203125,236.8699951171875,50.261085510253906,1080.8314208984375,43.3648681640625,484.9599914550781,125.80039978027344,910.4510498046875,86.94158172607422,117.08903503417969,170.56890869140625,94.5645523071289,182.66812133789062,61.673160552978516,587.6668090820312,165.91578674316406,105.35274505615234,122.91777038574219,400.54449462890625,11.86153507232666,65.8701171875,297.0797119140625,76.11725616455078,937.15966796875,305.89447021484375,217.65863037109375,221.88331604003906,303.5126953125,79.0449447631836,500.63299560546875,986.7549438476562,514.4295654296875,223.14096069335938,498.9735412597656,271.0618896484375,141.85218811035156,67.77771759033203,110.91300201416016,190.82952880859375,93.20134735107422,119.16312408447266,41.53382110595703,89.0,46.40699768066406,61.457061767578125,186.18228149414062,25.425214767456055,142.8436737060547,141.5999298095703,185.39297485351562,177.55809020996094,83.8481674194336,310.05755615234375,55.0640869140625,91.94324493408203,399.4672546386719,24.896636962890625,119.74092864990234,149.29837036132812,458.4886169433594,395.2913513183594,56.890953063964844,391.726806640625,263.0067138671875,95.2888412475586,325.8147277832031,47.12662887573242,74.75084686279297,215.75732421875,130.0386962890625,148.65196228027344
2026-05-13,207.0264129638672,83.23633575439453,157.74325561523438,172.22598266601562,140.69000244140625,308.7647705078125,240.60000610351562,49.330692291259766,1082.414306640625,43.11092758178711,485.5199890136719,123.47223663330078,900.6292114257812,87.36912536621094,116.62214660644531,165.12257385253906,97.50634002685547,182.71725463867188,61.47712707519531,579.14892578125,165.6463623046875,104.10232543945312,121.76790618896484,405.94122314453125,13.424606323242188,66.99739074707031,294.34307861328125,75.48991394042969,946.5916748046875,298.1007995605469,213.1112518310547,227.97804260253906,298.9034729003906,79.27210998535156,509.9626770019531,1012.553466796875,513.3829345703125,219.095947265625,489.81890869140625,271.9100646972656,145.70530700683594,69.37784576416016,111.97898864746094,192.76885986328125,93.45753479003906,118.43633270263672,41.52401351928711,87.05000305175781,46.48598861694336,60.464393615722656,189.10211181640625,25.5136661529541,141.18605041503906,139.8663787841797,186.36492919921875,176.78390502929688,83.43555450439453,304.8431701660156,54.80678176879883,91.6186294555664,382.8734130859375,24.41311264038086,120.55467987060547,146.08905029296875,445.2420654296875,397.7987365722656,56.478416442871094,396.4407043457031,262.06597900390625,95.29851531982422,319.7160339355469,46.41869354248047,73.11026000976562,214.55784606933594,131.156005859375,149.57962036132812
2026-05-14,209.28038024902344,84.29875946044922,162.0415802001953,168.8878631591797,147.80999755859375,311.9161682128906,229.2100067138672,49.3405876159668,1092.23828125,43.09139633178711,484.05999755859375,124.18859100341797,918.5159912109375,88.3335952758789,118.18174743652344,166.8550567626953,96.55225372314453,183.345947265625,61.722171783447266,573.1544189453125,164.1993408203125,104.61836242675781,122.17085266113281,407.098388671875,14.324856758117676,65.97985076904297,291.17706298828125,77.42172241210938,960.006591796875,299.8743591308594,216.81468200683594,228.35403442382812,298.56500244140625,79.45977783203125,508.3630065917969,1003.5320434570312,513.8469848632812,222.23654174804688,489.1200866699219,271.1900939941406,143.74407958984375,70.2215576171875,111.93952178955078,193.46502685546875,94.27535247802734,115.81791687011719,41.21017837524414,90.5,45.222137451171875,60.8968391418457,194.9318389892578,25.307275772094727,141.65257263183594,140.51644897460938,190.28245544433594,174.37197875976562,83.02294921875,307.6692810058594,55.172950744628906,92.14981079101562,380.39654541015625,24.32430076599121,122.14249420166016,146.8865509033203,447.4181823730469,415.6290283203125,56.321258544921875,394.3950500488281,266.7101745605469,95.26947784423828,321.92193603515625,46.27121353149414,73.36878204345703,216.9171600341797,132.14364624023438,150.77371215820312
2026-05-15,208.90306091308594,83.8718032836914,166.81419372558594,169.01663208007812,141.97000122070312,312.6242370605469,220.49000549316406,49.261409759521484,1070.3446044921875,43.81154251098633,482.70001220703125,122.7956771850586,886.6651611328125,87.62763977050781,121.59896087646484,172.75938415527344,95.30000305175781,187.72723388671875,60.50674057006836,560.3775634765625,161.57479858398438,101.93889617919922,119.8958511352539,398.45965576171875,13.256427764892578,62.85742950439453,281.17950439453125,74.5439224243164,939.7058715820312,293.1349182128906,217.73806762695312,224.307373046875,296.4743957519531,79.82522583007812,502.85858154296875,1003.4819946289062,509.5025329589844,217.0784149169922,493.3729553222656,272.5906066894531,144.8336639404297,70.88099670410156,109.93583679199219,191.45606994628906,91.98941040039062,108.57991027832031,41.0728759765625,95.06999969482422,44.17551040649414,60.071258544921875,192.2810516357422,24.89449691772461,140.52101135253906,138.41845703125,188.0509490966797,169.90548706054688,83.85798645019531,298.6336669921875,54.80678176879883,91.03826904296875,379.67138671875,23.712493896484375,120.61422729492188,146.96627807617188,437.5656433105469,402.32598876953125,55.77089309692383,389.2166748046875,267.91827392578125,95.76315307617188,325.1459655761719,45.5927734375,73.00088500976562,217.908447265625,131.1360626220703,156.90402221679688
2026-05-18,207.92999267578125,87.28744506835938,175.4404754638672,175.60374450683594,141.7100067138672,311.3876037597656,220.61000061035156,50.17200469970703,1074.2821044921875,45.13527297973633,488.3800048828125,121.79078674316406,862.3502807617188,89.40744018554688,123.71484375,178.7035675048828,95.39938354492188,192.65863037109375,66.2212142944336,563.0306396484375,163.52076721191406,103.1198501586914,121.76937866210938,380.9327697753906,12.890392303466797,60.353511810302734,285.6339416503906,72.79135131835938,937.6154174804688,295.4010925292969,221.16348266601562,226.4939422607422,299.3813171386719,80.2005386352539,507.5780944824219,986.6761474609375,521.6473999023438,216.68087768554688,504.9435729980469,278.5870056152344,151.0838165283203,71.49195861816406,111.10053253173828,191.63510131835938,87.73283386230469,109.36643981933594,41.74958038330078,103.41999816894531,43.7213134765625,60.6511344909668,185.96304321289062,24.89449691772461,141.33493041992188,140.17172241210938,189.9254150390625,174.6399688720703,87.03114318847656,301.3005676269531,56.5584602355957,92.94254302978516,393.1009216308594,24.107208251953125,122.4600601196289,149.7774200439453,441.21917724609375,393.968017578125,56.82204818725586,386.5286865234375,272.4436340332031,94.03076934814453,332.023193359375,45.97623825073242,73.94547271728516,220.7931365966797,133.02154541015625,159.45748901367188
2026-05-19,212.24923706054688,88.19099426269531,174.6993865966797,181.26966857910156,141.5800018310547,308.4656066894531,215.00999450683594,50.18190383911133,1025.2318115234375,45.579811096191406,480.4599914550781,119.36312866210938,858.5573120117188,89.50686645507812,124.28106689453125,178.64382934570312,93.60052490234375,195.54345703125,66.77991485595703,556.6272583007812,166.6941680908203,101.51216888427734,123.4743881225586,370.96728515625,12.920071601867676,58.55786895751953,284.9248352050781,72.32333374023438,920.1582641601562,297.9924011230469,220.74647521972656,227.56248474121094,294.3738708496094,80.91168212890625,502.8188781738281,1019.9484252929688,519.9885864257812,217.02871704101562,498.86376953125,276.93994140625,147.9438934326172,71.76349639892578,112.75875091552734,188.54212951660156,88.73785400390625,104.62738800048828,41.60247039794922,101.83000183105469,43.7213134765625,61.02460861206055,180.83090209960938,25.21882438659668,140.2530059814453,140.2997589111328,189.99484252929688,173.19085693359375,86.90343475341797,297.5887451171875,56.18239212036133,93.36902618408203,386.4991760253906,24.649940490722656,126.27080535888672,150.2060546875,447.0189208984375,390.64471435546875,56.74271774291992,384.6609191894531,268.90850830078125,95.31037139892578,329.2982482910156,46.939815521240234,74.12444305419922,220.40652465820312,133.87948608398438,161.50424194335938
2026-05-20,210.799560546875,87.75410461425781,177.0906219482422,182.280029296875,140.49000549316406,308.9742431640625,222.1999969482422,50.706485748291016,1040.3385009765625,44.58207702636719,480.8999938964844,124.18859100341797,870.9442749023438,89.83499145507812,121.54928588867188,179.32090759277344,92.70606231689453,189.6746826171875,66.38784790039062,559.0111083984375,170.76571655273438,103.28855895996094,122.73092651367188,378.75811767578125,13.078357696533203,60.72261428833008,299.79632568359375,75.81851959228516,973.0449829101562,306.0126953125,223.3974609375,226.88970947265625,300.625732421875,80.5462417602539,503.3752746582031,1017.4120483398438,515.9995727539062,219.69227600097656,497.20654296875,276.4172058105469,148.3599090576172,71.1137466430664,111.53483581542969,196.68728637695312,86.97412872314453,106.91726684570312,43.338356018066406,103.30000305175781,44.501346588134766,61.17203903198242,187.50767517089844,25.346590042114258,141.3845672607422,142.506103515625,187.07901000976562,173.5481719970703,85.19406127929688,306.196533203125,56.687110900878906,92.85328674316406,392.7242431640625,24.600603103637695,121.39820861816406,158.70924377441406,450.99188232421875,399.609619140625,57.19887924194336,378.790771484375,263.2047424316406,97.318359375,330.1366882324219,47.018470764160156,75.37724304199219,217.68045043945312,130.53749084472656,155.27456665039062
2026-05-21,212.9840087890625,87.14842987060547,175.75665283203125,182.0422821044922,148.58999633789062,308.85455322265625,219.61000061035156,50.96383285522461,1052.388427734375,44.32522964477539,479.9800109863281,124.5865707397461,864.3465576171875,89.92447662353516,119.75128173828125,175.5472869873047,92.74581146240234,189.35743713378906,66.9367446899414,529.976318359375,172.97116088867188,102.7923583984375,123.57352447509766,380.57366943359375,13.52353572845459,62.15913009643555,301.38433837890625,76.88400268554688,979.0390625,309.1656494140625,251.16824340820312,229.27415466308594,301.6411437988281,80.17090606689453,511.2046203613281,1040.1595458984375,516.197021484375,216.0746307373047,498.78387451171875,280.2734680175781,150.16265869140625,71.48226165771484,114.37747955322266,199.4122772216797,88.373291015625,107.85313415527344,43.53450393676758,99.69000244140625,43.829925537109375,61.162208557128906,189.11209106445312,25.50383949279785,142.3374481201172,142.4568634033203,186.91041564941406,174.6697540283203,85.4003677368164,307.8284912109375,56.65742492675781,93.46820068359375,391.5187683105469,25.005184173583984,125.1891098022461,156.96475219726562,448.5761413574219,405.1119384765625,57.238548278808594,377.98046875,262.8482666015625,96.70808410644531,330.5060119628906,47.46092987060547,75.48661804199219,215.8564453125,121.05020141601562,154.2909393310547
2026-05-22,214.17552185058594,86.79098510742188,177.1103973388672,182.11163330078125,154.02999877929688,310.9288635253906,219.02000427246094,51.27066421508789,1061.539794921875,43.8214225769043,486.3800048828125,124.45722198486328,878.2607421875,90.093505859375,119.66187286376953,179.29103088378906,92.68618774414062,189.7738037109375,66.32903289794922,527.7820434570312,171.64390563964844,102.21676635742188,124.57471466064453,390.3894958496094,14.770035743713379,61.83990478515625,302.4629821777344,78.45732879638672,987.52001953125,308.4660949707031,252.03204345703125,231.85650634765625,305.0059814453125,80.47710418701172,514.2549438476562,1063.47607421875,526.5151977539062,213.70924377441406,497.7056884765625,278.3897399902344,151.7755889892578,71.66651916503906,120.82282257080078,199.92942810058594,87.2500228881836,107.16616821289062,43.809104919433594,102.12999725341797,44.39273452758789,60.955814361572266,191.41407775878906,25.454696655273438,143.3697509765625,143.707763671875,187.43605041503906,176.42391967773438,84.96537017822266,308.36724853515625,56.687110900878906,93.77566528320312,393.2798767089844,24.92624282836914,124.64329528808594,157.77220153808594,447.4880676269531,402.4951171875,56.87163162231445,383.89996337890625,263.28399658203125,99.43460845947266,328.2701721191406,47.53958511352539,75.96388244628906,216.00514221191406,119.98275756835938,153.92332458496094
2026-05-26,211.61375427246094,86.05622100830078,174.89700317382812,183.2012176513672,158.00999450683594,309.87176513671875,218.89999389648438,51.66657638549805,1065.892822265625,42.13218688964844,483.6199951171875,126.21827697753906,906.86767578125,89.33783721923828,115.79764556884766,178.3052978515625,90.1717529296875,183.11195373535156,65.94676208496094,527.7520751953125,172.4522247314453,102.49463653564453,123.88081359863281,402.1405944824219,15.15585708618164,64.20416259765625,314.09844970703125,79.45310974121094,985.3304443359375,305.97332763671875,248.9044952392578,229.0503387451172,305.3643493652344,79.46965026855469,511.66168212890625,1063.2164306640625,526.1795654296875,210.77735900878906,492.1849365234375,275.4211120605469,153.35865783691406,70.1827621459961,118.1677017211914,200.6554412841797,86.36323547363281,111.11869049072266,44.07390213012695,99.91999816894531,43.632450103759766,61.37843704223633,192.3906707763672,25.40555763244629,141.9007110595703,144.73214721679688,180.03738403320312,178.37744140625,84.2912826538086,310.5322570800781,57.37986755371094,93.31942749023438,388.4580383300781,24.68941307067871,124.47459411621094,158.47000122070312,447.38824462890625,410.2560729980469,56.59396743774414,372.4265441894531,268.4530029296875,100.36970520019531,325.8746337890625,47.677242279052734,77.07748413085938,213.60618591308594,118.28681945800781,148.84619140625
2026-05-27,213.8776397705078,85.07323455810547,174.2646026611328,183.23094177246094,154.30999755859375,311.6867980957031,224.3000030517578,50.577816009521484,1058.9080810546875,41.144325256347656,479.9200134277344,124.7557144165039,908.2451171875,90.7696304321289,114.3671875,176.74209594726562,91.50350189208984,180.82192993164062,65.86834716796875,528.0214233398438,172.77157592773438,103.3877944946289,124.25749969482422,405.37261962890625,15.709856986999512,63.47593307495117,316.8150634765625,83.76483154296875,987.2623291015625,313.17578125,253.38235473632812,230.15489196777344,297.93780517578125,80.6153793334961,504.6072998046875,1081.3704833984375,524.4417114257812,215.50811767578125,494.2115478515625,277.0583190917969,154.49368286132812,69.93061828613281,118.68095397949219,200.50625610351562,86.36323547363281,107.00724792480469,45.0938606262207,102.12000274658203,43.98790740966797,61.12289810180664,190.2979736328125,25.759366989135742,146.39715576171875,144.31846618652344,180.54318237304688,176.00531005859375,83.08187866210938,309.25518798828125,55.915184020996094,92.97229766845703,391.5846862792969,24.56113052368164,127.35250854492188,156.5161590576172,455.404052734375,420.61395263671875,57.516212463378906,379.4924621582031,276.6620788574219,102.83047485351562,327.00250244140625,47.431434631347656,75.675537109375,213.71522521972656,118.25688934326172,146.948486328125
2026-05-28,217.08482360839844,85.6888427734375,176.28036499023438,184.91485595703125,155.27000427246094,314.259765625,228.77999877929688,50.251190185546875,1035.312744140625,41.085052490234375,477.4200134277344,124.04930114746094,886.0263061523438,91.13752746582031,114.22811126708984,175.4078826904297,92.3979721069336,181.4464874267578,66.0447769165039,537.6065673828125,180.25604248046875,102.94122314453125,122.68136596679688,400.9534912109375,16.471607208251953,65.71051025390625,320.42059326171875,83.99385833740234,999.0524291992188,316.48638916015625,262.338134765625,229.66729736328125,295.3992614746094,79.42027282714844,498.7551574707031,1125.1876220703125,530.4351806640625,216.5814971923828,492.9237060546875,274.14886474609375,152.18380737304688,69.79485321044922,118.33549499511719,202.67431640625,85.96910858154297,108.00517272949219,46.45707321166992,108.7300033569336,44.935794830322266,60.63147735595703,202.99378967285156,25.690570831298828,144.828857421875,143.45167541503906,177.1017303466797,178.3674774169922,83.1017074584961,304.43634033203125,54.549468994140625,91.76229095458984,393.355224609375,24.55126190185547,127.67005920410156,154.40283203125,486.3592834472656,422.7332763671875,56.55430221557617,378.0298767089844,264.3930358886719,104.99594116210938,324.3474426269531,47.205284118652344,76.21245574951172,212.53558349609375,118.61603546142578,146.01454162597656
2026-05-29,216.18125915527344,84.9937973022461,184.8473663330078,185.19223022460938,159.47000122070312,315.6060791015625,231.14999389648438,51.07270431518555,1035.69873046875,41.36165237426758,474.4800109863281,125.26313018798828,874.2481689453125,89.61624145507812,113.22480773925781,190.2733154296875,90.42021179199219,180.8814239501953,66.27050018310547,540.7783203125,182.29180908203125,101.05567169189453,121.66033935546875,399.6167907714844,17.253143310546875,65.55089569091797,323.35693359375,82.88853454589844,1016.0836181640625,312.47625732421875,295.6789245605469,224.22413635253906,297.9676818847656,78.0374984741211,494.4927062988281,1103.4188232421875,523.7603759765625,213.04336547851562,493.1533203125,275.3619384765625,152.46258544921875,67.47708129882812,117.18067169189453,206.8612823486328,85.73263549804688,109.5818862915039,45.33904266357422,124.37000274658203,45.004913330078125,60.494258880615234,224.9972381591797,25.729883193969727,142.4962615966797,141.3142852783203,175.9215087890625,179.06515502929688,83.38919067382812,303.1393127441406,53.98537063598633,91.296142578125,400.23663330078125,24.472318649291992,126.10209655761719,154.26327514648438,491.63995361328125,416.3553771972656,55.97914123535156,375.8359680175781,261.42681884765625,105.01563262939453,325.75482177734375,47.00864028930664,77.09737396240234,209.62115478515625,115.47355651855469,144.32546997070312
2026-06-01,211.4250946044922,87.15835571289062,194.25424194335938,185.7568359375,170.67999267578125,312.68408203125,224.3000030517578,50.98362731933594,1009.8280029296875,42.418663024902344,470.2900085449219,128.43699645996094,863.7576293945312,87.92593383789062,114.814208984375,208.69326782226562,90.06243133544922,184.22225952148438,63.96380615234375,541.0277099609375,179.4976043701172,102.06790924072266,118.8450927734375,399.0980529785156,16.451820373535156,66.87767791748047,324.1958923339844,82.33090209960938,1043.469482421875,306.12109375,318.1378479003906,222.41307067871094,295.2499084472656,77.67205810546875,494.2145080566406,1080.6513671875,513.324951171875,206.42425537109375,494.42120361328125,272.31439208984375,150.27215576171875,66.5751953125,113.67669677734375,209.85479736328125,82.43180847167969,107.96525573730469,45.4478874206543,135.86000061035156,43.51396179199219,58.786441802978516,247.28968811035156,25.18933868408203,139.24057006835938,136.93115234375,171.24032592773438,173.83253479003906,84.66798400878906,294.1800231933594,54.18330001831055,88.30087280273438,404.54107666015625,24.225622177124023,122.76769256591797,152.26956176757812,493.1672668457031,433.44940185546875,55.314727783203125,375.3912658691406,262.2828369140625,107.3090591430664,322.1714782714844,46.92998123168945,76.72948455810547,210.66200256347656,114.32630157470703,148.41897583007812
2026-06-02,213.8776397705078,86.35409545898438,184.00746154785156,183.77574157714844,175.3300018310547,310.12109375,217.6999969482422,51.9437141418457,1008.076904296875,42.87308120727539,471.510009765625,130.59600830078125,908.1253051757812,87.766845703125,116.09566497802734,199.97117614746094,88.9493179321289,185.92738342285156,65.80520629882812,577.7525024414062,175.74539184570312,100.63886260986328,120.03462982177734,416.5950012207031,15.976963996887207,71.54634094238281,317.324462890625,81.38492584228516,1059.3914794921875,306.9388732910156,326.8851013183594,221.79611206054688,299.6102600097656,77.44489288330078,492.7241516113281,1062.6273193359375,510.2738342285156,205.3707733154297,476.8805847167969,274.4095153808594,152.23358154296875,67.14735412597656,114.15047454833984,213.8030548095703,84.42215728759766,109.27252960205078,43.27098083496094,127.6500015258789,42.37847137451172,59.141822814941406,243.73207092285156,25.110713958740234,139.77658081054688,138.30026245117188,172.2321014404297,173.6830291748047,86.06572723388672,292.3243408203125,55.97456741333008,89.76875305175781,394.0632019042969,24.31443214416504,122.24172973632812,153.20660400390625,481.2283630371094,444.4540100097656,55.066810607910156,373.4740905761719,263.4573669433594,107.22047424316406,316.7315979003906,47.067630767822266,78.98652648925781,210.08705139160156,112.78997802734375,148.59780883789062
2026-06-03,215.59542846679688,86.37395477294922,175.32188415527344,180.51686096191406,174.3699951171875,299.7494812011719,210.5800018310547,51.864532470703125,980.286865234375,43.149681091308594,475.3699951171875,129.27273559570312,924.4650268554688,84.38623046875,118.26122283935547,189.78541564941406,90.80781555175781,188.06869506835938,64.80530548095703,586.7691040039062,177.71131896972656,98.63421630859375,119.98506927490234,420.17620849609375,15.541678428649902,70.46895599365234,314.248291015625,81.35504150390625,1035.9462890625,308.3675537109375,303.45318603515625,222.1444091796875,299.50079345703125,77.79058074951172,504.30926513671875,1077.236328125,508.8824768066406,206.37457275390625,470.7608337402344,271.3612060546875,150.98902893066406,68.17532348632812,113.2127914428711,208.98956298828125,83.33831024169922,107.24674987792969,43.35014343261719,117.9000015258789,41.4700813293457,58.954261779785156,229.53146362304688,24.904325485229492,139.1512451171875,139.6890869140625,174.49334716796875,171.97869873046875,86.01615905761719,295.8062744140625,56.55654525756836,89.74891662597656,389.1829528808594,23.238834381103516,123.84939575195312,157.40335083007812,473.1127624511719,434.50408935546875,54.84864807128906,372.5649108886719,260.9191589355469,106.96455383300781,311.8207092285156,45.86808395385742,78.23086547851562,216.10427856445312,116.61083221435547,151.5487060546875
2026-06-04,223.3502197265625,90.13711547851562,176.7349090576172,192.07650756835938,166.00999450683594,311.67681884765625,217.4199981689453,53.6164436340332,1011.638427734375,43.50531005859375,478.6300048828125,134.46633911132812,938.738525390625,84.61491394042969,118.44002532958984,187.9334716796875,94.23658752441406,186.720458984375,65.83489990234375,590.22021484375,186.25360107421875,98.5845947265625,120.75827026367188,417.58258056640625,15.175642967224121,69.5212631225586,327.2420959472656,82.8686294555664,1087.284912109375,307.6826171875,299.62066650390625,227.05020141601562,309.4957580566406,75.87445831298828,505.78436279296875,1123.6597900390625,515.8592529296875,206.25531005859375,480.9537658691406,270.79522705078125,152.10415649414062,68.46625518798828,118.70069885253906,217.07505798339844,84.42215728759766,108.10496520996094,43.162132263183594,119.36000061035156,43.198001861572266,58.9838752746582,235.5206298828125,25.248308181762695,139.7368621826172,141.6294708251953,173.55116271972656,178.81597900390625,85.97651672363281,299.3979797363281,57.71055603027344,90.86966705322266,396.5740966796875,22.46914291381836,122.90662384033203,158.13107299804688,481.178466796875,442.6929016113281,54.590816497802734,391.80584716796875,262.68096923828125,108.490234375,319.5862731933594,44.117916107177734,81.15408325195312,217.10548400878906,117.45880126953125,151.0618438720703
2026-06-05,225.62403869628906,90.42505645751953,176.1321563720703,192.28451538085938,154.27000427246094,309.8119201660156,215.4499969482422,53.5567512512207,990.516845703125,42.448299407958984,488.1300048828125,131.79989624023438,902.6055908203125,88.07508087158203,116.3638687133789,184.85684204101562,95.33975219726562,185.689453125,66.23090362548828,581.9317016601562,183.91844177246094,98.95178985595703,123.1373519897461,394.9682312011719,14.7403564453125,63.21656036376953,327.5916442871094,81.94054412841797,1033.6177978515625,308.50653076171875,282.8112487792969,231.6276397705078,310.9691162109375,78.50171661376953,506.2328796386719,1129.801025390625,520.5403442382812,209.4456024169922,490.2581481933594,277.8649597167969,153.08982849121094,70.0082015991211,119.22382354736328,210.76976013183594,85.19931030273438,99.50286865234375,42.52885055541992,112.44999694824219,42.41796875,60.05990219116211,212.93917846679688,25.5922908782959,145.4541778564453,142.3682098388672,176.8240203857422,180.3907470703125,84.65806579589844,304.595947265625,54.58676528930664,91.84163665771484,400.6520080566406,22.449405670166016,121.6363754272461,160.20452880859375,471.9647521972656,413.091796875,56.24688720703125,394.77056884765625,271.0621032714844,106.83660125732422,322.9700012207031,44.609535217285156,81.47225952148438,219.4302215576172,118.59607696533203,148.9554901123047
2026-06-08,221.4934539794922,89.85909271240234,172.35752868652344,187.31199645996094,156.39999389648438,311.44744873046875,215.9199981689453,53.357765197753906,989.6911010742188,43.18919372558594,487.0,132.60580444335938,913.9445190429688,85.57938385009766,118.1022720336914,181.7602996826172,96.48268127441406,187.60276794433594,64.86470031738281,572.1769409179688,183.15003967285156,98.11817932128906,120.98626708984375,402.15057373046875,14.839285850524902,63.755252838134766,321.6390686035156,83.59711456298828,1039.906982421875,307.4443664550781,278.81988525390625,231.0206298828125,309.7147521972656,78.56098175048828,500.27252197265625,1147.505615234375,516.873046875,206.69261169433594,484.85723876953125,275.8194885253906,153.179443359375,69.13540649414062,117.97029113769531,211.07806396484375,83.38297271728516,98.78436279296875,42.77622985839844,114.19000244140625,40.502445220947266,59.24053955078125,211.0856475830078,25.17951202392578,144.0248565673828,140.63465881347656,174.61236572265625,178.06846618652344,85.89720916748047,298.8592224121094,56.258094787597656,90.5324478149414,393.71392822265625,22.202709197998047,123.02571105957031,159.24754333496094,468.80035400390625,424.66357421875,55.62214279174805,401.78704833984375,267.428955078125,106.00977325439453,319.0772399902344,44.67836380004883,80.49784851074219,215.18896484375,119.54381561279297,150.77371215820312
2026-06-09,223.8268280029297,90.6037826538086,171.408935546875,189.025634765625,152.16000366210938,317.5108642578125,214.50999450683594,54.14375305175781,1006.7933349609375,42.151939392089844,487.7699890136719,134.0484619140625,913.0062866210938,87.29953002929688,116.01618957519531,174.5914306640625,96.46279907226562,185.1442108154297,65.58740234375,575.8374633789062,188.0199432373047,98.57467651367188,122.74083709716797,400.7340393066406,14.789820671081543,64.09442901611328,330.02862548828125,83.58714294433594,1026.980224609375,318.9793395996094,275.51361083984375,235.8368682861328,311.2976379394531,80.33881378173828,513.8976440429688,1143.0421142578125,526.8712158203125,216.0348663330078,494.41119384765625,280.2579650878906,155.7083740234375,69.3972396850586,118.04925537109375,209.0989532470703,84.19685363769531,98.33529663085938,44.18132400512695,106.97000122070312,41.657684326171875,60.46464538574219,205.0964813232422,25.258136749267578,147.5684051513672,145.30343627929688,177.0223846435547,180.9588623046875,84.68780517578125,309.8338317871094,55.56170654296875,92.18876647949219,401.01068115234375,22.40993309020996,125.6456069946289,164.3514404296875,493.19720458984375,425.7779846191406,57.09971618652344,408.1413879394531,270.0268859863281,106.17711639404297,324.4472351074219,45.012664794921875,81.53191375732422,220.32626342773438,118.59607696533203,147.95199584960938
2026-06-10,223.3601531982422,88.53851318359375,168.47422790527344,190.67984008789062,151.75999450683594,312.484619140625,209.0,54.263145446777344,1005.5198364257812,42.42854309082031,483.67999267578125,132.70529174804688,854.5746459960938,89.43726348876953,119.12545013427734,170.18060302734375,97.4168930053711,188.1579132080078,66.1021957397461,558.6021118164062,183.2498321533203,97.86015319824219,123.95020294189453,374.5384826660156,14.146785736083984,61.9296875,318.3132019042969,79.23613739013672,996.409912109375,316.5870056152344,270.4201354980469,237.31956481933594,307.75360107421875,82.56111907958984,507.4887390136719,1134.743896484375,521.7926025390625,214.86212158203125,488.2615051269531,280.5260314941406,156.16636657714844,70.91978454589844,117.54586029052734,205.5286102294922,84.48468780517578,92.57727813720703,43.498565673828125,106.05999755859375,42.26986312866211,61.31361389160156,200.56224060058594,25.15985679626465,147.94558715820312,143.57972717285156,181.44570922851562,176.82260131835938,85.30242156982422,303.20916748046875,55.22346115112305,93.25,402.4832458496094,22.90332794189453,127.00517272949219,167.13265991210938,481.1884460449219,406.7039489746094,58.15087127685547,402.66656494140625,265.7965087890625,101.63946533203125,322.3611145019531,46.163055419921875,81.50208282470703,223.29315185546875,120.30199432373047,149.65098571777344
2026-06-11,223.18142700195312,89.0151138305664,165.52964782714844,187.52000427246094,156.39999389648438,317.62054443359375,221.6300048828125,54.87999725341797,1011.3897705078125,42.16181945800781,485.7900085449219,137.37158203125,895.9678955078125,88.88046264648438,114.59566497802734,166.15768432617188,99.86176300048828,184.2123565673828,66.02300262451172,567.169921875,180.4156951904297,99.57699584960938,123.10761260986328,392.67388916015625,14.552392959594727,66.17936706542969,332.3457336425781,80.68314361572266,1030.592529296875,323.6251220703125,272.8924255371094,237.16033935546875,312.0840759277344,81.51417541503906,513.7481689453125,1159.2886962890625,545.30712890625,219.69227600097656,485.6958312988281,282.7601623535156,157.22174072265625,69.25177764892578,119.1942138671875,211.4957733154297,84.20677185058594,97.38726806640625,45.47757339477539,103.08000183105469,43.40534973144531,61.116180419921875,183.4617462158203,25.720056533813477,147.2408447265625,144.9783935546875,179.2836456298828,183.60009765625,85.10415649414062,316.15924072265625,55.710933685302734,92.50614166259766,390.1741027832031,22.696102142333984,131.62966918945312,167.81051635742188,474.8197021484375,419.94342041015625,57.83354187011719,400.7790222167969,267.0407409667969,106.94486999511719,318.4583740234375,46.153221130371094,81.92962646484375,217.82730102539062,120.21221160888672,145.6568603515625
2026-06-12,226.12049865722656,87.55552673339844,168.2568359375,187.17999267578125,163.24000549316406,324.55157470703125,219.0500030517578,55.735633850097656,1026.73095703125,42.26060485839844,489.25,139.12266540527344,908.8839111328125,88.94011688232422,116.2049331665039,165.59866333007812,101.33264923095703,185.60023498535156,67.23080444335938,575.987060546875,179.72714233398438,99.27928161621094,123.88081359863281,390.4294128417969,14.680999755859375,68.2443618774414,334.8825378417969,81.33180236816406,1057.5704345703125,325.98773193359375,270.3009948730469,239.6878662109375,319.28167724609375,81.60306549072266,521.8514404296875,1131.3787841796875,537.0084838867188,219.42391967773438,489.1600341796875,282.7998962402344,157.6299591064453,69.76576232910156,117.50639343261719,212.8682098388672,85.34819030761719,100.02178955078125,44.4583854675293,102.1500015258789,43.32636260986328,61.915794372558594,183.49163818359375,25.759366989135742,148.50143432617188,146.50509643554688,182.78460693359375,182.92233276367188,84.91580963134766,316.5682678222656,55.89000701904297,93.23017120361328,395.4319152832031,23.2684383392334,134.19993591308594,167.88031005859375,468.5108947753906,422.7957458496094,58.42853546142578,403.714111328125,271.4403381347656,106.40350341796875,321.7922058105469,47.303611755371094,83.25203704833984,218.48440551757812,120.75092315673828,146.064208984375
2026-06-15,220.02389526367188,88.04205322265625,163.39529418945312,185.75999450683594,169.08999633789062,334.4644470214844,228.9499969482422,55.58639144897461,1037.5455322265625,41.085052490234375,495.5199890136719,140.49569702148438,932.20068359375,90.06368255615234,111.51620483398438,164.26101684570312,100.06053161621094,178.8392333984375,67.46839904785156,573.9822387695312,180.72506713867188,100.91673278808594,124.1881103515625,406.0609436035156,14.611750602722168,69.96018981933594,341.83392333984375,83.89649963378906,1070.925048828125,327.4072570800781,266.796142578125,234.50344848632812,317.96759033203125,80.43006896972656,519.768310546875,1127.7340087890625,527.0997314453125,218.83755493164062,489.81890869140625,284.10064697265625,157.54034423828125,68.49603271484375,114.22575378417969,216.78663635253906,85.47722625732422,105.5802230834961,44.72555160522461,104.1500015258789,43.3658561706543,61.343231201171875,191.97213745117188,25.552978515625,149.3451385498047,146.26870727539062,180.31507873535156,183.03196716308594,81.89230346679688,319.5014953613281,53.43275451660156,93.05164337158203,400.302734375,22.982271194458008,132.1556396484375,166.80369567871094,473.357177734375,440.2190246582031,58.20045471191406,408.52447509765625,266.085205078125,107.1220474243164,323.21954345703125,46.281044006347656,82.6654052734375,215.98544311523438,120.53144836425781,140.01339721679688
2026-06-16,220.89767456054688,89.9782485961914,163.55340576171875,184.47000122070312,168.00999450683594,339.809814453125,227.49000549316406,56.55147171020508,1046.857666015625,40.65039825439453,494.95001220703125,142.26669311523438,943.7093505859375,90.14322662353516,110.602294921875,161.42601013183594,100.10028076171875,178.55174255371094,67.81489562988281,583.77685546875,180.97454833984375,100.50984954833984,124.96131134033203,406.7093200683594,14.255606651306152,69.98014831542969,351.2921142578125,82.3397216796875,1085.3543701171875,334.6240539550781,268.8811950683594,234.02578735351562,329.6549377441406,79.80380249023438,516.4691772460938,1120.893798828125,532.6553955078125,222.64402770996094,500.4909973144531,285.8978576660156,160.925537109375,69.08660888671875,114.4941635131836,219.62103271484375,85.5864028930664,108.21473693847656,44.567230224609375,101.33000183105469,43.00052261352539,61.37284851074219,187.6770782470703,25.5922908782959,151.360107421875,144.96902465820312,182.5465850830078,186.151611328125,81.53543090820312,321.6964416503906,52.796058654785156,93.53762817382812,408.9682312011719,22.853988647460938,132.38388061523438,165.79689025878906,472.26800537109375,424.690673828125,58.52770233154297,405.15521240234375,266.214599609375,108.29336547851562,332.5022888183594,45.946739196777344,84.56450653076172,217.62818908691406,120.7409439086914,140.9473419189453
2026-06-17,219.66644287109375,87.87326049804688,154.15638732910156,181.08999633789062,164.92999267578125,339.6103820800781,225.6300048828125,56.2430419921875,1051.9814453125,39.65265655517578,491.2799987792969,143.0526885986328,954.14990234375,90.06368255615234,110.47315979003906,154.7477569580078,98.54988861083984,176.04364013671875,67.3396987915039,586.9486694335938,177.39198303222656,100.0930404663086,122.65162658691406,408.6346130371094,13.810428619384766,68.89278411865234,356.58551025390625,79.415771484375,1093.7830810546875,325.0843811035156,260.4814453125,233.0506134033203,331.9645080566406,79.45587921142578,514.15673828125,1110.4088134765625,529.0477294921875,215.93548583984375,492.1649475097656,281.81689453125,158.53598022460938,67.86609649658203,114.76258850097656,223.7284393310547,85.09013366699219,105.45048522949219,43.72615051269531,95.4800033569336,42.97090530395508,59.79336166381836,182.8937225341797,25.474353790283203,149.44439697265625,139.829833984375,177.96456909179688,191.94236755371094,79.68167877197266,313.07635498046875,50.07020568847656,91.77220916748047,394.591796875,22.143503189086914,126.83646392822266,163.61376953125,461.3363952636719,430.9937744140625,57.2782096862793,397.08489990234375,256.8580017089844,103.48011016845703,329.76739501953125,45.071659088134766,83.33157348632812,214.90025329589844,117.84786987304688,139.8345489501953
2026-06-18,214.95994567871094,87.78389739990234,126.45942687988281,176.0500030517578,169.6699981689453,337.0773010253906,222.72000122070312,55.91471862792969,1044.7286376953125,38.625282287597656,489.4599914550781,142.33631896972656,983.9945678710938,88.96995544433594,107.02615356445312,151.51344299316406,97.71504974365234,172.1278076171875,67.72579956054688,587.7166748046875,176.80320739746094,103.0999984741211,122.78048706054688,420.7348327636719,13.909357070922852,68.51370239257812,357.19476318359375,79.1263656616211,1091.2156982421875,331.8346252441406,247.32582092285156,227.2691192626953,323.761474609375,78.91908264160156,510.4689636230469,1096.9979248046875,507.8091125488281,220.835205078125,488.9703369140625,276.6436462402344,159.9000244140625,68.0334243774414,113.20179748535156,221.94822692871094,86.1025161743164,103.57439422607422,44.72555160522461,95.04000091552734,42.64506530761719,59.46759796142578,183.6510772705078,24.776559829711914,149.26573181152344,139.43296813964844,176.93312072753906,184.98548889160156,78.12532043457031,320.0502624511719,47.841766357421875,92.32762145996094,387.8897399902344,21.71918296813965,129.74415588378906,163.29476928710938,464.2541198730469,460.8835754394531,57.91287612915039,398.50616455078125,255.69342041015625,103.21434783935547,326.6331787109375,44.609535217285156,81.73076629638672,213.65574645996094,116.90013885498047,136.92340087890625
2026-06-22,228.38438415527344,87.2080078125,123.34685516357422,176.42999267578125,174.55999755859375,337.1471252441406,220.8300018310547,57.07877731323242,1046.3702392578125,39.297027587890625,488.69000244140625,144.93312072753906,1020.3870849609375,88.16456604003906,108.97315979003906,149.85635375976562,100.67671966552734,173.54544067382812,67.3594970703125,597.0425415039062,177.8210906982422,101.67095184326172,122.44345092773438,434.71044921875,13.958821296691895,69.04241943359375,354.6778869628906,80.2640151977539,1100.977783203125,324.23065185546875,250.423583984375,230.15489196777344,329.993408203125,79.0582504272461,515.0139770507812,1100.5029296875,490.56573486328125,213.08309936523438,483.2798767089844,268.1937255859375,162.50860595703125,68.41729736328125,114.80235290527344,225.8467559814453,85.4375228881836,101.58853149414062,42.73664855957031,93.01000213623047,45.30112838745117,59.80323791503906,174.4630584716797,24.64879608154297,146.58572387695312,142.6970672607422,171.74612426757812,181.22796630859375,78.96794128417969,316.1692199707031,47.70248794555664,92.66484069824219,384.55755615234375,21.807994842529297,128.74183654785156,163.6536407470703,463.65460205078125,466.4187316894531,57.21871566772461,404.191162109375,258.70941162109375,105.55699920654297,325.994384765625,44.59970474243164,83.36140441894531,212.3714141845703,116.90013885498047,137.57916259765625
2026-06-23,233.10081481933594,89.88888549804688,125.5009536743164,179.3800048828125,162.1999969482422,336.85791015625,216.7100067138672,57.61603927612305,1010.1461181640625,38.85249328613281,492.80999755859375,144.23666381835938,982.41748046875,90.9088363647461,109.24137878417969,153.1505584716797,100.94505310058594,174.4574737548828,67.76539611816406,590.4097290039062,178.59947204589844,102.74273681640625,123.96012115478516,404.2853088378906,13.850000381469727,64.24407196044922,356.0262145996094,78.78706359863281,1089.10595703125,322.0765380859375,263.0530090332031,237.9066619873047,332.6414794921875,79.8336181640625,510.5785827636719,1105.495849609375,500.5738525390625,212.2283935546875,487.2532043457031,269.7427062988281,161.13461303710938,70.48428344726562,118.8981704711914,224.79257202148438,85.78490447998047,97.63674926757812,41.935150146484375,95.94000244140625,46.821693420410156,60.741050720214844,164.58740234375,24.294984817504883,149.74217224121094,144.1058807373047,177.2207489013672,185.7728729248047,78.8192367553711,322.1553649902344,47.54331588745117,94.15255737304688,377.7327880859375,22.50861358642578,133.08847045898438,163.8330841064453,468.9905090332031,435.2224426269531,58.75578308105469,406.74542236328125,257.4154052734375,104.16912841796875,327.87091064453125,45.946739196777344,83.64974975585938,217.87709045410156,119.1347885131836,138.83103942871094
2026-06-24,233.2299041748047,89.84916687011719,127.61551666259766,174.4600067138672,161.74000549316406,341.6248474121094,220.25,57.43695068359375,977.5831909179688,37.40034103393555,494.80999755859375,142.8636474609375,992.6085815429688,91.35626220703125,106.21158599853516,152.49171447753906,101.24320983886719,169.9666748046875,68.56729888916016,599.1968994140625,188.47897338867188,100.35106658935547,125.42721557617188,403.59698486328125,13.6917142868042,61.69026565551758,365.42449951171875,78.78706359863281,1071.6614990234375,340.3518371582031,261.08709716796875,239.81723022460938,331.95458984375,80.12190246582031,514.0371704101562,1115.6612548828125,488.6177978515625,220.08981323242188,493.5826110839844,271.947021484375,165.18687438964844,70.93704986572266,119.89230346679688,218.65634155273438,86.96602630615234,93.84465026855469,41.38102722167969,93.80000305175781,46.81182098388672,61.195159912109375,156.98385620117188,23.626678466796875,150.91342163085938,139.7603759765625,177.30999755859375,184.447265625,77.02496337890625,332.3617858886719,46.36940383911133,94.99559020996094,379.800048828125,22.07442855834961,140.1244659423828,164.65049743652344,491.8230285644531,439.6505432128906,59.46977996826172,403.3165283203125,258.7591857910156,104.47425842285156,331.61395263671875,44.91434097290039,83.81878662109375,222.2776336669922,118.71578979492188,136.01925659179688
2026-06-25,241.4215850830078,92.5796890258789,124.32508850097656,168.72000122070312,165.4499969482422,341.5251159667969,218.1199951171875,57.894615173339844,966.957763671875,37.26203918457031,487.80999755859375,144.24661254882812,1055.052734375,90.54093933105469,105.70497131347656,149.92623901367188,104.01604461669922,170.74984741210938,68.8147964477539,629.1293334960938,192.80999755859375,97.30441284179688,126.00216674804688,418.8394775390625,13.958821296691895,62.64794158935547,370.89764404296875,78.36793518066406,1059.89892578125,342.4761962890625,256.43048095703125,243.67820739746094,333.6170654296875,79.9429702758789,520.5657348632812,1126.0762939453125,501.91552734375,220.5668487548828,488.101806640625,262.6729431152344,167.23789978027344,72.05912780761719,124.71383666992188,219.8298797607422,87.04542541503906,95.15192413330078,40.47068786621094,89.5199966430664,47.03892135620117,61.24451446533203,151.9314422607422,23.263038635253906,147.399658203125,139.4230499267578,178.92999267578125,185.97219848632812,76.6581802368164,338.2980651855469,47.17522048950195,95.1245346069336,372.994140625,22.12376594543457,138.50689697265625,154.70188903808594,505.3626403808594,433.826171875,60.03502655029297,412.98699951171875,266.4933166503906,107.59451293945312,329.9071044921875,45.29780197143555,84.25627136230469,222.0984344482422,115.50347900390625,136.66506958007812
2026-06-26,251.55943298339844,93.45346069335938,127.44754028320312,175.58999633789062,157.60000610351562,339.43084716796875,217.25,57.5861930847168,959.7846069335938,36.679203033447266,498.6600036621094,141.0428924560547,995.6229858398438,91.54518127441406,105.25794219970703,158.0918731689453,103.69800567626953,169.58004760742188,68.69599914550781,611.6546020507812,196.19000244140625,98.03878021240234,127.28091430664062,401.6916809082031,13.978607177734375,62.298789978027344,368.5406188964844,77.9388198852539,1014.6406860351562,346.3079528808594,269.6953430175781,253.4102020263672,327.57427978515625,82.13985443115234,517.9144287109375,1206.3912353515625,504.2809143066406,221.1134796142578,498.18487548828125,267.8561096191406,163.29515075683594,72.63001251220703,127.9050064086914,210.8692169189453,87.89900970458984,95.93030548095703,40.322261810302734,98.33999633789062,47.46349334716797,62.310665130615234,148.0150604248047,23.872379302978516,147.9158172607422,138.86746215820312,180.77000427246094,187.36756896972656,75.86512756347656,343.2765808105469,46.75739288330078,96.36429595947266,385.2843933105469,22.419801712036133,139.32064819335938,154.9411163330078,512.6370849609375,431.1932373046875,60.04494094848633,425.2713623046875,267.1104431152344,106.44287109375,335.6065368652344,45.759925842285156,83.38129425048828,224.5376434326172,115.41370391845703,135.66156005859375
2026-06-29,252.5126495361328,92.0534439086914,123.25791931152344,168.6699981689453,164.10000610351562,339.9494323730469,214.69000244140625,57.5861930847168,945.3187866210938,36.89653015136719,496.0,141.7692108154297,1031.27685546875,91.87330627441406,103.50960540771484,157.6526336669922,102.94268798828125,167.012451171875,68.48809814453125,625.010009765625,192.77999877929688,97.87999725341797,127.21153259277344,407.25799560546875,13.869786262512207,61.47079849243164,373.2447509765625,77.18038940429688,1015.23779296875,348.24371337890625,276.01995849609375,257.2413024902344,327.91278076171875,82.15974426269531,509.38250732421875,1228.170166015625,498.9836730957031,218.3008575439453,508.787109375,265.2943115234375,161.72203063964844,72.88592529296875,128.62078857421875,210.5609130859375,87.9982681274414,94.31367492675781,41.04459762573242,99.97000122070312,47.73008728027344,62.231689453125,147.2477264404297,23.951004028320312,147.3500213623047,137.7959747314453,182.8699951171875,186.7097625732422,76.22200012207031,343.5060119628906,46.140594482421875,95.95764923095703,385.6620178222656,21.531694412231445,132.89991760253906,150.75433349609375,506.0321350097656,453.88238525390625,60.689517974853516,417.2507629394531,271.4403381347656,106.3149185180664,341.0164794921875,43.36082077026367,83.03329467773438,222.38714599609375,114.32630157470703,135.18466186523438
2026-06-30,249.86151123046875,90.09739685058594,122.96148681640625,163.57000732421875,169.8800048828125,337.32659912109375,216.47000122070312,56.690757751464844,956.650634765625,36.50138854980469,500.3900146484375,139.25201416015625,1062.92822265625,91.15740966796875,103.27119445800781,156.38487243652344,102.81348419189453,164.32589721679688,67.60700225830078,634.3300170898438,190.47999572753906,96.25,125.4767837524414,425.07415771484375,13.751070976257324,62.73772430419922,373.2647399902344,76.92092895507812,1006.4408569335938,350.1000061035156,279.20709228515625,252.7235870361328,325.86199951171875,80.78792572021484,517.2366333007812,1197.7137451171875,506.3282470703125,219.13571166992188,512.740478515625,268.4022216796875,161.20431518554688,70.81893157958984,127.74594116210938,207.8955841064453,87.11490631103516,93.20597839355469,40.619110107421875,99.27999877929688,47.33513259887695,61.42961502075195,146.04193115234375,23.66598892211914,145.55343627929688,134.4029083251953,180.91000366210938,189.101806640625,76.8663558959961,343.5260009765625,46.25002670288086,94.92616271972656,384.4348449707031,20.42649269104004,129.61514282226562,151.0234832763672,500.9759826660156,476.2922668457031,59.618526458740234,413.0863952636719,270.7435607910156,105.81291961669922,342.45379638671875,41.63032531738281,82.16825866699219,221.89932250976562,112.989501953125,135.8404083251953
2026-07-01,249.28561401367188,91.5271987915039,129.57200622558594,166.0800018310547,166.6199951171875,347.04998779296875,218.5800018310547,58.06375503540039,975.3745727539062,35.71110153198242,499.739990234375,139.42115783691406,989.57421875,92.23125457763672,102.53610229492188,162.94332885742188,104.16511535644531,164.25650024414062,67.11199951171875,627.6300048828125,193.72000122070312,95.70999908447266,124.67383575439453,411.29803466796875,13.493857383728027,60.38343811035156,374.47320556640625,75.36414337158203,1014.6406860351562,348.27349853515625,284.2112121582031,252.73353576660156,332.5718078613281,80.80780792236328,531.7987060546875,1190.03466796875,518.6122436523438,220.55691528320312,521.565673828125,267.5284423828125,159.2628173828125,70.4153823852539,124.63431549072266,210.7001495361328,85.72535705566406,93.10618591308594,42.60801315307617,105.80000305175781,48.1546630859375,61.29081726074219,142.00596618652344,23.46942710876465,146.33758544921875,135.72244262695312,177.69000244140625,191.14501953125,75.90477752685547,345.2519836425781,44.85725021362305,94.34100341796875,414.0403747558594,20.20939826965332,129.2975616455078,150.87396240234375,512.9368286132812,443.0414733886719,60.382102966308594,423.92962646484375,276.4471130371094,107.82090759277344,350.4289855957031,41.28619384765625,85.44942474365234,223.0940399169922,108.56010437011719,135.4032440185547
2026-07-02,259.2248840332031,94.72439575195312,135.71810913085938,166.02999877929688,159.99000549316406,351.9599914550781,226.49000549316406,58.43187713623047,990.6461791992188,36.945926666259766,507.7799987792969,139.261962890625,961.7459106445312,94.58773803710938,104.03610229492188,165.8182830810547,104.07567596435547,167.7361297607422,69.05239868164062,621.27001953125,197.92999267578125,99.5,128.47047424316406,397.5418701171875,13.216856956481934,60.82237243652344,377.04998779296875,75.84315490722656,1016.02392578125,355.2818298339844,287.4579162597656,261.74908447265625,332.9700012207031,83.64089965820312,544.8457641601562,1212.1729736328125,542.5541381835938,226.10264587402344,538.4873046875,278.6493835449219,159.74072265625,71.56698608398438,128.7997283935547,212.75880432128906,87.68064880371094,96.83841705322266,43.627201080322266,106.31999969482422,49.79372024536133,63.293521881103516,139.78370666503906,23.90186309814453,150.28810119628906,138.3317108154297,182.27000427246094,198.5902862548828,77.34217834472656,351.66717529296875,44.89704513549805,97.17758178710938,438.904541015625,20.30807876586914,129.2181854248047,153.77481079101562,523.0390625,432.9983825683594,61.95884323120117,422.7568359375,280.94622802734375,108.92333221435547,361.45849609375,41.84663772583008,85.0218734741211,229.38621520996094,111.57289123535156,136.20802307128906
2026-07-06,252.95945739746094,94.95276641845703,135.33273315429688,162.11000061035156,173.27999877929688,356.0299987792969,234.5399932861328,59.59593963623047,1006.0471801757812,36.9360466003418,506.5799865722656,143.1322784423828,968.1240234375,92.85765838623047,102.89371490478516,165.3590850830078,101.45191955566406,166.64566040039062,68.56729888916016,635.239990234375,193.6199951171875,97.41000366210938,124.87210083007812,412.40533447265625,13.6818208694458,60.852298736572266,378.67999267578125,77.68933868408203,1050.1468505859375,348.0848693847656,297.3866882324219,258.0572509765625,337.7200012207031,82.46790313720703,538.745849609375,1198.3428955078125,534.6928100585938,222.40550231933594,532.2078247070312,277.5273742675781,158.45632934570312,70.75003814697266,126.0360336303711,220.88409423828125,86.78736877441406,97.99600219726562,42.885074615478516,107.93000030517578,48.63848114013672,62.649085998535156,143.2615966796875,23.312177658081055,148.2036590576172,139.0956573486328,184.75999450683594,200.70326232910156,77.46114349365234,348.32489013671875,45.48400115966797,95.20387268066406,446.2181091308594,20.30807876586914,125.13948822021484,150.83409118652344,517.2035522460938,450.58123779296875,61.06635284423828,415.4319152832031,281.2846374511719,108.29336547851562,356.5875549316406,41.36484909057617,86.95079803466797,227.97247314453125,110.38573455810547,135.5622100830078
2026-07-07,252.85023498535156,95.1612777709961,140.45118713378906,165.25,166.4600067138672,349.5799865722656,231.67999267578125,59.5561408996582,1004.2762451171875,38.1412353515625,504.0,140.05792236328125,938.3792114257812,94.48831176757812,107.72151947021484,169.2222900390625,103.68807220458984,172.5045166015625,69.13159942626953,603.6099853515625,194.19000244140625,97.4800033569336,127.10249328613281,394.7088623046875,13.414714813232422,59.186344146728516,366.9800109863281,75.87309265136719,1037.896728515625,342.6846618652344,303.9496154785156,265.9284362792969,339.2200012207031,83.55143737792969,536.4633178710938,1233.7921142578125,532.0889282226562,219.54318237304688,530.7303466796875,280.2182312011719,157.32130432128906,71.81305694580078,128.1038360595703,220.82440185546875,87.80968475341797,94.8625259399414,42.756439208984375,110.7300033569336,49.01368713378906,63.462074279785156,141.1090850830078,23.656160354614258,151.6181640625,142.47879028320312,187.7899932861328,200.18499755859375,81.2776870727539,341.4707336425781,46.180381774902344,96.49322509765625,442.4665222167969,20.81134033203125,126.57844543457031,153.62527465820312,516.2243041992188,431.41265869140625,62.2166748046875,425.56951904296875,281.81219482421875,110.20292663574219,351.54693603515625,41.87613296508789,86.68234252929688,236.166259765625,111.27361297607422,140.7784423828125
2026-07-08,250.95375061035156,94.50595092773438,135.55999755859375,165.0399932861328,181.0500030517578,336.3900146484375,224.9499969482422,58.004058837890625,985.2837524414062,38.73394775390625,494.7900085449219,136.69500732421875,946.324462890625,92.50965881347656,109.98641204833984,166.28746032714844,103.82720947265625,174.44757080078125,69.16130065917969,596.739990234375,190.77000427246094,96.69999694824219,125.68495178222656,398.579345703125,13.35535717010498,57.360774993896484,356.0299987792969,76.08265686035156,1024.621826171875,333.75048828125,299.898681640625,262.1072998046875,330.6199951171875,82.9052963256836,525.93798828125,1214.0902099609375,524.7145385742188,211.54263305664062,518.989990234375,276.28619384765625,154.02572631835938,71.66541290283203,125.25067138671875,216.87615966796875,86.78736877441406,93.00638580322266,42.439796447753906,107.77999877929688,48.27314758300781,62.68874740600586,140.00294494628906,23.636505126953125,147.30039978027344,139.8893585205078,187.07000732421875,194.26466369628906,81.52552032470703,329.8077087402344,47.18517303466797,95.5906753540039,429.8249206542969,20.840944290161133,131.41134643554688,152.30943298339844,509.7392883300781,435.81085205078125,61.324180603027344,422.995361328125,279.64227294921875,108.21463012695312,346.88555908203125,41.73847961425781,85.07158660888672,232.91064453125,112.82987976074219,140.2220458984375
2026-07-09,248.1437530517578,93.73147583007812,139.05999755859375,165.0,184.69000244140625,346.7200012207031,223.11000061035156,58.94923782348633,1014.473876953125,38.08196258544922,495.45001220703125,138.86398315429688,936.6524047851562,90.49122619628906,107.30429077148438,162.21461486816406,102.17742156982422,172.54417419433594,68.7553939819336,592.9000244140625,195.97999572753906,96.16999816894531,124.16828918457031,404.8339538574219,13.464178085327148,60.38343811035156,359.0400085449219,76.49181365966797,1050.823486328125,336.2520751953125,293.1967468261719,257.8283996582031,335.4700012207031,82.13985443115234,523.8348999023438,1215.2086181640625,515.0741577148438,211.69171142578125,523.2000122070312,274.5386047363281,154.66294860839844,70.46459197998047,124.33607482910156,220.91392517089844,86.44990539550781,94.61304473876953,42.33095169067383,108.83999633789062,48.263275146484375,62.62925720214844,143.72000122070312,23.833066940307617,145.7618865966797,140.24652099609375,181.1699981689453,194.55369567871094,80.69281768798828,331.2643127441406,46.99615478515625,94.39058685302734,431.99005126953125,20.762001037597656,131.2624969482422,150.4253692626953,524.3081665039062,435.7908935546875,60.48127365112305,429.03814697265625,283.72332763671875,109.00206756591797,347.5543518066406,41.53200149536133,86.41388702392578,230.650634765625,111.94200897216797,136.57565307617188
2026-07-10,246.32667541503906,93.26480865478516,135.22999572753906,168.58999633789062,186.9600067138672,350.5799865722656,222.27999877929688,59.367103576660156,1030.8199462890625,38.72407150268555,493.7099914550781,140.0778045654297,950.6464233398438,91.7142105102539,108.31754302978516,163.03318786621094,103.5091781616211,174.87384033203125,69.37909698486328,586.8599853515625,199.0500030517578,95.62000274658203,124.3863754272461,406.2803955078125,13.850000381469727,61.37104034423828,359.2699890136719,77.68933868408203,1050.037353515625,340.78863525390625,285.5118713378906,255.7188262939453,336.4700012207031,82.99475860595703,528.051025390625,1186.879150390625,520.0036010742188,210.3301239013672,526.739990234375,272.6619567871094,156.8334503173828,70.66145324707031,122.81504821777344,221.06309509277344,87.3034896850586,95.09204864501953,43.90426254272461,107.70999908447266,48.85570526123047,62.768062591552734,140.63999938964844,23.75444221496582,145.95046997070312,139.7603759765625,181.6199951171875,195.28126525878906,81.51560974121094,333.21978759765625,47.513465881347656,94.82698822021484,429.53558349609375,21.1299991607666,134.11062622070312,150.86398315429688,526.6463012695312,432.9485168457031,61.20518112182617,422.0213623046875,285.63446044921875,110.70491790771484,348.3229064941406,42.119998931884766,86.66246032714844,232.30332946777344,113.62797546386719,137.9865264892578
2026-07-13,246.2472381591797,91.45769500732422,138.52000427246094,169.5,181.14999389648438,354.42999267578125,215.50999450683594,59.197967529296875,1026.2933349609375,40.33428192138672,496.8500061035156,139.9982147216797,929.7451782226562,92.6786880493164,112.102294921875,170.9193115234375,105.2484130859375,180.6236572265625,70.0918960571289,585.6400146484375,200.16000366210938,96.0,125.75434112548828,401.86126708984375,13.701607704162598,59.82479476928711,353.4200134277344,76.5616683959961,1040.8125,334.6439208984375,288.1628723144531,256.5049133300781,334.5299987792969,83.75025177001953,522.33984375,1180.1788330078125,517.479248046875,206.42425537109375,537.7000122070312,270.68597412109375,157.0126495361328,70.74019622802734,123.30217742919922,219.87960815429688,87.72035217285156,92.90660095214844,43.300662994384766,111.26000213623047,48.658226013183594,63.620697021484375,131.5399932861328,24.059110641479492,147.27061462402344,141.04022216796875,180.19000244140625,195.73976135253906,83.25040435791016,328.2113952636719,47.115535736083984,95.67993927001953,436.859130859375,21.549999237060547,133.7434539794922,150.05653381347656,528.105224609375,420.4520263671875,60.96718215942383,426.4640197753906,287.79443359375,111.11833190917969,357.08660888671875,42.68000030517578,87.16954040527344,235.66847229003906,114.50586700439453,143.58029174804688
2026-07-14,243.0500030517578,88.33000183105469,134.55999755859375,168.8300018310547,182.57000732421875,355.05999755859375,217.11000061035156,60.31228256225586,1020.2044677734375,40.897361755371094,491.0899963378906,132.59585571289062,931.6117553710938,90.51111602783203,111.12879180908203,167.26573181152344,105.52668762207031,180.18746948242188,70.58689880371094,584.4000244140625,199.0500030517578,95.87000274658203,125.26861572265625,414.5001525878906,13.790642738342285,61.79999923706055,353.7300109863281,76.71136474609375,1134.4439697265625,335.2693176269531,215.52394104003906,252.60418701171875,342.8900146484375,82.58719635009766,520.8248291015625,1150.890869140625,511.8242492675781,206.40438842773438,538.02001953125,267.0419006347656,155.8975372314453,69.05708312988281,120.07124328613281,226.423583984375,88.87169647216797,94.55316925048828,42.41011428833008,104.8499984741211,48.45087814331055,63.224124908447266,127.94000244140625,23.833066940307617,144.99758911132812,141.36761474609375,175.9499969482422,192.74969482421875,83.67667388916016,327.7424621582031,47.29460525512695,95.17411804199219,437.8868103027344,21.280000686645508,132.97930908203125,149.8671417236328,533.6609497070312,419.2652587890625,60.332523345947266,422.587890625,286.96826171875,111.8860855102539,355.3598327636719,42.470001220703125,84.80313110351562,233.23919677734375,113.4284439086914,144.15655517578125
2026-07-15,244.11000061035156,89.2699966430664,137.02000427246094,168.6300048828125,171.9199981689453,358.44000244140625,218.1199951171875,61.27735900878906,1087.8175048828125,40.82821273803711,488.3500061035156,134.20765686035156,912.6069946289062,90.9486083984375,110.72150421142578,166.7067108154297,105.25835418701172,180.02886962890625,70.26019287109375,589.47998046875,200.7899932861328,97.1500015258789,123.25630187988281,411.8466796875,14.028071403503418,60.970001220703125,360.3500061035156,77.47976684570312,1146.455078125,338.9422607421875,209.69573974609375,245.8076934814453,346.9100036621094,81.96092224121094,512.46240234375,1154.9749755859375,511.2975158691406,208.37222290039062,535.2100219726562,263.080078125,159.830322265625,69.41141510009766,122.8846435546875,227.2987823486328,88.43497467041016,95.01221466064453,42.3210563659668,104.7300033569336,49.922080993652344,62.71848678588867,132.49000549316406,24.393266677856445,146.9530029296875,142.290283203125,180.8800048828125,195.2414093017578,83.90467071533203,331.52374267578125,47.30455017089844,93.82525634765625,443.4842834472656,21.43000030517578,137.23663330078125,150.4951629638672,534.8800048828125,418.357666015625,60.937435150146484,415.95867919921875,287.0279846191406,111.16754913330078,354.4814758300781,42.83000183105469,87.01045989990234,231.77566528320312,112.26124572753906,143.58029174804688
2026-07-16,254.38999938964844,98.83000183105469,144.61000061035156,168.9199981689453,168.55999755859375,361.57000732421875,214.33999633789062,61.1778678894043,1081.5,40.58124923706055,493.1199951171875,131.0437469482422,875.5457763671875,93.53378295898438,112.09236145019531,172.37673950195312,105.84471893310547,182.26930236816406,70.9729995727539,598.969970703125,205.00999450683594,99.70999908447266,125.01087951660156,395.2973937988281,14.0379638671875,58.560001373291016,345.7300109863281,77.55960845947266,1090.1209716796875,345.4740905761719,217.48983764648438,248.7432098388672,343.1499938964844,84.41627502441406,519.0307006835938,1167.4970703125,510.3633117675781,214.83230590820312,551.5399780273438,271.5299987792969,161.06492614746094,71.8819580078125,126.88105010986328,217.17449951171875,88.68311309814453,90.64131927490234,44.1021614074707,104.01000213623047,50.83047103881836,65.18717193603516,124.20999908447266,24.707763671875,150.37742614746094,148.87799072265625,189.83999633789062,193.7164764404297,84.34085083007812,337.3602600097656,46.836978912353516,95.28321838378906,456.3553771972656,21.979999542236328,139.1420135498047,154.30313110351562,542.7739868164062,408.6437072753906,62.18692398071289,420.7889709472656,298.03692626953125,115.34100341796875,364.4629211425781,43.880001068115234,87.5672607421875,241.18408203125,114.67546081542969,145.0110321044922
2026-07-17,254.49000549316406,100.68000030517578,143.57000732421875,170.05999755859375,168.61000061035156,355.3500061035156,214.02999877929688,60.958984375,1066.7257080078125,41.391292572021484,490.9100036621094,128.70562744140625,878.6500244140625,92.45000457763672,113.9499740600586,170.4700927734375,106.80875396728516,185.75885009765625,70.32949829101562,597.239990234375,203.8300018310547,97.66999816894531,123.92047119140625,399.0082702636719,14.077535629272461,58.380001068115234,348.8299865722656,75.91300964355469,1060.0283203125,336.39105224609375,211.1552734375,251.7981414794922,341.1000061035156,81.07620239257812,511.535400390625,1177.4227294921875,505.6424865722656,207.44793701171875,543.5999755859375,265.820556640625,159.14332580566406,73.04341125488281,126.75181579589844,214.32022094726562,88.13722229003906,89.51365661621094,43.300662994384766,103.23999786376953,49.68510818481445,65.14751434326172,126.41000366210938,24.61931037902832,148.86868286132812,148.610107421875,192.97999572753906,192.86929321289062,86.56138610839844,330.55596923828125,46.74744415283203,94.51952362060547,449.83001708984375,21.809999465942383,138.5366668701172,153.97418212890625,532.0721435546875,397.30413818359375,61.869590759277344,423.48236083984375,300.35614013671875,115.87252807617188,357.8951110839844,43.59000015258789,87.01045989990234,238.25701904296875,113.96715545654297,146.41195678710938
2026-07-20,253.3800048828125,101.66000366210938,144.72999572753906,167.05999755859375,169.35000610351562,351.92999267578125,209.47999572753906,60.11329650878906,1048.7281494140625,41.490074157714844,491.25,128.06886291503906,864.2999877929688,91.93000030517578,114.91354370117188,173.4847869873047,106.94789123535156,188.06869506835938,69.65629577636719,586.0,201.11000061035156,96.41000366210938,124.75314331054688,400.4248046875,13.840106964111328,58.790000915527344,341.29998779296875,75.64356994628906,1049.8880615234375,330.60369873046875,211.48292541503906,247.59886169433594,338.8699951171875,81.63288879394531,510.3692626953125,1145.2589111328125,506.40777587890625,203.45263671875,547.4400024414062,265.7510986328125,158.41651916503906,73.48633575439453,123.67000579833984,209.78518676757812,87.34319305419922,89.01470184326172,43.013710021972656,104.69999694824219,48.984066009521484,64.62205505371094,121.37999725341797,24.32447052001953,148.02499389648438,146.31829833984375,192.72000122070312,193.7962188720703,85.45111083984375,322.853759765625,46.15053939819336,93.6864013671875,447.3455810546875,21.950000762939453,138.5267333984375,155.2102813720703,525.826904296875,401.2236328125,61.482845306396484,418.97015380859375,294.8815612792969,111.37425231933594,359.9013977050781,43.5,85.83719635009766,237.9981689453125,111.9320297241211,147.40553283691406
2026-07-21,256.1000061035156,99.66999816894531,140.86000061035156,163.38999938964844,174.5800018310547,350.7900085449219,204.8000030517578,60.909236907958984,1032.9390869140625,42.240848541259766,489.6499938964844,132.1680145263672,889.969970703125,90.5,116.72148895263672,169.76133728027344,109.91949462890625,189.41693115234375,69.15139770507812,586.8800048828125,179.00999450683594,96.13999938964844,124.81262969970703,401.9610290527344,14.117107391357422,62.560001373291016,340.70001220703125,79.35588836669922,1080.269287109375,329.1742248535156,209.000732421875,249.3800811767578,345.2300109863281,81.48377990722656,503.372314453125,1173.7281494140625,503.9728088378906,202.25999450683594,538.2999877929688,262.0473937988281,170.01573181152344,71.84258270263672,125.51908874511719,215.2152862548828,87.27371215820312,92.29786682128906,42.509063720703125,102.05999755859375,48.7569694519043,64.43367767333984,127.05000305175781,24.51120376586914,147.00262451171875,148.75894165039062,188.0399932861328,193.0287628173828,86.44242858886719,317.7256164550781,46.34950637817383,93.0813980102539,430.29388427734375,22.260000228881836,137.42518615722656,154.5623321533203,523.05908203125,423.47393798828125,60.28293991088867,433.6795959472656,291.7759704589844,114.5141830444336,355.16021728515625,43.779998779296875,87.23914337158203,232.1539764404297,110.12635803222656,150.73397827148438
2026-07-22,253.3000030517578,100.56999969482422,140.08999633789062,166.05999755859375,174.8699951171875,348.739990234375,208.64999389648438,61.30720520019531,1051.2352294921875,42.79404830932617,489.3900146484375,131.5810089111328,889.3099975585938,91.62999725341797,118.00293731689453,162.7137451171875,107.41500091552734,191.31039428710938,70.37899017333984,607.3300170898438,179.13999938964844,95.87000274658203,126.8348388671875,405.91131591796875,14.26550006866455,65.0,341.19000244140625,81.96050262451172,1092.84765625,329.02532958984375,204.30442810058594,254.3754425048828,348.2099914550781,81.71240997314453,507.0003662109375,1161.3458251953125,511.1981201171875,204.35000610351562,531.97998046875,261.7098083496094,170.01573181152344,71.03547668457031,126.72199249267578,217.3037872314453,88.74266815185547,95.55109405517578,41.76693344116211,95.45999908447266,47.58198165893555,64.47333526611328,125.83999633789062,24.393266677856445,148.02499389648438,143.56021118164062,194.3000030517578,194.23475646972656,87.00747680664062,319.1722717285156,47.42393112182617,95.01543426513672,428.0987854003906,23.040000915527344,136.8694610595703,154.92120361328125,526.0568237304688,420.0830383300781,61.314266204833984,428.67041015625,291.2085876464844,114.02202606201172,352.7646789550781,44.290000915527344,85.92668151855469,235.3399200439453,109.06888580322266,153.4563446044922
2026-07-23,256.9200134277344,100.75,138.74000549316406,164.64999389648438,176.61000061035156,340.8399963378906,209.22999572753906,60.968929290771484,1031.86474609375,43.396644592285156,490.8500061035156,131.212890625,894.5399780273438,90.08000183105469,119.40359497070312,156.65438842773438,106.88999938964844,192.73794555664062,70.74529266357422,610.02001953125,192.5,92.83000183105469,128.1334228515625,414.11114501953125,13.998392105102539,63.5,349.0,80.5035171508789,1069.4820556640625,322.3346252441406,205.1781463623047,257.99755859375,349.8999938964844,80.68852233886719,504.6580810546875,1184.173095703125,565.0947875976562,201.9199981689453,530.2899780273438,260.9452209472656,168.850830078125,70.94689178466797,129.71432495117188,214.00196838378906,89.11982727050781,94.52323913574219,40.55974197387695,91.94000244140625,47.57210922241211,64.1659927368164,120.04000091552734,24.579999923706055,145.88099670410156,143.97689819335938,191.1199951171875,208.4674835205078,87.1859130859375,309.8238830566406,46.97625732421875,95.80887603759766,419.0591125488281,22.959999084472656,133.45565795898438,152.99725341796875,571.8816528320312,414.46807861328125,59.7077751159668,420.9678649902344,302.9242248535156,112.30934143066406,350.9480285644531,43.81999969482422,85.697998046875,236.2259979248047,108.14111328125,155.88064575195312
2026-07-24,259.3599853515625,103.05999755859375,146.99000549316406,166.6699981689453,173.99000549316406,326.1700134277344,209.52000427246094,61.735023498535156,1050.2801513671875,43.28797912597656,494.92999267578125,131.5213165283203,888.72998046875,90.75,119.46320343017578,163.37258911132812,107.73999786376953,193.104736328125,70.3888931274414,628.1599731445312,191.5,94.8499984741211,129.3824462890625,403.0782775878906,14.216035842895508,62.599998474121094,353.7300109863281,82.46945190429688,1056.057861328125,330.5441589355469,212.66445922851562,262.1072998046875,353.2099914550781,81.76211547851562,510.5985412597656,1194.318603515625,579.0186157226562,207.63999938964844,539.6599731445312,262.89141845703125,171.8676300048828,71.84258270263672,130.30087280273438,213.30580139160156,89.10990142822266,92.99641418457031,41.262290954589844,98.77999877929688,48.1546630859375,65.03845977783203,114.98999786376953,24.540000915527344,147.41000366210938,146.46713256835938,193.0,212.08544921875,87.61217498779297,316.77783203125,52.1494140625,96.45355224609375,425.44476318359375,24.1299991607666,135.73814392089844,153.7349395751953,567.8247680664062,402.3306579589844,60.43168640136719,418.16510009765625,305.9004211425781,112.98851013183594,355.0803527832031,46.380001068115234,85.81730651855469,237.69947814941406,109.20855712890625,155.93032836914062
2026-07-27,256.9100036621094,104.48999786376953,154.05999755859375,166.74000549316406,170.75999450683594,335.3900146484375,211.5,61.81461715698242,1056.7171630859375,41.79631423950195,497.17999267578125,132.4267120361328,873.280029296875,91.9800033569336,114.814208984375,173.29513549804688,107.06999969482422,188.35618591308594,69.56719207763672,625.02001953125,196.5,96.6500015258789,127.7071762084961,397.66162109375,14.522714614868164,62.720001220703125,361.6099853515625,86.8603744506836,1043.1212158203125,333.6313781738281,214.73956298828125,264.6448059082031,356.20001220703125,83.57131958007812,505.35577392578125,1195.81640625,576.4346313476562,211.5500030517578,551.7100219726562,268.75970458984375,177.4531707763672,71.74415588378906,129.99267578125,213.38536071777344,88.16699981689453,93.27583312988281,41.697669982910156,105.55999755859375,49.043304443359375,64.9393081665039,119.9000015258789,24.670000076293945,148.6300048828125,146.10003662109375,195.66000366210938,217.69680786132812,85.61964416503906,326.5152893066406,51.264007568359375,95.68986511230469,438.84466552734375,24.420000076293945,139.27101135253906,155.88815307617188,559.1015014648438,398.022216796875,60.85810089111328,415.0841064453125,297.9174499511719,111.17738342285156,361.8577575683594,47.31999969482422,86.7718276977539,236.85321044921875,111.47312927246094,153.7742919921875
2026-07-28,263.20001220703125,107.2699966430664,164.66000366210938,171.5,169.7100067138672,336.6300048828125,221.55999755859375,62.302127838134766,1091.9464111328125,41.16408157348633,512.3699951171875,131.79989624023438,840.8499755859375,92.7300033569336,113.34400939941406,181.18124389648438,109.33999633789062,185.95712280273438,69.9136962890625,639.8400268554688,199.0500030517578,98.88999938964844,128.1136016845703,385.3119812011719,14.799714088439941,61.63999938964844,363.5899963378906,90.1136474609375,1028.3037109375,341.9500732421875,225.92930603027344,265.42095947265625,357.30999755859375,87.74639892578125,509.5021057128906,1218.913330078125,577.736572265625,218.24000549316406,562.75,271.09307861328125,181.6846466064453,73.6438217163086,131.0464630126953,210.4216766357422,88.61363220214844,91.32987976074219,42.59811782836914,110.62000274658203,50.31703186035156,65.16735076904297,119.95999908447266,25.25,148.8800048828125,145.9611358642578,200.1699981689453,217.85629272460938,85.45111083984375,353.4530334472656,49.722007751464844,95.9874038696289,423.4093017578125,24.65999984741211,143.10162353515625,160.2942352294922,575.968505859375,391.2603454589844,66.31222534179688,426.1658630371094,293.0898742675781,103.87383270263672,365.91021728515625,48.189998626708984,86.37411499023438,238.35658264160156,112.82987976074219,152.055419921875
2026-07-29,263.29998779296875,108.0,173.1699981689453,179.25999450683594,157.97000122070312,331.5,214.00999450683594,60.7599983215332,1073.6800537109375,42.79404830932617,509.1600036621094,126.48690795898438,782.7100219726562,93.48999786376953,117.27777099609375,188.04917907714844,105.91999816894531,190.20008850097656,69.84439849853516,610.9500122070312,196.49000549316406,98.4800033569336,127.95499420166016,360.9918212890625,15.11628532409668,59.9900016784668,350.6300048828125,89.21549987792969,975.9700927734375,335.7954406738281,224.82720947265625,264.2268371582031,344.7099914550781,88.55160522460938,509.4921569824219,1208.28857421875,565.7010498046875,215.67999267578125,563.3200073242188,269.6036682128906,177.1743927001953,73.74224853515625,129.59503173828125,202.0179443359375,87.79975891113281,91.15025329589844,42.766334533691406,115.76000213623047,50.9292106628418,64.97896575927734,117.73999786376953,25.149999618530273,146.10000610351562,144.3241424560547,198.44000244140625,214.5373077392578,87.57252502441406,343.0870056152344,48.707271575927734,95.26338195800781,418.6999206542969,23.940000534057617,144.78866577148438,161.1216278076172,576.0184936523438,373.6675720214844,65.44947814941406,417.99615478515625,290.8403015136719,102.91905212402344,368.0462646484375,47.220001220703125,83.39124298095703,235.55894470214844,113.94721221923828,155.74154663085938
2026-07-30,257.4100036621094,105.61000061035156,163.2899932861328,174.4600067138672,171.02000427246094,337.5199890136719,220.89999389648438,61.416648864746094,1092.7620849609375,43.68312454223633,509.67999267578125,131.65066528320312,809.1400146484375,91.5999984741211,118.24134826660156,180.39263916015625,105.22000122070312,190.6461944580078,69.03260040283203,599.469970703125,196.1699981689453,96.16000366210938,125.16947937011719,385.9404602050781,14.700785636901855,63.439998626708984,355.0400085449219,88.21756744384766,1019.8650512695312,330.91143798828125,220.1606903076172,254.56451416015625,350.8500061035156,87.96509552001953,506.970458984375,1153.3172607421875,570.580810546875,210.0800018310547,577.3499755859375,266.5454406738281,175.30259704589844,66.87197875976562,129.0283660888672,208.91000366210938,87.27371215820312,95.56107330322266,41.84609603881836,110.06999969482422,50.958831787109375,63.878475189208984,127.55999755859375,24.90999984741211,143.9600067138672,145.03846740722656,192.0,213.67019653320312,89.72367858886719,344.0447692871094,48.65753173828125,93.5673828125,414.0703125,23.209999084472656,143.4092559814453,158.7590789794922,576.3282470703125,402.2309265136719,64.72557067871094,418.8906555175781,288.1228942871094,103.61791229248047,365.5908203125,46.11000061035156,84.94232940673828,225.33413696289062,110.83465576171875,155.96014404296875
2026-07-31,250.94000244140625,105.69999694824219,165.9199981689453,173.36000061035156,180.35000610351562,336.25,216.13999938964844,61.63553237915039,1084.8228759765625,44.670982360839844,511.5400085449219,131.77999877929688,814.8099975585938,91.30000305175781,119.68174743652344,183.6968231201172,104.43000030517578,195.12709045410156,68.47819519042969,592.6699829101562,194.97999572753906,96.19000244140625,124.33680725097656,414.18096923828125,14.522714614868164,62.630001068115234,360.07000732421875,88.6766128540039,1013.4166870117188,329.5315856933594,222.05706787109375,255.09190368652344,351.7900085449219,87.0704345703125,476.8097839355469,1147.196044921875,579.1577758789062,207.80999755859375,573.0999755859375,268.72991943359375,175.5116729736328,67.25584411621094,129.4359588623047,210.4199981689453,86.27124786376953,93.51533508300781,41.27218246459961,111.2300033569336,46.48598861694336,63.590736389160156,129.8699951171875,25.010000228881836,144.49000549316406,143.47091674804688,190.82000732421875,214.50741577148438,91.180908203125,340.0639953613281,49.334022521972656,93.7657470703125,411.0071716308594,23.25,143.38941955566406,156.84512329101562,573.860107421875,403.1684265136719,62.88108444213867,411.8638916015625,290.78057861328125,102.58439636230469,365.4510803222656,46.810001373291016,85.95650482177734,225.55316162109375,110.93441772460938,154.4399871826172
2026-08-03,245.10000610351562,107.12000274658203,165.75999450683594,173.0,184.88999938964844,344.7200012207031,233.49000549316406,62.162841796875,1120.8778076171875,43.72263717651367,513.1400146484375,133.57000732421875,830.030029296875,89.87999725341797,118.37049102783203,185.62342834472656,105.37000274658203,191.5086669921875,68.0624008178711,605.0599975585938,197.5,98.13999938964844,123.19683074951172,437.1544494628906,14.27539348602295,63.63999938964844,368.92999267578125,87.49905395507812,1022.054443359375,337.5326232910156,224.69813537597656,253.1614227294922,352.6400146484375,86.34477233886719,478.8829345703125,1119.75537109375,582.6859130859375,212.05999755859375,570.969970703125,263.35809326171875,176.45753479003906,67.18694305419922,127.02022552490234,211.22999572753906,85.90401458740234,95.17189025878906,42.192420959472656,114.19000244140625,46.4958610534668,63.20244216918945,141.85000610351562,25.030000686645508,144.97000122070312,143.01454162597656,187.41000366210938,215.9326629638672,90.2887191772461,353.4031677246094,49.05546951293945,92.1788558959961,415.3175048828125,23.59000015258789,148.21240234375,157.00462341308594,573.5903930664062,405.0234375,63.26782989501953,412.8180236816406,289.8847351074219,105.19281005859375,364.991943359375,47.36000061035156,87.38829040527344,225.43368530273438,110.44558715820312,154.0624237060547
2026-08-04,243.8000030517578,105.45999908447266,170.42999267578125,175.25,190.50999450683594,346.7099914550781,237.16000366210938,62.580711364746094,1125.3548583984375,41.92473220825195,517.219970703125,136.8699951171875,876.5399780273438,92.52999877929688,117.1585693359375,190.6545867919922,104.41999816894531,188.75271606445312,68.52770233154297,617.3699951171875,194.77999877929688,98.18000030517578,123.1869125366211,443.6783752441406,14.087428092956543,67.30000305175781,377.2799987792969,88.12774658203125,1047.8480224609375,345.6925048828125,233.47515869140625,253.67886352539062,357.5199890136719,86.04654693603516,483.04925537109375,1114.0836181640625,585.707275390625,218.0800018310547,571.0999755859375,266.4461364746094,180.65914916992188,66.99993133544922,127.2488784790039,217.0399932861328,86.54915618896484,97.52698516845703,41.09407043457031,118.13999938964844,43.7213134765625,62.62498092651367,145.74000549316406,25.40999984741211,148.00999450683594,137.9547119140625,186.91000366210938,217.20843505859375,89.05949401855469,360.7362060546875,50.547725677490234,92.48631286621094,411.6058349609375,23.3799991607666,146.98184204101562,157.05445861816406,564.3174438476562,416.0538635253906,63.54549789428711,405.0558166503906,294.9810791015625,107.39765167236328,368.9046630859375,46.880001068115234,87.88543701171875,224.25888061523438,111.28358459472656,152.96951293945312
2026-08-05,246.1999969482422,105.70999908447266,170.72999572753906,168.07000732421875,197.30999755859375,348.989990234375,240.19000244140625,62.928932189941406,1127.7923583984375,40.70966720581055,518.8499755859375,137.63999938964844,871.0800170898438,93.27999877929688,114.27778625488281,192.64108276367188,99.12000274658203,184.7972412109375,67.58719635009766,612.0,199.66000366210938,101.76000213623047,122.2650146484375,446.1822204589844,13.978607177734375,69.38999938964844,381.2200012207031,88.97599792480469,1055.2119140625,350.5566711425781,234.23968505859375,256.3258056640625,359.239990234375,86.31494903564453,489.43817138671875,1168.18603515625,574.0493774414062,219.94000244140625,570.47998046875,272.0661926269531,181.28640747070312,67.36412048339844,127.57694244384766,218.27000427246094,85.26879119873047,104.07335662841797,42.004417419433594,117.22000122070312,43.96815872192383,62.42585372924805,144.38999938964844,25.809999465942383,146.8000030517578,139.6512451171875,188.92999267578125,221.5739288330078,86.99756622314453,368.8274841308594,49.65237045288086,92.33753967285156,409.1114196777344,23.059999465942383,146.574951171875,159.41700744628906,577.387451171875,412.892333984375,63.892578125,410.2239990234375,294.1748352050781,106.00977325439453,367.85662841796875,46.470001220703125,88.66098022460938,223.32301330566406,112.07169342041016,150.6544952392578
2026-08-06,243.8699951171875,107.95999908447266,171.11000061035156,171.1999969482422,192.32000732421875,342.6000061035156,232.19000244140625,62.68020248413086,1123.5343017578125,41.717281341552734,524.6099853515625,133.82000732421875,856.9600219726562,93.0,115.98638916015625,186.44200134277344,96.22000122070312,187.59283447265625,66.13190460205078,614.8400268554688,199.97999572753906,104.68000030517578,122.82014465332031,447.0899963378906,13.642250061035156,68.18000030517578,374.54998779296875,86.76058197021484,1027.54736328125,346.963134765625,231.7674102783203,255.7188262939453,356.29998779296875,86.33482360839844,488.5012512207031,1190.234375,579.26708984375,218.39999389648438,575.9500122070312,274.31024169921875,179.92237854003906,66.6849594116211,127.61669921875,213.75,83.96856689453125,105.21098327636719,41.559139251708984,117.3499984741211,45.389991760253906,62.08734130859375,143.47000122070312,26.200000762939453,146.97000122070312,138.04400634765625,188.0500030517578,222.5108184814453,88.82157897949219,362.5819396972656,51.273956298828125,92.1391830444336,404.3321533203125,23.709999084472656,145.95968627929688,161.55027770996094,579.5757446289062,417.08111572265625,63.128997802734375,401.49774169921875,294.01556396484375,101.58039855957031,369.7830505371094,46.9900016784668,87.08999633789062,228.00233459472656,111.8023452758789,153.84384155273438
2026-08-07,246.0399932861328,107.80999755859375,175.72000122070312,172.5399932861328,188.6699981689453,340.9100036621094,234.4199981689453,62.849334716796875,1130.5880126953125,41.124568939208984,521.7999877929688,135.0,842.1900024414062,93.2699966430664,116.83075714111328,192.40151977539062,95.69999694824219,184.94593811035156,66.71600341796875,620.8300170898438,204.75999450683594,104.91000366210938,123.76185607910156,448.67999267578125,13.83021354675293,69.62000274658203,370.0799865722656,87.39926147460938,1034.543212890625,353.0185241699219,235.58999633789062,257.96771240234375,357.5199890136719,86.53364562988281,488.3717041015625,1184.0133056640625,584.3357543945312,223.35000610351562,562.9500122070312,272.5428161621094,182.10281372070312,67.27552795410156,127.82547760009766,216.3300018310547,84.01819610595703,112.74530792236328,41.262290954589844,124.87999725341797,46.66371536254883,62.2366828918457,147.02000427246094,26.760000228881836,145.7899932861328,139.05596923828125,189.57000732421875,222.2915496826172,87.73113250732422,368.8774108886719,50.269168853759766,91.93090057373047,407.27557373046875,23.790000915527344,148.55972290039062,160.85247802734375,593.5450439453125,418.9161682128906,62.959999084472656,404.58868408203125,291.7759704589844,102.86000061035156,361.82781982421875,47.060001373291016,87.25,226.6781768798828,111.58287048339844,152.055419921875
2026-08-10,247.97000122070312,108.62000274658203,178.25,169.11000061035156,191.52000427246094,338.8599853515625,232.7899932861328,63.53583526611328,1125.62353515625,42.35939407348633,529.4199829101562,135.22000122070312,837.5800170898438,93.1500015258789,122.21484375,197.1631317138672,95.66999816894531,193.2237091064453,66.47840118408203,609.280029296875,209.3699951171875,103.18000030517578,120.1337661743164,444.9599914550781,13.850000381469727,70.51000213623047,366.70001220703125,87.77847290039062,1029.468017578125,348.21392822265625,236.30999755859375,260.5251159667969,359.7900085449219,86.3547134399414,490.84356689453125,1230.1771240234375,599.4522094726562,218.8800048828125,563.1699829101562,271.78814697265625,181.24656677246094,64.50970458984375,130.15174865722656,215.3300018310547,84.06781768798828,117.01641082763672,41.66798400878906,127.44000244140625,47.127784729003906,61.61939239501953,151.0500030517578,27.049999237060547,146.44000244140625,137.6669921875,186.0,223.37794494628906,89.16853332519531,361.8735656738281,52.92538833618164,90.59194946289062,410.0194091796875,24.049999237060547,150.862060546875,158.3204803466797,599.230712890625,417.3503723144531,62.86000061035156,406.238525390625,290.89007568359375,103.07654571533203,360.6500244140625,47.029998779296875,87.5199966430664,225.6029510498047,112.39093780517578,158.76199340820312
2026-08-11,250.08999633789062,109.72000122070312,179.82000732421875,169.5500030517578,197.85000610351562,340.80999755859375,233.24000549316406,63.67512512207031,1142.9744873046875,42.63599395751953,516.3800048828125,135.77000427246094,843.3699951171875,92.30999755859375,125.085693359375,197.12319946289062,93.5,194.9585723876953,67.41889953613281,617.9500122070312,207.44000244140625,103.52999877929688,122.1163330078125,459.2900085449219,13.979999542236328,68.87000274658203,368.05999755859375,89.16560363769531,1029.3685302734375,351.8868713378906,238.4199981689453,258.52496337890625,362.0400085449219,85.96702575683594,488.9198913574219,1213.2813720703125,594.0953979492188,221.25,561.4400024414062,272.2151184082031,182.3318328857422,64.00772094726562,129.65467834472656,215.07000732421875,85.10005187988281,116.96651458740234,40.88627624511719,127.54000091552734,46.57484817504883,61.61939239501953,145.47999572753906,26.6200008392334,145.2100067138672,138.4011688232422,186.22000122070312,223.11880493164062,89.71376037597656,363.57965087890625,53.40291213989258,91.16720581054688,407.7744445800781,24.5,151.12998962402344,155.25015258789062,604.53662109375,420.9307556152344,62.369998931884766,399.7286376953125,291.51715087890625,102.79109954833984,362.82000732421875,47.27000045776367,87.44999694824219,225.8518524169922,112.989501953125,158.7719268798828
2026-08-12,248.75999450683594,110.91000366210938,180.13999938964844,170.42999267578125,210.5,344.0799865722656,231.1999969482422,64.48101043701172,1154.98291015625,42.40878677368164,510.0,137.5800018310547,855.5999755859375,92.31999969482422,126.45655822753906,192.98049926757812,94.72000122070312,194.8990936279297,67.3594970703125,619.77001953125,205.7899932861328,103.22000122070312,122.41371154785156,459.9599914550781,13.829999923706055,69.22000122070312,365.3299865722656,86.58094787597656,1032.1549072265625,340.9176940917969,235.97999572753906,259.5797424316406,365.17999267578125,86.1956558227539,477.8563232421875,1218.533935546875,602.9903564453125,215.97000122070312,559.72998046875,273.75421142578125,182.97898864746094,63.36793518066406,132.13999938964844,217.63999938964844,85.13975524902344,117.59519958496094,40.08477783203125,124.94000244140625,45.804691314697266,62.31633377075195,153.27999877929688,26.309999465942383,144.0800018310547,139.62147521972656,186.19000244140625,222.02244567871094,89.2874984741211,359.369384765625,52.33843231201172,91.76229095458984,409.1812744140625,24.25,154.0,152.1300048828125,602.5481567382812,428.0018005371094,61.720001220703125,403.1078186035156,292.3731994628906,102.27925872802734,359.4200134277344,46.97999954223633,88.93000030517578,225.32418823242188,115.7329330444336,158.7222442626953
2026-08-13,250.82000732421875,111.2699966430664,178.49000549316406,174.19000244140625,203.6199951171875,343.6499938964844,230.3300018310547,63.76466369628906,1176.80078125,42.310001373291016,506.92999267578125,138.72999572753906,854.5999755859375,92.93000030517578,123.6949691772461,201.016357421875,94.98999786376953,195.98956298828125,67.85449981689453,612.3800048828125,203.88999938964844,104.80000305175781,123.40499877929688,453.3299865722656,13.890000343322754,66.83000183105469,360.6400146484375,86.21171569824219,1037.5484619140625,339.2003479003906,237.13999938964844,260.79376220703125,363.1099853515625,86.90144348144531,476.63037109375,1207.27001953125,594.3339233398438,218.22000122070312,567.0399780273438,270.3285217285156,181.85391235351562,64.05693817138672,134.75457763671875,218.3800048828125,85.3680419921875,113.95278930664062,40.79722213745117,127.25,46.130531311035156,62.67475891113281,156.22000122070312,26.799999237060547,144.25999450683594,140.0977020263672,188.91000366210938,219.74998474121094,89.1387939453125,360.71624755859375,51.79127502441406,92.03008270263672,421.72314453125,24.579999923706055,155.50999450683594,153.80999755859375,595.43359375,429.33819580078125,62.68000030517578,396.6177978515625,296.4144592285156,103.88368225097656,365.45001220703125,48.220001220703125,88.11000061035156,223.2234649658203,115.4436264038086,157.58958435058594
2026-08-14,249.4600067138672,111.25,176.88999938964844,175.5800018310547,198.82000732421875,342.4800109863281,231.6699981689453,64.16263580322266,1167.7374267578125,42.529998779296875,504.0299987792969,139.3300018310547,856.5700073242188,91.94999694824219,125.93999481201172,195.86541748046875,97.16000366210938,198.26966857910156,68.08219146728516,608.8499755859375,202.4499969482422,106.8499984741211,123.91999816894531,451.510009765625,14.369999885559082,66.48999786376953,368.3800048828125,86.59092712402344,1034.3541259765625,336.381103515625,234.32000732421875,259.072265625,362.8399963378906,87.18972778320312,481.15545654296875,1180.1600341796875,604.9382934570312,218.47000122070312,569.2899780273438,270.9044189453125,181.85391235351562,64.66718292236328,135.04286193847656,217.36000061035156,85.54669952392578,117.51537322998047,40.30247116088867,124.0,45.31100082397461,62.46567916870117,150.52000427246094,26.790000915527344,144.5500030517578,139.9191131591797,190.38999938964844,222.97000122070312,90.47000122070312,358.27191162109375,53.49244689941406,92.04000091552734,417.8617858886719,24.889999389648438,154.47999572753906,152.11000061035156,587.8394165039062,425.20928955078125,62.09000015258789,399.2714538574219,292.32342529296875,102.86000061035156,364.1499938964844,48.47999954223633,88.81999969482422,223.5619659423828,114.99469757080078,159.07000732421875
2026-08-17,250.3300018310547,110.37000274658203,169.97999572753906,172.22999572753906,201.8000030517578,336.2099914550781,225.9499969482422,63.56568145751953,1141.2532958984375,42.849998474121094,498.2300109863281,138.50999450683594,881.6500244140625,90.20999908447266,127.55999755859375,190.63462829589844,94.01000213623047,200.94630432128906,68.08219146728516,599.9199829101562,202.6300048828125,103.5,123.58000183105469,455.3999938964844,14.050000190734863,68.37999725341797,369.42999267578125,84.19588470458984,1046.186279296875,335.4082946777344,228.85000610351562,261.0823669433594,360.9599914550781,86.46405792236328,472.7730712890625,1183.1600341796875,590.0901489257812,215.80999755859375,562.260009765625,263.6559753417969,179.424560546875,62.95454025268555,135.17210388183594,218.2100067138672,85.57647705078125,120.08003234863281,38.679683685302734,117.69999694824219,44.880001068115234,62.127166748046875,146.64999389648438,26.8700008392334,143.1199951171875,139.51234436035156,184.52000427246094,221.63999938964844,91.62000274658203,349.1629638671875,53.58198165893555,92.29000091552734,409.6103210449219,24.68000030517578,151.00999450683594,150.85000610351562,585.0615844726562,429.8169250488281,61.22999954223633,393.1988525390625,298.5146789550781,102.0199966430664,358.8399963378906,48.060001373291016,87.54000091552734,223.0343017578125,114.05694580078125,161.4600067138672
2026-08-18,258.9200134277344,112.68000030517578,172.92999267578125,172.3300018310547,193.17999267578125,338.5199890136719,223.05999755859375,63.903961181640625,1148.456298828125,43.40999984741211,502.9599914550781,137.64999389648438,840.8699951171875,91.45999908447266,129.72000122070312,195.79554748535156,94.91000366210938,203.9600067138672,67.92379760742188,588.719970703125,199.5800018310547,103.94999694824219,123.98999786376953,431.3299865722656,13.930000305175781,66.31999969482422,375.0899963378906,83.53723907470703,1035.39892578125,335.0211486816406,232.6699981689453,269.7794494628906,363.25,88.29314422607422,477.1387023925781,1225.72998046875,603.4375610351562,215.63999938964844,574.3099975585938,265.10565185546875,180.1513671875,64.16520690917969,134.37680053710938,217.5500030517578,85.57647705078125,115.73907470703125,39.639503479003906,119.48999786376953,45.709999084472656,61.93799591064453,142.7899932861328,27.25,143.4499969482422,138.91708374023438,187.6199951171875,225.49000549316406,92.01000213623047,344.4737854003906,52.93533706665039,92.06999969482422,417.1034851074219,24.899999618530273,152.47999572753906,150.85000610351562,588.5888061523438,412.3039245605469,62.029998779296875,391.5191650390625,297.36004638671875,101.93000030517578,364.25,48.540000915527344,87.4000015258789,222.5962371826172,114.92486572265625,165.55999755859375
2026-08-19,265.9700012207031,114.43000030517578,183.1699981689453,174.49000549316406,186.4499969482422,339.8999938964844,222.1999969482422,62.849334716796875,1153.0030517578125,43.72999954223633,499.6199951171875,132.88999938964844,816.1500244140625,90.87000274658203,130.5800018310547,205.72805786132812,93.6500015258789,205.75999450683594,67.60700225830078,580.6300048828125,211.5,106.93000030517578,123.5999984741211,424.6700134277344,14.5,69.08999633789062,356.2300109863281,84.78466033935547,1016.6707763671875,341.78131103515625,237.16000366210938,272.06817626953125,357.260009765625,89.8140640258789,479.5507507324219,1280.3399658203125,585.5283813476562,220.0,573.719970703125,265.5624084472656,179.87258911132812,64.99199676513672,151.30686950683594,214.22999572753906,85.26879119873047,124.8201675415039,40.619110107421875,127.19999694824219,46.47999954223633,62.67475891113281,143.80999755859375,28.239999771118164,144.3800048828125,140.18699645996094,189.92999267578125,220.35000610351562,92.7699966430664,352.77459716796875,53.27357864379883,92.19000244140625,425.7041931152344,25.1200008392334,159.0,144.5,613.070068359375,410.9874267578125,63.18000030517578,386.2317199707031,300.4059143066406,102.86000061035156,365.5400085449219,49.36000061035156,85.94000244140625,224.08963012695312,114.02702331542969,164.77000427246094
2026-08-20,261.8299865722656,114.13999938964844,181.35000610351562,175.72000122070312,183.75,331.1499938964844,215.10000610351562,61.545989990234375,1134.00048828125,45.13999938964844,496.8599853515625,129.6699981689453,815.3900146484375,89.69999694824219,134.88999938964844,205.0692138671875,93.6500015258789,205.77000427246094,66.79520416259766,620.9400024414062,215.91000366210938,107.31999969482422,122.69000244140625,415.2900085449219,13.989999771118164,71.22000122070312,344.6400146484375,85.97220611572266,997.0667724609375,332.0430908203125,233.69000244140625,266.0578308105469,351.54998779296875,89.96318054199219,479.7102355957031,1244.4000244140625,567.9669799804688,217.33999633789062,573.8499755859375,267.2305603027344,177.31378173828125,65.8876953125,148.11570739746094,207.4499969482422,84.39535522460938,127.37484741210938,39.78792953491211,129.75,46.13999938964844,62.893795013427734,142.07000732421875,27.790000915527344,142.97000122070312,139.57186889648438,191.52000427246094,212.2899932861328,93.6500015258789,346.1100158691406,53.27357864379883,91.43000030517578,431.1918640136719,25.149999618530273,158.25,140.69000244140625,627.0693359375,414.886962890625,63.400001525878906,382.4947509765625,302.5658874511719,102.58000183105469,365.7300109863281,49.189998626708984,83.69999694824219,223.93032836914062,103.59199523925781,166.14999389648438
2026-08-21,264.9599914550781,116.63999938964844,185.27999877929688,175.8000030517578,188.64999389648438,336.0,214.1999969482422,61.37685012817383,1150.6451416015625,44.7599983215332,495.82000732421875,131.64999389648438,827.9000244140625,91.08000183105469,134.8699951171875,208.8026580810547,93.0199966430664,205.27000427246094,65.93389892578125,647.469970703125,218.85000610351562,107.77999877929688,119.8499984741211,419.20001220703125,14.40999984741211,76.66000366210938,348.3699951171875,87.74853515625,1034.21484375,333.1548767089844,235.67999267578125,268.9137268066406,351.5799865722656,90.55961608886719,485.9696350097656,1255.4000244140625,560.1056518554688,216.08999633789062,580.6300048828125,269.0377197265625,178.1800079345703,65.05105590820312,151.65481567382812,214.1999969482422,83.0256576538086,131.30667114257812,40.3321533203125,128.47999572753906,46.7400016784668,62.326290130615234,146.47000122070312,28.06999969482422,144.67999267578125,140.6830596923828,188.22999572753906,209.91000366210938,93.33000183105469,346.5899963378906,53.59192657470703,88.94000244140625,430.3238220214844,25.290000915527344,165.44000244140625,140.52999877929688,628.7880249023438,417.8291015625,64.13999938964844,387.7225341796875,306.6270446777344,102.01000213623047,371.0400085449219,49.45000076293945,83.83999633789062,223.07411193847656,103.69999694824219,165.11000061035156
2026-08-24,264.5199890136719,116.66999816894531,186.52999877929688,178.38999938964844,188.14999389648438,337.3299865722656,210.4600067138672,62.01360321044922,1166.623046875,43.7400016784668,504.32000732421875,131.72000122070312,811.02001953125,92.55000305175781,133.35000610351562,208.69285583496094,94.11000061035156,203.08999633789062,65.94380187988281,648.6400146484375,215.11000061035156,110.61000061035156,121.97000122070312,408.6700134277344,13.930000305175781,77.80000305175781,341.8399963378906,86.80049896240234,1031.2294921875,334.9615783691406,231.0399932861328,271.70001220703125,356.3900146484375,91.4443359375,488.4215393066406,1246.9300537109375,560.672119140625,216.97999572753906,599.8599853515625,270.6164855957031,179.00999450683594,67.39364624023438,149.77590942382812,214.0800018310547,83.47229766845703,131.5661163330078,40.322261810302734,128.0500030517578,46.91999816894531,62.893795013427734,142.4499969482422,27.969999313354492,146.60000610351562,142.2307586669922,191.4600067138672,209.22000122070312,93.0,346.7300109863281,53.72126007080078,90.0999984741211,434.444580078125,25.690000534057617,169.88999938964844,140.7100067138672,628.2584228515625,409.022705078125,65.31999969482422,396.31964111328125,308.4286804199219,102.72000122070312,382.4100036621094,50.150001525878906,84.72000122070312,225.46356201171875,106.48999786376953,164.0500030517578
2026-08-25,265.7900085449219,116.12999725341797,186.92999267578125,178.57000732421875,190.94000244140625,335.95001220703125,211.0800018310547,62.113094329833984,1170.632568359375,42.86000061035156,504.32000732421875,133.25,811.2899780273438,91.33000183105469,131.83999633789062,205.32876586914062,92.9000015258789,199.88999938964844,66.26060485839844,630.6599731445312,215.97000122070312,111.25,121.58999633789062,409.20001220703125,13.949999809265137,79.91000366210938,349.5400085449219,85.63290405273438,1053.71923828125,335.4082946777344,234.19000244140625,273.1400146484375,356.69000244140625,91.0964126586914,485.600830078125,1233.6600341796875,553.0989990234375,214.60000610351562,599.3699951171875,266.20782470703125,179.3699951171875,66.99993133544922,155.53192138671875,216.77000427246094,83.59140014648438,134.85926818847656,39.065589904785156,127.0,48.65999984741211,62.5552864074707,144.75999450683594,28.56999969482422,145.39999389648438,142.2010040283203,193.9199981689453,210.27999877929688,92.22000122070312,350.45001220703125,53.014923095703125,89.97000122070312,432.0199890136719,25.770000457763672,163.47000122070312,139.47999572753906,627.6688842773438,416.293212890625,65.1500015258789,394.16290283203125,308.159912109375,105.13999938964844,384.1400146484375,50.25,84.79000091552734,221.15261840820312,105.37999725341797,160.63999938964844
2026-08-26,262.8999938964844,114.0999984741211,181.3800048828125,175.72999572753906,202.25,336.1499938964844,212.08999633789062,61.91410827636719,1167.219970703125,42.5,504.9100036621094,133.55999755859375,821.9299926757812,92.05999755859375,130.61000061035156,205.25888061523438,94.31999969482422,200.2100067138672,66.24080657958984,634.5399780273438,215.36000061035156,109.62999725341797,121.88999938964844,419.44000244140625,13.899999618530273,79.0,354.3900146484375,86.15184020996094,1035.3890380859375,332.40045166015625,229.8699951171875,270.0,356.5,89.54566955566406,488.7205505371094,1189.4100341796875,562.1430053710938,210.36000061035156,598.469970703125,265.04608154296875,180.0,68.0334243774414,152.20159912109375,214.0800018310547,83.59140014648438,131.32662963867188,38.184932708740234,125.80000305175781,47.189998626708984,61.98777389526367,148.8699951171875,28.299999237060547,145.0,141.46682739257812,194.10000610351562,211.99000549316406,91.11000061035156,348.6600036621094,53.32332229614258,89.76000213623047,436.489990234375,25.8700008392334,164.0399932861328,136.8300018310547,633.2246704101562,416.57244873046875,64.95999908447266,398.5558776855469,309.1851806640625,105.6500015258789,383.8999938964844,50.189998626708984,85.2300033569336,220.26654052734375,104.33999633789062,158.19000244140625
2026-08-27,258.1499938964844,111.58999633789062,187.3800048828125,174.16000366210938,201.08999633789062,334.1600036621094,209.88999938964844,60.85948944091797,1161.6087646484375,42.34000015258789,503.70001220703125,132.67999267578125,817.0,90.95999908447266,129.52000427246094,251.60736083984375,92.91999816894531,199.77000427246094,65.83489990234375,622.6599731445312,215.67999267578125,106.81999969482422,120.83999633789062,416.0400085449219,13.949999809265137,78.41999816894531,342.7300109863281,86.00214385986328,1035.7969970703125,326.2060852050781,238.7899932861328,265.7699890136719,354.2200012207031,88.5317153930664,483.75689697265625,1176.0999755859375,562.411376953125,206.74000549316406,591.72998046875,258.2245788574219,178.8300018310547,66.60621643066406,148.6624755859375,214.86000061035156,82.84700012207031,132.0151824951172,38.03650665283203,138.42999267578125,46.2599983215332,61.529788970947266,151.94000244140625,28.020000457763672,143.13999938964844,140.732666015625,190.47999572753906,212.0800018310547,90.69999694824219,345.2099914550781,54.726043701171875,89.05000305175781,435.3900146484375,25.43000030517578,165.92999267578125,134.22000122070312,630.2169189453125,426.15673828125,64.41999816894531,392.63232421875,306.2488098144531,105.68000030517578,379.6600036621094,49.43000030517578,84.97000122070312,216.8018341064453,102.62999725341797,156.44000244140625
2026-08-28,255.47999572753906,112.47000122070312,189.61000061035156,176.22999572753906,195.3800048828125,333.20001220703125,209.82000732421875,62.00365447998047,1158.5345458984375,42.150001525878906,505.0,132.89999389648438,800.25,90.75,130.35000610351562,255.5504150390625,93.05999755859375,201.86000061035156,64.8944091796875,630.3300170898438,216.07000732421875,108.0999984741211,120.25,402.7799987792969,13.880000114440918,76.44999694824219,342.5799865722656,86.09195709228516,1028.9505615234375,327.7745361328125,235.58999633789062,268.0400085449219,357.6199951171875,89.12816619873047,487.90325927734375,1174.6099853515625,560.3838500976562,208.0500030517578,595.2999877929688,263.12969970703125,174.33999633789062,67.57081604003906,147.47946166992188,214.77000427246094,81.83999633789062,127.71414184570312,39.184329986572266,144.7100067138672,45.61000061035156,61.70899963378906,150.85000610351562,27.959999084472656,143.77999877929688,139.59170532226562,191.88999938964844,211.7100067138672,90.91000366210938,344.8599853515625,57.03407287597656,88.25,442.8900146484375,26.010000228881836,163.17999267578125,135.1199951171875,621.7034301757812,416.40289306640625,65.06999969482422,390.5451965332031,305.989990234375,105.33000183105469,381.6000061035156,50.099998474121094,86.69000244140625,218.6934814453125,103.08999633789062,156.7100067138672
2026-08-31,256.4200134277344,110.36000061035156,189.75999450683594,175.6999969482422,195.69000244140625,330.1700134277344,207.77999877929688,61.625579833984375,1149.7098388671875,42.869998931884766,504.0299987792969,131.6199951171875,797.469970703125,89.81999969482422,132.49000549316406,257.08770751953125,93.91000366210938,206.13999938964844,65.34980773925781,654.9099731445312,213.55999755859375,107.55000305175781,119.91000366210938,401.8800048828125,13.9399995803833,75.73999786376953,335.7099914550781,86.14185333251953,1020.9000244140625,325.4317932128906,233.8699951171875,265.8500061035156,356.0199890136719,88.14402770996094,487.9729919433594,1156.72998046875,557.7799682617188,204.6999969482422,589.3099975585938,261.6800231933594,171.8300018310547,67.40348815917969,146.89291381835938,213.32000732421875,82.33999633789062,125.79812622070312,38.650001525878906,147.99000549316406,45.33000183105469,61.279998779296875,149.1199951171875,28.459999084472656,145.1199951171875,138.81785583496094,187.3000030517578,207.72999572753906,91.44999694824219,338.80999755859375,59.78976821899414,88.0,435.8399963378906,25.889999389648438,160.8800048828125,133.91000366210938,616.6273193359375,414.20880126953125,64.8499984741211,387.02685546875,300.6700134277344,104.2300033569336,379.3699951171875,50.02000045776367,86.38999938964844,217.9567413330078,104.87000274658203,160.9499969482422
2026-09-01,259.989990234375,108.93000030517578,188.08999633789062,176.02000427246094,189.25999450683594,324.19000244140625,205.66000366210938,61.675331115722656,1122.34033203125,44.470001220703125,502.3299865722656,132.5399932861328,779.1599731445312,89.62999725341797,136.19000244140625,257.6567077636719,97.5999984741211,211.0500030517578,65.71610260009766,676.0800170898438,206.92999267578125,106.22000122070312,120.38999938964844,390.7099914550781,13.84000015258789,72.47000122070312,331.0899963378906,85.45327758789062,1002.5599975585938,317.4307556152344,231.39999389648438,271.19000244140625,354.95001220703125,87.4780044555664,485.16229248046875,1160.0,544.5,200.0500030517578,581.0999755859375,261.1099853515625,170.24000549316406,68.47634887695312,148.98060607910156,211.0399932861328,82.93000030517578,122.37525177001953,38.119998931884766,142.89999389648438,45.119998931884766,61.36000061035156,141.32000732421875,28.549999237060547,146.2100067138672,138.57974243164062,187.14999389648438,205.16000366210938,93.51000213623047,329.95001220703125,56.85499954223633,88.08999633789062,440.2099914550781,26.0,163.75,133.27000427246094,600.0400390625,412.892333984375,64.37999725341797,393.8746643066406,290.6199951171875,102.66000366210938,372.6700134277344,50.29999923706055,87.04000091552734,218.80299377441406,105.91999816894531,164.5500030517578
2026-09-02,261.7200012207031,110.47000122070312,187.67999267578125,172.9199981689453,186.10000610351562,329.9800109863281,208.8699951171875,62.282230377197266,1101.4276123046875,43.93000030517578,505.239990234375,134.33999633789062,792.280029296875,90.0999984741211,137.1999969482422,256.478759765625,97.2300033569336,211.77999877929688,65.389404296875,698.3699951171875,209.91000366210938,107.9800033569336,120.55999755859375,390.8500061035156,14.140000343322754,73.93000030517578,329.5,84.69485473632812,1004.4199829101562,316.17999267578125,231.6999969482422,275.2099914550781,356.2200012207031,87.71658325195312,485.85003662109375,1160.0799560546875,531.5499877929688,199.83999633789062,588.1400146484375,260.95001220703125,168.75,68.46650695800781,150.75015258789062,211.82000732421875,83.0999984741211,124.9000015258789,38.2400016784668,136.72000122070312,46.77000045776367,61.5,145.75,29.020000457763672,147.63999938964844,135.5140838623047,187.94000244140625,200.77999877929688,92.80000305175781,331.25,58.130001068115234,88.30999755859375,431.7099914550781,25.950000762939453,163.36000061035156,131.30999755859375,608.0739135742188,414.3883056640625,64.56999969482422,397.214111328125,289.7300109863281,103.01000213623047,378.3999938964844,50.220001220703125,89.2699966430664,218.07620239257812,106.08999633789062,164.14999389648438
2026-09-03,260.2099914550781,108.79000091552734,193.1199951171875,177.75,191.44000244140625,329.82000732421875,210.50999450683594,62.71999740600586,1120.400390625,43.58000183105469,508.1300048828125,138.13999938964844,800.1400146484375,90.08999633789062,135.72000122070312,263.9656066894531,97.19999694824219,211.32000732421875,66.12200164794922,694.4099731445312,211.02999877929688,107.16000366210938,121.4000015258789,397.1199951171875,14.40999984741211,72.55999755859375,333.4800109863281,87.04000091552734,1037.9300537109375,318.07000732421875,234.7100067138672,278.42999267578125,362.05999755859375,88.283203125,482.19000244140625,1159.5999755859375,532.9500122070312,201.89999389648438,585.7100219726562,259.6300048828125,168.30999755859375,68.3976058959961,151.446044921875,217.14999389648438,84.05999755859375,130.42999267578125,38.77000045776367,145.58999633789062,47.5099983215332,61.7400016784668,154.0399932861328,28.809999465942383,146.9199981689453,137.26023864746094,186.1699981689453,202.1300048828125,92.33000183105469,332.260009765625,57.40999984741211,88.7699966430664,450.5799865722656,26.190000534057617,164.00999450683594,132.19000244140625,617.956298828125,415.894287109375,64.23999786376953,398.4862976074219,289.1499938964844,103.5,378.75,50.59000015258789,89.19000244140625,220.74441528320312,108.41999816894531,162.2100067138672
2026-09-04,256.4599914550781,108.33000183105469,186.72000122070312,175.85000610351562,193.77999877929688,326.1600036621094,212.25,62.68000030517578,1116.56005859375,43.810001373291016,506.0299987792969,137.72000122070312,813.9400024414062,88.7699966430664,134.25999450683594,258.7747497558594,96.73999786376953,208.60000610351562,65.83999633789062,693.530029296875,207.66000366210938,105.30999755859375,120.22000122070312,410.8500061035156,14.619999885559082,72.7300033569336,337.1199951171875,87.76000213623047,1038.6099853515625,321.04998779296875,234.88999938964844,275.2300109863281,358.6400146484375,87.54759216308594,477.57000732421875,1149.3599853515625,525.280029296875,204.4499969482422,579.2100219726562,255.69000244140625,168.55999755859375,67.79719543457031,149.44784545898438,217.72000122070312,83.43000030517578,128.08999633789062,38.400001525878906,141.25999450683594,46.599998474121094,61.25,158.77999877929688,28.450000762939453,146.44000244140625,136.2581787109375,182.52999877929688,200.7899932861328,92.94999694824219,333.7099914550781,57.5099983215332,88.11000061035156,443.510009765625,25.68000030517578,164.44000244140625,132.0800018310547,613.3099365234375,427.762451171875,64.19999694824219,394.7095642089844,289.6199951171875,102.29000091552734,375.07000732421875,50.13999938964844,89.97000122070312,218.02642822265625,107.13999938964844,159.47000122070312
2026-09-08,248.77999877929688,105.5199966430664,179.02999877929688,175.72999572753906,194.9600067138672,326.1000061035156,210.72999572753906,62.38999938964844,1095.3699951171875,44.880001068115234,505.8299865722656,136.74000549316406,822.47998046875,88.41000366210938,135.0399932861328,248.6824951171875,96.06999969482422,209.8000030517578,66.22000122070312,680.72998046875,205.22999572753906,105.05999755859375,121.23999786376953,422.1300048828125,14.0,76.62000274658203,334.9100036621094,85.79000091552734,1036.530029296875,313.70001220703125,232.08999633789062,269.1199951171875,353.510009765625,87.83586883544922,468.3800048828125,1123.9100341796875,536.1500244140625,200.8000030517578,570.8900146484375,255.80999755859375,167.52000427246094,67.09835815429688,147.5888214111328,216.24000549316406,83.83000183105469,127.08999633789062,38.099998474121094,134.2100067138672,45.15999984741211,61.02000045776367,162.52000427246094,27.790000915527344,145.5800018310547,137.38919067382812,184.72999572753906,198.80999755859375,95.31999969482422,326.0899963378906,57.099998474121094,88.98999786376953,429.30999755859375,25.600000381469727,162.7100067138672,128.9199981689453,602.5581665039062,437.825439453125,63.540000915527344,398.38690185546875,288.45001220703125,100.4800033569336,368.6400146484375,50.40999984741211,87.95999908447266,216.82174682617188,106.05000305175781,160.66000366210938
2026-09-09,250.91000366210938,105.2300033569336,175.8000030517578,175.42999267578125,192.92999267578125,321.79998779296875,206.4199981689453,62.66999816894531,1072.030029296875,45.68000030517578,506.7200012207031,137.8000030517578,815.5599975585938,88.02999877929688,136.52999877929688,243.73121643066406,95.37999725341797,213.80999755859375,65.0999984741211,677.2100219726562,204.85000610351562,104.18000030517578,120.43000030517578,415.2200012207031,13.449999809265137,76.2300033569336,325.4200134277344,83.76000213623047,1028.780029296875,310.45001220703125,239.94000244140625,267.0799865722656,354.7099914550781,87.03067779541016,466.6499938964844,1124.2099609375,524.4600219726562,198.60000610351562,567.5,253.47999572753906,164.39999389648438,66.82276153564453,146.66427612304688,215.35000610351562,82.6500015258789,128.7100067138672,37.349998474121094,131.11000061035156,44.560001373291016,60.11000061035156,161.6300048828125,27.780000686645508,142.63999938964844,134.59141540527344,185.7100067138672,197.5500030517578,95.5999984741211,320.6400146484375,57.04999923706055,88.33999633789062,418.3599853515625,25.149999618530273,157.52000427246094,126.12000274658203,605.22607421875,434.1951599121094,62.4900016784668,390.6545104980469,284.739990234375,99.22000122070312,367.3900146484375,49.7400016784668,89.66999816894531,215.48765563964844,105.83000183105469,164.22999572753906
2026-09-10,255.0,103.36000061035156,177.91000366210938,172.97999572753906,188.99000549316406,320.7099914550781,204.8000030517578,62.560001373291016,1062.4000244140625,46.08000183105469,507.0,138.5,805.0,87.9000015258789,137.0399932861328,242.5732421875,95.29000091552734,212.75999450683594,65.05000305175781,677.9400024414062,200.52999877929688,105.81999969482422,119.37000274658203,409.1499938964844,13.880000114440918,71.20999908447266,324.1499938964844,86.12000274658203,1019.77001953125,305.69000244140625,234.02000427246094,266.3500061035156,353.55999755859375,87.30902099609375,461.6199951171875,1123.0,530.1199951171875,196.58999633789062,565.3699951171875,253.0500030517578,162.86000061035156,67.70861053466797,143.86082458496094,212.66000366210938,82.44000244140625,126.13999938964844,36.619998931884766,131.1699981689453,44.0099983215332,59.56999969482422,152.94000244140625,27.649999618530273,142.97000122070312,133.3512725830078,189.77000427246094,198.1199951171875,95.95999908447266,317.44000244140625,56.0099983215332,87.75,410.4200134277344,25.549999237060547,155.72999572753906,126.41999816894531,602.718017578125,426.8847961425781,61.630001068115234,385.90374755859375,285.7799987792969,99.97000122070312,367.2099914550781,49.970001220703125,89.44999694824219,213.8249969482422,105.7300033569336,165.22999572753906
2026-09-11,257.1199951171875,101.94999694824219,183.89999389648438,177.85000610351562,199.58999633789062,324.69000244140625,210.4499969482422,62.689998626708984,1079.6500244140625,46.099998474121094,510.3699951171875,138.82000732421875,818.5700073242188,86.80000305175781,137.35000610351562,247.2849578857422,94.66000366210938,214.05999755859375,64.36000061035156,675.739990234375,200.13999938964844,106.55000305175781,119.41999816894531,425.3699951171875,13.970000267028809,71.06999969482422,323.6600036621094,85.62000274658203,1029.1800537109375,308.739990234375,243.2899932861328,265.5799865722656,356.2300109863281,87.76628875732422,466.2200012207031,1115.699951171875,524.1900024414062,196.82000732421875,569.1900024414062,252.52999877929688,164.97000122070312,67.8956298828125,143.08538818359375,214.3800048828125,82.30999755859375,126.80999755859375,36.79999923706055,132.52999877929688,43.06999969482422,59.5,150.27999877929688,27.719999313354492,145.27000427246094,134.6807098388672,191.05999755859375,197.67999267578125,96.7699966430664,323.30999755859375,56.060001373291016,87.16999816894531,410.7099914550781,26.059999465942383,155.8300018310547,126.0199966430664,609.3529052734375,432.0808410644531,62.02000045776367,376.7699890136719,284.3999938964844,100.27999877929688,370.45001220703125,50.61000061035156,90.29000091552734,213.4600067138672,107.1500015258789,165.99000549316406
2026-09-14,261.7699890136719,103.08999633789062,195.0,176.94000244140625,187.80999755859375,327.7799987792969,210.27000427246094,59.470001220703125,1065.5999755859375,45.93000030517578,514.9500122070312,136.17999267578125,784.0,87.88999938964844,136.6699981689453,258.9743957519531,95.55000305175781,212.1699981689453,64.45999908447266,681.4600219726562,203.25,108.58999633789062,119.0199966430664,393.1600036621094,13.859999656677246,69.33999633789062,317.55999755859375,87.16000366210938,988.4500122070312,310.8699951171875,249.08999633789062,266.32000732421875,350.1300048828125,88.81999969482422,464.4100036621094,1138.280029296875,529.3800048828125,198.1699981689453,574.4199829101562,257.489990234375,162.02000427246094,69.5,144.0,206.5800018310547,81.62999725341797,123.06999969482422,37.04999923706055,142.35000610351562,43.45000076293945,59.27000045776367,144.7899932861328,27.719999313354492,146.1300048828125,134.1251220703125,194.86000061035156,195.33999633789062,96.44999694824219,324.5,53.31999969482422,87.0,418.5400085449219,26.510000228881836,158.6999969482422,125.98999786376953,613.1500244140625,416.8916015625,63.56999969482422,383.54998779296875,285.0799865722656,102.45999908447266,375.2799987792969,51.290000915527344,88.70999908447266,218.08999633789062,109.08000183105469,165.0800018310547
2026-09-15,263.0400085449219,102.02999877929688,193.39999389648438,177.7100067138672,192.83999633789062,324.42999267578125,209.69000244140625,59.52000045776367,1058.6600341796875,46.959999084472656,516.760009765625,136.1699981689453,783.5399780273438,87.0,141.22000122070312,255.20101928710938,94.48999786376953,217.77000427246094,63.869998931884766,684.0399780273438,209.36000061035156,106.41999816894531,117.7699966430664,392.3999938964844,13.5,69.37999725341797,307.04998779296875,85.37000274658203,976.6699829101562,305.4800109863281,248.3699951171875,267.20001220703125,352.489990234375,88.70999908447266,462.9599914550781,1136.1099853515625,533.4600219726562,194.61000061035156,573.27001953125,252.77999877929688,164.6699981689453,69.80999755859375,143.7899932861328,206.27999877929688,81.06999969482422,124.19000244140625,36.220001220703125,141.89999389648438,42.529998779296875,58.709999084472656,140.35000610351562,27.549999237060547,146.6699981689453,134.76998901367188,194.11000061035156,195.5,98.94999694824219,323.2200012207031,54.20000076293945,85.94999694824219,412.5199890136719,26.719999313354492,154.39999389648438,124.5999984741211,641.3900146484375,412.64300537109375,62.439998626708984,375.92999267578125,283.989990234375,102.3499984741211,375.6199951171875,51.45000076293945,89.72000122070312,217.25,108.08999633789062,169.32000732421875
2026-09-16,262.510009765625,102.36000061035156,189.63999938964844,176.38999938964844,197.5399932861328,312.42999267578125,201.9600067138672,57.900001525878906,1037.239990234375,45.380001068115234,519.7999877929688,132.9499969482422,782.719970703125,87.0199966430664,132.5399932861328,250.09999084472656,91.72000122070312,211.5399932861328,63.5099983215332,669.469970703125,208.36000061035156,106.98999786376953,117.76000213623047,397.79998779296875,13.350000381469727,69.23999786376953,312.8999938964844,84.29000091552734,937.97998046875,302.4700012207031,237.49000549316406,267.2799987792969,348.9200134277344,87.87000274658203,462.0899963378906,1137.8199462890625,537.25,194.10000610351562,567.75,248.55999755859375,162.64999389648438,70.0999984741211,144.91000366210938,202.4199981689453,80.37000274658203,121.76000213623047,35.779998779296875,139.82000732421875,41.709999084472656,57.150001525878906,143.16000366210938,27.459999084472656,147.02000427246094,133.74000549316406,191.7100067138672,196.8300018310547,95.69999694824219,321.4599914550781,52.29999923706055,86.2300033569336,406.760009765625,25.860000610351562,154.67999267578125,122.83999633789062,648.4299926757812,417.7200012207031,62.439998626708984,375.260009765625,280.9200134277344,98.7699966430664,370.92999267578125,49.7599983215332,87.05000305175781,214.0,107.5,163.32000732421875
2026-09-17,264.0199890136719,102.2300033569336,190.2899932861328,175.5800018310547,199.52999877929688,311.1700134277344,197.0,58.18000030517578,1053.9599609375,45.41999816894531,509.20001220703125,132.6999969482422,798.5700073242188,87.7300033569336,133.19000244140625,242.85000610351562,90.2699966430664,211.57000732421875,64.29000091552734,685.6300048828125,212.5,105.3499984741211,118.54000091552734,409.4599914550781,13.609999656677246,70.8499984741211,313.4700012207031,86.62000274658203,951.469970703125,302.510009765625,237.75,270.2200012207031,349.30999755859375,88.05999755859375,458.4800109863281,1152.43994140625,538.0900268554688,194.19000244140625,565.72998046875,248.47999572753906,164.7100067138672,69.69999694824219,147.14999389648438,203.52000427246094,81.27999877929688,124.38999938964844,36.36000061035156,138.47000122070312,43.189998626708984,57.31999969482422,150.58999633789062,27.639999389648438,147.5500030517578,135.17999267578125,190.47999572753906,193.5399932861328,95.81999969482422,320.94000244140625,52.08000183105469,86.76000213623047,404.1099853515625,25.389999389648438,159.8300018310547,126.55000305175781,658.3200073242188,430.260009765625,62.220001220703125,375.2099914550781,282.4800109863281,100.16999816894531,369.92999267578125,48.33000183105469,86.88999938964844,213.3300018310547,106.79000091552734,163.27000427246094
2026-09-18,263.9599914550781,102.61000061035156,181.2899932861328,173.97999572753906,199.38999938964844,311.55999755859375,198.1999969482422,57.72999954223633,1069.780029296875,44.58000183105469,509.7699890136719,131.77000427246094,808.989990234375,87.47000122070312,131.8300018310547,237.9199981689453,88.83999633789062,209.50999450683594,63.58000183105469,683.989990234375,211.80999755859375,102.66999816894531,117.52999877929688,424.7699890136719,13.210000038146973,71.54000091552734,314.2699890136719,82.19999694824219,942.0,299.9800109863281,229.5500030517578,269.989990234375,349.6700134277344,88.25,460.3999938964844,1152.9300537109375,533.3800048828125,192.49000549316406,565.239990234375,248.24000549316406,165.88999938964844,69.5199966430664,146.8699951171875,202.5800018310547,80.47000122070312,123.41000366210938,35.5099983215332,135.47000122070312,43.2400016784668,56.65999984741211,147.61000061035156,27.65999984741211,146.38999938964844,134.83999633789062,188.6199951171875,194.0,94.54000091552734,320.7300109863281,51.119998931884766,85.5199966430664,405.32000732421875,25.399999618530273,158.19000244140625,127.23999786376953,651.4500122070312,434.6700134277344,61.81999969482422,376.8999938964844,279.3699951171875,99.05999755859375,368.2900085449219,48.09000015258789,86.12000274658203,211.10000610351562,106.7300033569336,163.5399932861328
2026-09-21,264.4800109863281,102.9800033569336,186.11000061035156,174.60000610351562,205.4199981689453,313.5899963378906,201.14999389648438,57.959999084472656,1090.27001953125,43.15999984741211,502.010009765625,135.0500030517578,816.5,86.26000213623047,127.52999877929688,236.4199981689453,87.5999984741211,203.6699981689453,62.81999969482422,684.72998046875,215.83999633789062,104.2300033569336,116.73999786376953,435.42999267578125,13.170000076293945,72.16000366210938,319.010009765625,83.94999694824219,959.3900146484375,297.20001220703125,231.92999267578125,269.4700012207031,352.0400085449219,87.12000274658203,457.5,1164.8900146484375,535.4000244140625,190.97999572753906,567.6500244140625,247.8800048828125,164.97000122070312,68.52999877929688,149.5,206.1199951171875,79.62999725341797,123.05000305175781,36.099998474121094,137.67999267578125,39.79999923706055,56.650001525878906,148.55999755859375,27.739999771118164,146.0800018310547,135.82000732421875,187.47999572753906,194.33999633789062,93.2699966430664,321.30999755859375,51.7599983215332,85.45999908447266,404.4700012207031,25.450000762939453,157.7100067138672,130.9600067138672,658.760009765625,445.1400146484375,62.16999816894531,377.55999755859375,269.6300048828125,94.75,369.95001220703125,47.68000030517578,86.54000091552734,207.0399932861328,107.44000244140625,158.3000030517578
2026-09-22,265.2099914550781,103.69000244140625,183.72000122070312,175.25,205.19000244140625,305.07000732421875,197.72000122070312,56.20000076293945,1066.6600341796875,43.099998474121094,503.489990234375,132.47000122070312,808.010009765625,87.05000305175781,125.2699966430664,233.27999877929688,87.0999984741211,202.41000366210938,62.43000030517578,703.1199951171875,221.08999633789062,103.81999969482422,116.30999755859375,442.489990234375,13.100000381469727,74.3499984741211,319.2200012207031,83.44999694824219,949.489990234375,305.3500061035156,231.3800048828125,269.19000244140625,340.0,88.61000061035156,464.9100036621094,1170.1400146484375,522.3400268554688,196.0800018310547,555.8900146484375,250.35000610351562,169.3000030517578,68.63999938964844,150.91000366210938,200.17999267578125,79.26000213623047,127.26000213623047,36.099998474121094,137.0,39.400001525878906,56.529998779296875,149.1999969482422,27.93000030517578,148.22000122070312,135.8800048828125,190.22999572753906,190.99000549316406,93.93000030517578,328.3500061035156,52.119998931884766,85.1500015258789,402.44000244140625,25.100000381469727,159.02000427246094,130.7899932861328,658.52001953125,452.0,62.93000030517578,372.95001220703125,274.4100036621094,95.87000274658203,362.0400085449219,46.45000076293945,83.1500015258789,207.67999267578125,110.12000274658203,158.7100067138672
2026-09-23,265.0799865722656,103.48999786376953,183.52000427246094,170.77999877929688,203.47000122070312,301.9599914550781,199.92999267578125,56.0,1060.8900146484375,44.4900016784668,507.1700134277344,131.92999267578125,812.02001953125,85.93000030517578,128.08999633789062,237.5800018310547,85.86000061035156,205.50999450683594,61.16999816894531,709.47998046875,221.55999755859375,103.45999908447266,114.16999816894531,438.760009765625,12.9399995803833,72.58000183105469,319.79998779296875,83.7699966430664,936.3599853515625,296.7200012207031,232.75999450683594,269.1700134277344,337.5299987792969,88.08999633789062,469.7200012207031,1150.989990234375,524.6799926757812,191.36000061035156,559.9199829101562,238.32000732421875,170.3000030517578,68.94999694824219,148.0800018310547,198.38999938964844,77.0199966430664,123.55000305175781,36.04999923706055,140.77999877929688,38.16999816894531,55.61000061035156,144.55999755859375,28.18000030517578,147.38999938964844,133.9600067138672,190.83999633789062,192.19000244140625,95.41000366210938,326.4599914550781,51.869998931884766,83.47000122070312,406.5,25.299999237060547,156.25999450683594,131.58999633789062,665.2999877929688,446.57000732421875,62.15999984741211,371.2900085449219,275.5299987792969,95.81999969482422,361.5199890136719,46.52000045776367,81.9000015258789,207.8800048828125,110.52999877929688,161.22999572753906
2026-09-24,265.1199951171875,101.06999969482422,177.41000366210938,167.25999450683594,205.6999969482422,305.6600036621094,196.8000030517578,56.029998779296875,1073.449951171875,44.40999984741211,505.17999267578125,132.10000610351562,805.25,85.31999969482422,129.33999633789062,238.22000122070312,85.05000305175781,205.64999389648438,60.400001525878906,694.9400024414062,223.77000427246094,105.55999755859375,113.2300033569336,440.0,12.600000381469727,72.08000183105469,319.7799987792969,80.56999969482422,923.2899780273438,292.17999267578125,227.05999755859375,270.67999267578125,338.55999755859375,88.0999984741211,468.1400146484375,1181.8900146484375,523.7000122070312,188.49000549316406,566.0800170898438,237.02000427246094,167.52000427246094,68.87999725341797,147.97999572753906,196.32000732421875,75.62000274658203,121.30000305175781,35.9900016784668,137.77999877929688,38.619998931884766,55.40999984741211,139.5399932861328,28.40999984741211,145.67999267578125,133.82000732421875,191.5,188.61000061035156,95.5999984741211,320.3999938964844,51.43000030517578,82.88999938964844,403.25,25.450000762939453,156.14999389648438,131.6300048828125,678.3900146484375,451.1499938964844,62.25,375.010009765625,274.07000732421875,92.05000305175781,367.9800109863281,47.31999969482422,82.18000030517578,207.9600067138672,107.58999633789062,162.13999938964844
2026-09-25,264.3399963378906,101.29000091552734,176.11000061035156,169.02999877929688,206.5500030517578,308.8900146484375,198.07000732421875,56.70000076293945,1086.31005859375,44.150001525878906,505.4800109863281,134.27999877929688,821.5800170898438,86.05999755859375,127.30000305175781,234.02000427246094,89.12999725341797,204.4499969482422,60.68000030517578,690.4600219726562,224.49000549316406,106.1500015258789,113.3499984741211,439.9800109863281,12.710000038146973,72.30999755859375,327.0899963378906,82.62999725341797,935.4500122070312,293.20001220703125,225.50999450683594,271.2200012207031,343.05999755859375,87.80999755859375,469.8900146484375,1183.4599609375,519.5599975585938,189.27999877929688,567.6500244140625,236.5,169.5500030517578,68.81999969482422,148.77999877929688,196.30999755859375,76.08000183105469,121.43000030517578,35.75,135.6199951171875,38.79999923706055,55.540000915527344,137.10000610351562,28.670000076293945,146.22999572753906,133.0500030517578,190.47999572753906,189.39999389648438,95.77999877929688,329.1000061035156,51.540000915527344,82.87999725341797,403.29998779296875,25.3799991607666,157.4499969482422,130.05999755859375,675.0,450.6099853515625,62.540000915527344,376.5899963378906,273.7900085449219,93.95999908447266,367.3800048828125,47.08000183105469,82.97000122070312,206.8300018310547,107.9800033569336,160.58999633789062
2026-09-28,266.2799987792969,100.9800033569336,174.47000122070312,168.0,204.9199981689453,306.3299865722656,184.38999938964844,55.470001220703125,1071.25,44.43000030517578,503.0899963378906,131.30999755859375,819.9500122070312,86.5199966430664,126.04000091552734,227.27000427246094,87.8499984741211,206.3699951171875,60.279998779296875,689.5900268554688,227.3300018310547,105.58999633789062,113.41000366210938,431.4100036621094,12.380000114440918,71.95999908447266,318.239990234375,80.63999938964844,916.280029296875,289.8900146484375,220.6699981689453,271.95001220703125,336.5899963378906,87.18000030517578,472.0400085449219,1184.780029296875,518.0999755859375,187.66000366210938,568.260009765625,233.60000610351562,169.47999572753906,69.12999725341797,148.69000244140625,193.63999938964844,75.48999786376953,116.05000305175781,36.38999938964844,131.4499969482422,38.709999084472656,55.349998474121094,132.60000610351562,28.719999313354492,149.02999877929688,132.44000244140625,193.75999450683594,187.66000366210938,96.47000122070312,332.7900085449219,51.4900016784668,82.3499984741211,395.9200134277344,24.899999618530273,158.42999267578125,130.25,678.5999755859375,452.8800048828125,62.529998779296875,377.8299865722656,274.1000061035156,94.25,367.739990234375,46.68000030517578,80.80999755859375,206.44000244140625,108.7300033569336,162.52000427246094
