symbol,name,exchange,sector,currency,price,pct_change,market_cap,ytd_change,as_of
A,"Agilent Technologies, Inc.",NYSE,,USD,169.3300018310547,-1.1442533317191694,,,2026-10-06
AA,Alcoa Corporation,NYSE,,USD,43.16999816894531,-0.7358093749624484,,,2026-10-06
AAC,Ares Acquisition Corporation III,NYSE,,USD,10.0600004196167,-0.1984077801659545,,,2026-10-06
AADX,"Applied Aerospace & Defense, Inc.",NYSE,,USD,11.800000190734863,2.5195478374130387,,,2026-10-06
AAMI,Acadian Asset Management Inc.,NYSE,,USD,93.48999786376953,-2.7766282203168458,,,2026-10-06
AAP,Advance Auto Parts Inc.,NYSE,,USD,41.2400016784668,4.0100885028973465,,,2026-10-06
AAT,"American Assets Trust, Inc.",NYSE,,USD,21.5,0.7025743131155338,,,2026-10-06
AAUC,Allied Gold Corporation,NYSE,,USD,20.190000534057617,2.0727999655173024,,,2026-10-06
AB,AllianceBernstein Holding L.P.,NYSE,,USD,35.09000015258789,0.14269188286004653,,,2026-10-06
ABBV,AbbVie Inc.,NYSE,,USD,266.69000244140625,0.34993702649297465,,,2026-10-06
ABCB,Ameris Bancorp,NYSE,,USD,79.94999694824219,-0.5597071754928629,,,2026-10-06
ABEV,Ambev S.A.,NYSE,,USD,3.2200000286102295,-0.923076042762172,,,2026-10-06
ABG,Asbury Automotive Group Inc,NYSE,,USD,169.75999450683594,-1.2046832928827023,,,2026-10-06
ABM,ABM Industries Incorporated,NYSE,,USD,48.400001525878906,-0.18560558769347146,,,2026-10-06
ABR,Arbor Realty Trust,NYSE,,USD,3.490000009536743,0.5763683216603255,,,2026-10-06
ABT,Abbott Laboratories,NYSE,,USD,98.16000366210938,-1.9380567847993246,,,2026-10-06
ABX,"Abacus Global Management, Inc. Class A",NYSE,,USD,8.390000343322754,1.8203953443099996,,,2026-10-06
ABXL,"Abacus Global Management, Inc. 9.875% Fixed Rate Senior Notes due 2028",NYSE,,USD,25.25,-0.8248196858762991,,,2026-10-06
ACA,"Arcosa, Inc.",NYSE,,USD,146.5,-0.17035775127768327,,,2026-10-06
ACCO,Acco Brands Corporation,NYSE,,USD,4.369999885559082,0.6912380625909265,,,2026-10-06
ACEL,"Accel Entertainment, Inc.",NYSE,,USD,10.9399995803833,0.5514656738169199,,,2026-10-06
ACH,"Accendra Health, Inc.",NYSE,,USD,0.4661000072956085,3.5777821428983003,,,2026-10-06
ACHR,Archer Aviation Inc. Class A,NYSE,,USD,4.650000095367432,-1.483044447791737,,,2026-10-06
ACI,"Albertsons Companies, Inc. Class A",NYSE,,USD,11.479999542236328,-0.26064887966055217,,,2026-10-06
ACM,AECOM,NYSE,,USD,60.15999984741211,0.6693466149827021,,,2026-10-06
ACN,Accenture plc Class A Ordinary Shares (Ireland),NYSE,,USD,193.39999389648438,-0.8459416198192016,,,2026-10-06
ACP,abrdn Income Credit Strategies Fund,NYSE,,USD,4.369999885559082,0.0,,,2026-10-06
ACR,ACRES Commercial Realty Corp.,NYSE,,USD,10.300000190734863,0.09718395450835082,,,2026-10-06
ACRE,Ares Commercial Real Estate Corporation,NYSE,,USD,3.75,1.351350045186761,,,2026-10-06
ACV,Virtus Diversified Income & Convertible Fund,NYSE,,USD,24.639999389648438,2.0712510879946633,,,2026-10-06
ACVA,ACV Auctions Inc. Class A,NYSE,,USD,10.4399995803833,-0.5714325677780852,,,2026-10-06
AD,"Array Digital Infrastructure, Inc.",NYSE,,USD,34.31999969482422,-0.52174001500227,,,2026-10-06
ADC,Agree Realty Corporation,NYSE,,USD,65.79000091552734,0.32021817415262,,,2026-10-06
ADCT,ADC Therapeutics SA,NYSE,,USD,1.2699999809265137,3.252029368516429,,,2026-10-06
ADIG,ADI Global Distribution Inc.,NYSE,,USD,17.81999969482422,1.1350672307886223,,,2026-10-06
ADM,Archer-Daniels-Midland Company,NYSE,,USD,82.20999908447266,-0.3152687430362233,,,2026-10-06
ADNT,Adient plc,NYSE,,USD,17.510000228881836,1.5661279660571514,,,2026-10-06
ADT,ADT Inc.,NYSE,,USD,6.360000133514404,2.415460458067731,,,2026-10-06
ADX,Adams Diversified Equity Fund Inc.,NYSE,,USD,26.290000915527344,1.6235023682604321,,,2026-10-06
AEE,Ameren Corporation,NYSE,,USD,101.68000030517578,1.9859613014446609,,,2026-10-06
AEFC,Aegon Funding Company LLC 5.10% Subordinated Notes due 2049,NYSE,,USD,17.639999389648438,-0.11325287619752267,,,2026-10-06
AEG,Aegon Ltd. New York Registry Shares,NYSE,,USD,8.479999542236328,-0.11778832922770821,,,2026-10-06
AEM,Agnico Eagle Mines Limited,NYSE,,USD,186.02999877929688,1.472752370738717,,,2026-10-06
AEO,"American Eagle Outfitters, Inc.",NYSE,,USD,17.889999389648438,-1.2148051534430881,,,2026-10-06
AER,AerCap Holdings N.V.,NYSE,,USD,146.27000427246094,2.0797062781469977,,,2026-10-06
AERO,"Grupo Aeromexico, S.A.B. de C.V.",NYSE,,USD,16.729999542236328,7.796385623605895,,,2026-10-06
AES,The AES Corporation,NYSE,,USD,14.930000305175781,0.20134689539319517,,,2026-10-06
AESI,Atlas Energy Solutions Inc.,NYSE,,USD,12.710000038146973,-0.07861814993633809,,,2026-10-06
AEXA,American Exceptionalism Acquisition Corp. A,NYSE,,USD,10.920000076293945,-1.086955488892416,,,2026-10-06
AFB,AllianceBernstein National Municipal Income Fund Inc,NYSE,,USD,9.550000190734863,1.2725332097096365,,,2026-10-06
AFG,"American Financial Group, Inc.",NYSE,,USD,140.07000732421875,0.5311171201026532,,,2026-10-06
AFGB,"American Financial Group, Inc. 5.875% Subordinated Debentures due 2059",NYSE,,USD,22.3799991607666,1.6810491959888596,,,2026-10-06
AFGC,"American Financial Group, Inc. 5.125% Subordinated Debentures due 2059",NYSE,,USD,18.610000610351562,-0.16093766244185126,,,2026-10-06
AFGD,"American Financial Group, Inc. 5.625% Subordinated Debentures due 2060",NYSE,,USD,22.450000762939453,0.7630164769063086,,,2026-10-06
AFGE,"American Financial Group, Inc. 4.500% Subordinated Debentures due 2060",NYSE,,USD,16.809999465942383,-0.5325452936058572,,,2026-10-06
AFL,AFLAC Incorporated,NYSE,,USD,113.62999725341797,1.1122975890284437,,,2026-10-06
AG,First Majestic Silver Corp. Ordinary Shares (Canada),NYSE,,USD,17.540000915527344,0.17133458739779783,,,2026-10-06
AGBK,AGI Inc,NYSE,,USD,6.670000076293945,-1.038571175093761,,,2026-10-06
AGCO,AGCO Corporation,NYSE,,USD,116.19000244140625,0.0,,,2026-10-06
AGD,abrdn Global Dynamic Dividend Fund,NYSE,,USD,11.359999656677246,1.9748591254430181,,,2026-10-06
AGI,Alamos Gold Inc.,NYSE,,USD,32.72999954223633,1.2999014270934195,,,2026-10-06
AGL,"agilon health, inc.",NYSE,,USD,83.4000015258789,-1.0441353419123889,,,2026-10-06
AGM,Federal Agricultural Mortgage Corporation,NYSE,,USD,213.9199981689453,-0.2517991830720989,,,2026-10-06
AGO,Assured Guaranty Ltd.,NYSE,,USD,69.43000030517578,0.4339694252526227,,,2026-10-06
AGRO,Adecoagro S.A.,NYSE,,USD,10.819999694824219,0.6511599518532085,,,2026-10-06
AGX,"Argan, Inc.",NYSE,,USD,419.6400146484375,8.227169035306382,,,2026-10-06
AHR,"American Healthcare REIT, Inc.",NYSE,,USD,50.4900016784668,0.039628407529090914,,,2026-10-06
AHRT,"AH Realty Trust, Inc.",NYSE,,USD,6.039999961853027,1.3422805905036084,,,2026-10-06
AHT,Ashford Hospitality Trust Inc,NYSE,,USD,2.2200000286102295,-1.3333320617675781,,,2026-10-06
AI,"C3.ai, Inc. Class A",NYSE,,USD,11.239999771118164,1.3525664244041558,,,2026-10-06
AIG,"American International Group, Inc. New",NYSE,,USD,75.11000061035156,-0.013314877349257515,,,2026-10-06
AII,"American Integrity Insurance Group, Inc.",NYSE,,USD,25.770000457763672,1.0984726918780385,,,2026-10-06
AIIA,AI Infrastructure Acquisition Corp.,NYSE,,USD,10.289999961853027,-0.19399085305192854,,,2026-10-05
AIN,Albany International Corporation,NYSE,,USD,59.310001373291016,-0.2858072801843248,,,2026-10-06
AIO,Virtus Artificial Intelligence & Technology Opportunities Fund,NYSE,,USD,25.709999084472656,1.7814681374242358,,,2026-10-06
AIR,AAR Corp.,NYSE,,USD,104.02999877929688,1.7507834046636361,,,2026-10-06
AIT,"Applied Industrial Technologies, Inc.",NYSE,,USD,344.989990234375,-0.23135957973838828,,,2026-10-06
AIV,Apartment Investment and Management Company,NYSE,,USD,1.8700000047683716,-0.531914387692578,,,2026-10-06
AIZ,"Assurant, Inc.",NYSE,,USD,270.9599914550781,1.7078892423047165,,,2026-10-06
AIZN,"Assurant, Inc. 5.25% Subordinated Notes due 2061",NYSE,,USD,17.780000686645508,1.1376607725109178,,,2026-10-06
AJG,Arthur J. Gallagher & Co.,NYSE,,USD,229.85000610351562,1.14856563424528,,,2026-10-06
AKA,a.k.a. Brands Holding Corp.,NYSE,,USD,10.699999809265137,0.0,,,2026-10-06
AKR,Acadia Realty Trust,NYSE,,USD,18.389999389648438,-0.10863909793287219,,,2026-10-06
ALB,Albemarle Corporation,NYSE,,USD,106.3499984741211,1.8970927234203794,,,2026-10-06
ALC,Alcon Inc.,NYSE,,USD,63.189998626708984,-1.77211747535716,,,2026-10-06
ALG,"Alamo Group, Inc.",NYSE,,USD,162.11000061035156,-0.1724236593073858,,,2026-10-06
ALH,Alliance Laundry Holdings Inc.,NYSE,,USD,21.59000015258789,1.3139403738278155,,,2026-10-06
ALIT,"Alight, Inc. Class A",NYSE,,USD,9.0600004196167,3.661334746895495,,,2026-10-06
ALK,"Alaska Air Group, Inc.",NYSE,,USD,39.88999938964844,1.786171950673121,,,2026-10-06
ALL,Allstate Corporation (The),NYSE,,USD,224.27000427246094,-0.19580901084058633,,,2026-10-06
ALLE,Allegion plc,NYSE,,USD,155.1999969482422,0.9956392253058999,,,2026-10-06
ALLY,Ally Financial Inc.,NYSE,,USD,37.619998931884766,-0.02658021776923425,,,2026-10-06
ALSN,"Allison Transmission Holdings, Inc.",NYSE,,USD,114.75,-0.8639308855291628,,,2026-10-06
ALTG,Alta Equipment Group Inc. Class A,NYSE,,USD,6.739999771118164,4.496123572538013,,,2026-10-06
ALUB,Alussa Energy Acquisition Corp. II,NYSE,,USD,10.135000228881836,0.04935947072488567,,,2026-10-06
ALV,"Autoliv, Inc.",NYSE,,USD,113.05000305175781,0.8744564643546227,,,2026-10-06
ALX,"Alexander's, Inc.",NYSE,,USD,245.49000549316406,0.10602690133953985,,,2026-10-06
AM,Antero Midstream Corporation,NYSE,,USD,21.139999389648438,2.8210113753496247,,,2026-10-06
AMBP,Ardagh Metal Packaging S.A.,NYSE,,USD,4.440000057220459,0.0,,,2026-10-06
AMBQ,"Ambiq Micro, Inc.",NYSE,,USD,63.2400016784668,-4.0655287696003795,,,2026-10-06
AMC,"AMC Entertainment Holdings, Inc. Class A",NYSE,,USD,2.950000047683716,5.734770179868454,,,2026-10-06
AMCR,Amcor plc,NYSE,,USD,41.77000045776367,-0.07176741589572933,,,2026-10-06
AME,"AMETEK, Inc.",NYSE,,USD,253.72000122070312,0.7145137602575957,,,2026-10-06
AMG,"Affiliated Managers Group, Inc.",NYSE,,USD,379.7200012207031,-0.2574234186772717,,,2026-10-06
AMH,American Homes 4 Rent,NYSE,,USD,30.469999313354492,1.2965405273857034,,,2026-10-06
AMN,AMN Healthcare Services Inc,NYSE,,USD,36.72999954223633,-0.2985901462973728,,,2026-10-06
AMP,"Ameriprise Financial, Inc.",NYSE,,USD,496.6099853515625,0.3374111815409364,,,2026-10-06
AMPX,"Amprius Technologies, Inc.",NYSE,,USD,9.470000267028809,0.21164505997197658,,,2026-10-06
AMPY,Amplify Energy Corp.,NYSE,,USD,4.480000019073486,1.1286725208207171,,,2026-10-06
AMR,"Alpha Metallurgical Resources, Inc.",NYSE,,USD,176.97999572753906,1.9469985628963515,,,2026-10-06
AMRC,"Ameresco, Inc. Class A",NYSE,,USD,22.68000030517578,5.537461827509826,,,2026-10-06
AMRZ,Amrize Ltd,NYSE,,USD,37.279998779296875,0.21504842665789337,,,2026-10-06
AMT,American Tower Corporation (REIT),NYSE,,USD,164.77999877929688,1.5530656710054158,,,2026-10-06
AMTB,Amerant Bancorp Inc. Class A,NYSE,,USD,29.059999465942383,-0.6495744754106525,,,2026-10-06
AMTD,AMTD IDEA Group,NYSE,,USD,0.7258999943733215,-5.971505119938514,,,2026-10-06
AMTM,"Amentum Holdings, Inc.",NYSE,,USD,18.770000457763672,2.905705555351634,,,2026-10-06
AMWL,American Well Corporation Class A,NYSE,,USD,12.270000457763672,-3.5377342753016294,,,2026-10-06
AMX,"America Movil, S.A.B. de C.V.",NYSE,,USD,22.360000610351562,0.9480857581848801,,,2026-10-06
AN,"AutoNation, Inc.",NYSE,,USD,158.13999938964844,-2.1834594045136435,,,2026-10-06
ANDG,Andersen Group Inc. Class A,NYSE,,USD,57.119998931884766,1.9999980926513672,,,2026-10-06
ANET,"Arista Networks, Inc.",NYSE,,USD,215.36000061035156,4.0889352167404525,,,2026-10-06
ANF,Abercrombie & Fitch Company,NYSE,,USD,141.38999938964844,-0.007068251249897628,,,2026-10-06
ANGX,"Angel Studios, Inc. Class A",NYSE,,USD,4.139999866485596,-0.48076878990646055,,,2026-10-06
ANRO,"Alto Neuroscience, Inc.",NYSE,,USD,23.690000534057617,-1.332776725421636,,,2026-10-06
ANVS,"Annovis Bio, Inc.",NYSE,,USD,1.1799999475479126,-1.6666749450892193,,,2026-10-06
AOD,abrdn Total Dynamic Dividend Fund,NYSE,,USD,10.199999809265137,1.1904750641601458,,,2026-10-06
AOMD,"Angel Oak Mortgage REIT, Inc. 9.750% Senior Notes due 2030",NYSE,,USD,25.030000686645508,-0.07983453502645732,,,2026-10-06
AOMN,"Angel Oak Mortgage REIT, Inc. 9.500% Senior Notes due 2029",NYSE,,USD,24.860000610351562,-1.0350327237081847,,,2026-10-06
AOMR,"Angel Oak Mortgage REIT, Inc.",NYSE,,USD,7.380000114440918,1.79310502677128,,,2026-10-06
AON,Aon plc Class A Ordinary Shares (Ireland),NYSE,,USD,273.989990234375,0.7131051381934261,,,2026-10-06
AORT,"Artivion, Inc.",NYSE,,USD,21.84000015258789,-3.4055746880924054,,,2026-10-06
AOS,A.O. Smith Corporation,NYSE,,USD,56.900001525878906,-0.12287114854191428,,,2026-10-06
AP,Ampco-Pittsburgh Corporation,NYSE,,USD,9.420000076293945,-2.3834150396718656,,,2026-10-06
APAM,Artisan Partners Asset Management Inc. Class A,NYSE,,USD,35.0,1.7441815334505728,,,2026-10-06
APD,"Air Products and Chemicals, Inc.",NYSE,,USD,281.0,0.5546565486711952,,,2026-10-06
APG,APi Group Corporation,NYSE,,USD,41.400001525878906,1.8199746218491297,,,2026-10-06
APH,Amphenol Corporation,NYSE,,USD,88.62000274658203,1.5469303946889612,,,2026-10-06
APLE,"Apple Hospitality REIT, Inc.",NYSE,,USD,16.329999923706055,-0.4268274173929054,,,2026-10-06
APO,"Apollo Global Management, Inc. (New)",NYSE,,USD,115.94999694824219,0.5201547308695487,,,2026-10-06
APOS,"Apollo Global Management, Inc. 7.625% Fixed-Rate Resettable Junior Subordinated Notes due 2053",NYSE,,USD,25.600000381469727,0.039078658937885535,,,2026-10-06
APTV,Aptiv PLC,NYSE,,USD,44.720001220703125,1.891095562991607,,,2026-10-06
AQN,Algonquin Power & Utilities Corp.,NYSE,,USD,5.059999942779541,-0.1972431665334451,,,2026-10-06
AQNB,"Algonquin Power & Utilities Corp. 6.20% Fixed-to-Floating Subordinated Notes Series 2019-A due July 1, 2079",NYSE,,USD,26.270000457763672,-0.15202968069417677,,,2026-10-06
AR,Antero Resources Corporation,NYSE,,USD,35.720001220703125,2.9691629713732848,,,2026-10-06
ARCO,Arcos Dorados Holdings Inc. Class A Shares,NYSE,,USD,8.119999885559082,0.24690744626516548,,,2026-10-06
ARDC,"Ares Dynamic Credit Allocation Fund, Inc.",NYSE,,USD,11.420000076293945,0.7943526318970218,,,2026-10-06
ARDT,"Ardent Health, Inc.",NYSE,,USD,10.680000305175781,1.232228550622061,,,2026-10-06
ARE,"Alexandria Real Estate Equities, Inc.",NYSE,,USD,45.91999816894531,0.08717763709442661,,,2026-10-06
ARES,Ares Management Corporation Class A,NYSE,,USD,117.73999786376953,0.5207894003717906,,,2026-10-06
ARI,"Apollo Commercial Real Estate Finance, Inc",NYSE,,USD,6.25,0.321026980181105,,,2026-10-06
ARIS,Aris Mining Corporation,NYSE,,USD,17.65999984741211,0.5122376445709564,,,2026-10-06
ARL,"American Realty Investors, Inc.",NYSE,,USD,15.850000381469727,0.5072918286864736,,,2026-10-06
ARLO,"Arlo Technologies, Inc.",NYSE,,USD,12.800000190734863,1.6679907514044467,,,2026-10-06
ARMK,Aramark,NYSE,,USD,55.45000076293945,0.39833645215745506,,,2026-10-06
AROC,"Archrock, Inc.",NYSE,,USD,30.829999923706055,2.4252476178895144,,,2026-10-06
ARR,"ARMOUR Residential REIT, Inc.",NYSE,,USD,13.489999771118164,-0.2956390439206813,,,2026-10-06
ARW,"Arrow Electronics, Inc.",NYSE,,USD,240.39999389648438,0.07492826361943372,,,2026-10-06
ARX,Accelerant Holdings,NYSE,,USD,19.729999542236328,0.0,,,2026-10-06
AS,"Amer Sports, Inc.",NYSE,,USD,27.760000228881836,1.0557004833500638,,,2026-10-06
ASA,ASA  Gold and Precious Metals Limited,NYSE,,USD,57.060001373291016,1.3499150027167062,,,2026-10-06
ASAN,"Asana, Inc. Class A",NYSE,,USD,9.289999961853027,1.641133620305113,,,2026-10-06
ASB,Associated Banc-Corp,NYSE,,USD,28.899999618530273,-0.4135108109596719,,,2026-10-06
ASBA,Associated Banc-Corp 6.625% Fixed-Rate Reset Subordinated Notes due 2033,NYSE,,USD,24.989999771118164,-0.11990681893132571,,,2026-10-06
ASBH,"American Savings Bank, N.A.",NYSE,,USD,18.010000228881836,0.5583494266985012,,,2026-10-06
ASC,Ardmore Shipping Corporation,NYSE,,USD,18.81999969482422,-2.688730370532544,,,2026-10-06
ASG,"Liberty All-Star Growth Fund, Inc.",NYSE,,USD,5.199999809265137,0.7751930820906638,,,2026-10-06
ASGI,abrdn Global Infrastructure Income Fund,NYSE,,USD,19.520000457763672,0.8785533485402119,,,2026-10-06
ASH,Ashland Inc.,NYSE,,USD,70.97000122070312,3.1840687413118296,,,2026-10-06
ASIC,Ategrity Specialty Insurance Company Holdings,NYSE,,USD,25.510000228881836,-0.8550303819219174,,,2026-10-06
ASIX,AdvanSix Inc.,NYSE,,USD,16.700000762939453,1.3349589005708928,,,2026-10-06
ASPN,"Aspen Aerogels, Inc.",NYSE,,USD,5.869999885559082,3.1634415910103186,,,2026-10-06
ASR,"Grupo Aeroportuario del Sureste, S.A. de C.V.",NYSE,,USD,240.7899932861328,0.972865372396492,,,2026-10-06
ASX,"ASE Technology Holding Co., Ltd.",NYSE,,USD,46.779998779296875,-1.5779508084622251,,,2026-10-06
ATEN,"A10 Networks, Inc.",NYSE,,USD,28.579999923706055,1.3834671240153362,,,2026-10-06
ATHM,Autohome Inc.,NYSE,,USD,20.719999313354492,0.5337151855671518,,,2026-10-06
ATHS,Athene Holding Ltd. 7.250% Fixed-Rate Reset Junior Subordinated Debentures due 2064,NYSE,,USD,23.498699188232422,-0.38703248734592854,,,2026-10-06
ATI,ATI Inc.,NYSE,,USD,194.69000244140625,0.8286323133570139,,,2026-10-06
ATKR,Atkore Inc.,NYSE,,USD,94.72000122070312,-0.0633019195679263,,,2026-10-06
ATMU,Atmus Filtration Technologies Inc.,NYSE,,USD,45.959999084472656,-0.47639934874246226,,,2026-10-06
ATO,Atmos Energy Corporation,NYSE,,USD,159.74000549316406,1.069283396883458,,,2026-10-06
ATR,"AptarGroup, Inc.",NYSE,,USD,120.25,-0.2984832174195873,,,2026-10-06
ATS,ATS Corporation,NYSE,,USD,18.25,-1.5110667904470354,,,2026-10-06
AU,AngloGold Ashanti PLC,NYSE,,USD,93.55000305175781,-0.9843355970917567,,,2026-10-06
AUB,Atlantic Union Bankshares Corporation,NYSE,,USD,38.13999938964844,-0.5735172502676078,,,2026-10-06
AUNA,Auna SA,NYSE,,USD,5.119999885559082,1.1857696335581869,,,2026-10-06
AVA,Avista Corporation,NYSE,,USD,35.189998626708984,0.17078723817121055,,,2026-10-06
AVAL,Grupo Aval Acciones y Valores S.A. ADR,NYSE,,USD,4.96999979019165,0.4040400342860462,,,2026-10-06
AVBC,"Avidia Bancorp, Inc.",NYSE,,USD,22.200000762939453,1.231192220731292,,,2026-10-06
AVD,American Vanguard Corporation Common Stock ($0.10 Par Value),NYSE,,USD,1.7100000381469727,-0.5813947847045586,,,2026-10-06
AVEX,AEVEX Corp. Class A,NYSE,,USD,15.149999618530273,1.4735385723885441,,,2026-10-06
AVK,Advent Convertible and Income Fund,NYSE,,USD,11.6899995803833,1.2998233884412125,,,2026-10-06
AVNT,Avient Corporation,NYSE,,USD,41.4900016784668,-0.2644153838676777,,,2026-10-06
AVTR,"Avantor, Inc.",NYSE,,USD,15.430000305175781,-2.403542722044605,,,2026-10-06
AVY,Avery Dennison Corporation,NYSE,,USD,168.4499969482422,-0.9117665010340059,,,2026-10-06
AWF,Alliancebernstein Global High Income Fund,NYSE,,USD,9.630000114440918,1.5822845933303187,,,2026-10-06
AWI,Armstrong World Industries Inc,NYSE,,USD,164.8699951171875,0.8564225154646055,,,2026-10-06
AWK,"American Water Works Company, Inc.",NYSE,,USD,128.0399932861328,0.1564431742579142,,,2026-10-06
AWP,abrdn Global Premier Properties Fund,NYSE,,USD,10.119999885559082,0.7968119921316186,,,2026-10-06
AWR,American States Water Company,NYSE,,USD,81.55999755859375,-0.2446239877825218,,,2026-10-06
AX,"Axos Financial, Inc.",NYSE,,USD,89.02999877929688,0.587500429913046,,,2026-10-06
AXP,American Express Company,NYSE,,USD,304.54998779296875,0.17433024092143867,,,2026-10-06
AXR,AMREP Corporation,NYSE,,USD,21.139999389648438,-0.18886173253532812,,,2026-10-06
AXS,Axis Capital Holdings Limited,NYSE,,USD,96.16000366210938,0.5647363522447213,,,2026-10-06
AXTA,Axalta Coating Systems Ltd.,NYSE,,USD,33.400001525878906,2.2031860892886668,,,2026-10-06
AYI,Acuity Inc.,NYSE,,USD,302.9800109863281,-0.610151349529886,,,2026-10-06
AZN,AstraZeneca PLC,NYSE,,USD,158.61000061035156,1.3288199369294373,,,2026-10-06
AZO,"AutoZone, Inc.",NYSE,,USD,2898.570068359375,3.2353569795717796,,,2026-10-06
AZUL,Azul S.A.,NYSE,,USD,7.5,-0.13315883591290545,,,2026-10-06
AZZ,AZZ Inc.,NYSE,,USD,141.58999633789062,1.7535052450102118,,,2026-10-06
B,Barrick Mining Corporation,NYSE,,USD,40.720001220703125,1.8000030517578036,,,2026-10-06
BA,Boeing Company (The),NYSE,,USD,189.82000732421875,-1.5047705884784102,,,2026-10-06
BABA,Alibaba Group Holding Limited,NYSE,,USD,109.26000213623047,-1.3898924847573935,,,2026-10-06
BAC,Bank of America Corporation,NYSE,,USD,54.09000015258789,0.16666694923683778,,,2026-10-06
BAH,Booz Allen Hamilton Holding Corporation,NYSE,,USD,68.13999938964844,-0.685033109637101,,,2026-10-06
BAK,Braskem SA ADR,NYSE,,USD,1.6699999570846558,3.726704487356014,,,2026-10-06
BALL,Ball Corporation,NYSE,,USD,57.43000030517578,0.5603216449033166,,,2026-10-06
BALY,Bally's Corporation,NYSE,,USD,14.0,1.5228429204342975,,,2026-10-06
BAM,Brookfield Asset Management Inc Class A Limited Voting Shares,NYSE,,USD,45.209999084472656,1.0731042860465223,,,2026-10-06
BANC,"Banc of California, Inc.",NYSE,,USD,17.43000030517578,-0.6837546273584016,,,2026-10-06
BAP,Credicorp Ltd.,NYSE,,USD,385.1400146484375,1.8700259706546207,,,2026-10-06
BARK,"BARK, Inc. Class A",NYSE,,USD,8.170000076293945,0.8641937225627228,,,2026-10-06
BAX,Baxter International Inc.,NYSE,,USD,24.360000610351562,0.5780400535349228,,,2026-10-06
BB,BlackBerry Limited,NYSE,,USD,9.579999923706055,5.506607975784239,,,2026-10-06
BBAI,"BigBear.ai, Inc.",NYSE,,USD,2.5799999237060547,-1.1494242373779495,,,2026-10-06
BBAR,Banco BBVA Argentina S.A. ADS,NYSE,,USD,13.59000015258789,2.411452025512184,,,2026-10-06
BBD,Banco Bradesco Sa,NYSE,,USD,4.510000228881836,4.157051001093759,,,2026-10-06
BBDC,"Barings BDC, Inc.",NYSE,,USD,8.510000228881836,-0.4678358007099592,,,2026-10-06
BBDO,Banco Bradesco Sa,NYSE,,USD,4.019999980926514,6.914893380923193,,,2026-10-06
BBN,BlackRock Taxable Municipal Bond Trust,NYSE,,USD,14.34000015258789,0.843881035904892,,,2026-10-06
BBT,Beacon Financial Corporation,NYSE,,USD,27.93000030517578,-0.7109806667529583,,,2026-10-06
BBUC,Brookfield Business Corporation Class A Subordinate Voting Shares,NYSE,,USD,26.200000762939453,0.963391108477496,,,2026-10-06
BBVA,Banco Bilbao Vizcaya Argentaria S.A.,NYSE,,USD,27.149999618530273,0.779506608424807,,,2026-10-06
BBW,"Build-A-Bear Workshop, Inc.",NYSE,,USD,25.639999389648438,-1.384617732121396,,,2026-10-06
BBWI,"Bath & Body Works, Inc.",NYSE,,USD,17.93000030517578,2.691874257433957,,,2026-10-06
BBY,"Best Buy Co., Inc.",NYSE,,USD,84.8499984741211,-2.906512110387094,,,2026-10-06
BC,Brunswick Corporation,NYSE,,USD,64.9800033569336,0.2313767108472531,,,2026-10-06
BCAT,BlackRock Capital Allocation Term Trust,NYSE,,USD,13.710000038146973,0.5131942306620729,,,2026-10-06
BCC,"Boise Cascade, L.L.C.",NYSE,,USD,75.44999694824219,0.8150730093538616,,,2026-10-06
BCE,"BCE, Inc.",NYSE,,USD,19.75,0.050659721366708155,,,2026-10-06
BCH,Banco De Chile ADS,NYSE,,USD,38.66999816894531,-1.902587607400863,,,2026-10-06
BCO,Brinks Company (The),NYSE,,USD,103.5,0.72012246826203,,,2026-10-06
BCS,Barclays PLC,NYSE,,USD,23.670000076293945,0.33912642301223705,,,2026-10-06
BCSF,"Bain Capital Specialty Finance, Inc.",NYSE,,USD,10.819999694824219,-0.7339442798700024,,,2026-10-06
BCSS,Bain Capital GSS Investment Corp.,NYSE,,USD,10.229999542236328,-0.3894928310066881,,,2026-10-06
BCX,BlackRock Resources,NYSE,,USD,12.0,0.8403393670198822,,,2026-10-06
BDC,Belden Inc,NYSE,,USD,113.20999908447266,1.6704091924921283,,,2026-10-06
BDJ,Blackrock Enhanced Equity Dividend Trust,NYSE,,USD,9.449999809265137,1.1777264976464474,,,2026-10-06
BDN,Brandywine Realty Trust,NYSE,,USD,2.75,0.7326000288198298,,,2026-10-06
BDX,"Becton, Dickinson and Company",NYSE,,USD,180.3000030517578,-0.20479056895850167,,,2026-10-06
BE,Bloom Energy Corporation Class A,NYSE,,USD,295.7799987792969,3.1850706705786713,,,2026-10-06
BEBE,TGE Value Creative Solutions Corp,NYSE,,USD,10.050000190734863,0.0996038737035132,,,2026-10-05
BEKE,KE Holdings Inc,NYSE,,USD,16.760000228881836,1.5757589629202151,,,2026-10-06
BEN,"Franklin Templeton, Inc.",NYSE,,USD,32.439998626708984,-1.3382068951114934,,,2026-10-06
BEP,Brookfield Renewable Partners L.P.,NYSE,,USD,29.420000076293945,4.252306137979178,,,2026-10-06
BEPC,Brookfield Renewable Corporation Brookfield Renewable Corporation Class A Subordinate Voting Shares,NYSE,,USD,29.649999618530273,4.696327464823824,,,2026-10-06
BEPH,Brookfield BRP Holdings (Canada) Inc. 4.625% Perpetual Subordinated Notes,NYSE,,USD,14.6899995803833,0.4101125459538446,,,2026-10-06
BEPI,Brookfield BRP Holdings (Canada) Inc. 4.875% Perpetual Subordinated Notes,NYSE,,USD,15.710000038146973,0.7697234405681597,,,2026-10-06
BEPJ,Brookfield BRP Holdings (Canada) Inc. 7.250% Perpetual Subordinated Notes,NYSE,,USD,22.829999923706055,2.010727345014063,,,2026-10-06
BETA,"Beta Technologies, Inc. Class A",NYSE,,USD,20.899999618530273,0.9661780107220741,,,2026-10-06
BFAM,Bright Horizons Family Solutions Inc.,NYSE,,USD,66.41999816894531,3.441830113663835,,,2026-10-06
BFH,"Bread Financial Holdings, Inc.",NYSE,,USD,97.80000305175781,-1.1122330203738762,,,2026-10-06
BFLY,"Butterfly Network, Inc. Class A",NYSE,,USD,8.699999809265137,-7.249470115985302,,,2026-10-06
BFS,"Saul Centers, Inc.",NYSE,,USD,29.899999618530273,1.184434485638719,,,2026-10-06
BG,Bunge Limited,NYSE,,USD,107.33000183105469,0.009319918243488878,,,2026-10-06
BGB,Blackstone Strategic Credit 2027 Term Fund,NYSE,,USD,11.119999885559082,0.633481390189572,,,2026-10-06
BGH,Barings Global Short Duration High Yield Fund Common Shares of Beneficial Interests,NYSE,,USD,12.970000267028809,0.9338512217643702,,,2026-10-06
BGR,BlackRock Energy and Resources Trust,NYSE,,USD,17.299999237060547,0.9924114689001451,,,2026-10-06
BGS,"B&G Foods, Inc.",NYSE,,USD,2.440000057220459,-3.9370041785203203,,,2026-10-06
BGSF,"BGSF, Inc.",NYSE,,USD,4.730000019073486,-1.046029048958308,,,2026-10-06
BGSI,Boyd Group Services Inc.,NYSE,,USD,77.0,-1.4967355716404729,,,2026-10-06
BGT,BlackRock Floating Rate Income Trust,NYSE,,USD,10.430000305175781,1.5579341799459856,,,2026-10-06
BGX,Blackstone Long Short Credit Income Fund,NYSE,,USD,10.619999885559082,0.9505648616356499,,,2026-10-06
BGY,Blackrock Enhanced International Dividend Trust,NYSE,,USD,5.670000076293945,0.7104788817042351,,,2026-10-06
BH,Biglari Holdings Inc. Class B,NYSE,,USD,369.8699951171875,1.5010980549733377,,,2026-10-06
BHC,Bausch Health Companies Inc.,NYSE,,USD,6.019999980926514,2.20713272305193,,,2026-10-06
BHE,"Benchmark Electronics, Inc.",NYSE,,USD,85.95999908447266,-0.1741975668513418,,,2026-10-06
BHK,Blackrock Core Bond Trust,NYSE,,USD,8.140000343322754,1.118014291372016,,,2026-10-06
BHP,BHP Group Limited,NYSE,,USD,87.0,0.19578275407166057,,,2026-10-06
BHR,Braemar Hotels & Resorts Inc.,NYSE,,USD,1.5199999809265137,-1.9354820846890552,,,2026-10-06
BHV,BlackRock Virginia Municipal Bond Trust,NYSE,,USD,11.600000381469727,0.0,,,2026-10-06
BHVN,Biohaven Ltd.,NYSE,,USD,12.079999923706055,-6.86199171163654,,,2026-10-06
BIII,Black Spade Acquisition III Co,NYSE,,USD,10.050000190734863,0.0,,,2026-10-06
BILL,"BILL Holdings, Inc.",NYSE,,USD,43.959999084472656,-1.1912847246545732,,,2026-10-06
BIO,"Bio-Rad Laboratories, Inc. Class A",NYSE,,USD,368.8299865722656,-2.893481264817077,,,2026-10-06
BIP,Brookfield Infrastructure Partners LP,NYSE,,USD,37.43000030517578,3.483555985668474,,,2026-10-06
BIPC,Brookfield Infrastructure Corporation Brookfield Infrastructure Corporation,NYSE,,USD,37.720001220703125,3.74037565325116,,,2026-10-06
BIPH,Brookfield Infrastructure Corporation 5.000% Subordinated Notes due 2081,NYSE,,USD,15.489999771118164,-0.5776646535854524,,,2026-10-06
BIPI,BIP Bermuda Holdings I Limited 5.125% Perpetual Subordinated Notes,NYSE,,USD,16.079999923706055,0.7518789804026538,,,2026-10-06
BIPJ,Brookfield Infrastructure Corporation 7.250% Subordinated Notes due 2084,NYSE,,USD,23.06999969482422,0.9627978541869142,,,2026-10-06
BIRK,Birkenstock Holding plc,NYSE,,USD,34.0,0.6810765150091935,,,2026-10-06
BIT,BlackRock Multi-Sector Income Trust,NYSE,,USD,11.239999771118164,1.261255719253418,,,2026-10-06
BJ,"BJ's Wholesale Club Holdings, Inc.",NYSE,,USD,95.62000274658203,1.940298118988304,,,2026-10-06
BKD,Brookdale Senior Living Inc.,NYSE,,USD,10.899999618530273,3.5137691827336948,,,2026-10-06
BKE,"Buckle, Inc. (The)",NYSE,,USD,43.459999084472656,0.023011096335201486,,,2026-10-06
BKH,Black Hills Corporation,NYSE,,USD,70.73999786376953,0.36889116693035184,,,2026-10-06
BKKT,"Bakkt, Inc. Class A",NYSE,,USD,7.349999904632568,-2.9062121801844754,,,2026-10-06
BKSY,BlackSky Technology Inc. Class A,NYSE,,USD,22.65999984741211,6.036494887779265,,,2026-10-06
BKT,BlackRock Income Trust Inc. (The),NYSE,,USD,9.5,-0.3147925898402737,,,2026-10-06
BKU,"BankUnited, Inc.",NYSE,,USD,42.900001525878906,-0.763354198130417,,,2026-10-06
BKV,BKV Corporation,NYSE,,USD,22.049999237060547,1.1932001404732828,,,2026-10-06
BLCO,Bausch + Lomb Corporation,NYSE,,USD,17.18000030517578,0.05824245100407577,,,2026-10-06
BLDR,"Builders FirstSource, Inc.",NYSE,,USD,56.220001220703125,1.0605790783025038,,,2026-10-06
BLK,"BlackRock, Inc.",NYSE,,USD,1079.4200439453125,1.2161932924452001,,,2026-10-06
BLND,"Blend Labs, Inc. Class A",NYSE,,USD,1.0199999809265137,-1.923075159625831,,,2026-10-06
BLSH,Bullish,NYSE,,USD,33.380001068115234,-2.8238644806247826,,,2026-10-06
BLW,Blackrock Limited Duration Income Trust,NYSE,,USD,11.8100004196167,1.1130146493516069,,,2026-10-06
BLX,"Bladex, Inc. Class E",NYSE,,USD,55.58000183105469,1.0178141923515627,,,2026-10-06
BMA,Banco Macro S.A.  ADR (representing Ten Class B Common Shares),NYSE,,USD,68.55000305175781,-0.3343933289052248,,,2026-10-06
BME,Blackrock Health Sciences Trust,NYSE,,USD,42.56999969482422,-0.6534394148601352,,,2026-10-06
BMEZ,BlackRock Health Sciences Term Trust,NYSE,,USD,16.3799991607666,-0.9673624298928374,,,2026-10-06
BMI,"Badger Meter, Inc.",NYSE,,USD,123.7300033569336,-0.9288141871918287,,,2026-10-06
BMN,BlackRock 2037 Municipal Target Term Trust,NYSE,,USD,22.770000457763672,4.593477165699267,,,2026-10-06
BMNP,"BitMine Immersion Technologies, Inc. 9.5% Series A Perpetual Preferred Stock",NYSE,,USD,99.51499938964844,-0.045197037011601715,,,2026-10-06
BMNR,"BitMine Immersion Technologies, Inc.",NYSE,,USD,26.200000762939453,-2.2023147906871876,,,2026-10-06
BMO,Bank Of Montreal,NYSE,,USD,166.08999633789062,0.9972632533186365,,,2026-10-06
BMY,Bristol-Myers Squibb Company,NYSE,,USD,59.59000015258789,1.3263029435178986,,,2026-10-06
BN,Brookfield Corporation Class A Limited Voting Shares,NYSE,,USD,37.290000915527344,1.248979260394134,,,2026-10-06
BNED,"Barnes & Noble Education, Inc",NYSE,,USD,11.640000343322754,0.8665544350111798,,,2026-10-06
BNH,"Brookfield Finance Inc. 4.625% Subordinated Notes due October 16, 2080",NYSE,,USD,14.430000305175781,-1.096640477990185,,,2026-10-06
BNJ,Brookfield Finance Inc. 4.50% Perpetual Subordinated Notes,NYSE,,USD,14.300000190734863,-0.41782358897539673,,,2026-10-06
BNL,"Broadstone Net Lease, Inc.",NYSE,,USD,18.6299991607666,1.2499975380689587,,,2026-10-06
BNS,Bank Nova Scotia Halifax Pfd 3,NYSE,,USD,90.22000122070312,-0.0664571991637053,,,2026-10-06
BNT,Brookfield Wealth Solutions Ltd. Class A Exchangeable Limited Voting Shares,NYSE,,USD,37.2400016784668,1.1406898075059457,,,2026-10-06
BNY,The Bank of New York Mellon Corporation,NYSE,,USD,143.72999572753906,-0.013916015625003997,,,2026-10-06
BOBS,"Bob's Discount Furniture, Inc.",NYSE,,USD,14.680000305175781,3.7455879924649604,,,2026-10-06
BOC,Boston Omaha Corporation Class A,NYSE,,USD,13.020000457763672,-1.5128578307516682,,,2026-10-06
BOE,Blackrock Enhanced Global Dividend Trust,NYSE,,USD,11.779999732971191,0.9425848839598183,,,2026-10-06
BOH,Bank of Hawaii Corporation,NYSE,,USD,67.30000305175781,-1.0730497436980957,,,2026-10-06
BOOT,"Boot Barn Holdings, Inc.",NYSE,,USD,124.31999969482422,1.171877013014977,,,2026-10-06
BORR,Borr Drilling Limited,NYSE,,USD,4.210000038146973,1.4457817204996726,,,2026-10-06
BOW,Bowhead Specialty Holdings Inc.,NYSE,,USD,33.779998779296875,-0.059172953299191366,,,2026-10-06
BOX,"Box, Inc. Class A",NYSE,,USD,35.27000045776367,-0.19807497035082555,,,2026-10-06
BP,BP p.l.c.,NYSE,,USD,45.0099983215332,0.8740461653613973,,,2026-10-06
BPRE,Bluerock Private Real Estate Fund,NYSE,,USD,13.09000015258789,2.8279703322622307,,,2026-10-06
BR,"Broadridge Financial Solutions, Inc.",NYSE,,USD,158.66000366210938,-0.2640169500320755,,,2026-10-06
BRBR,"BellRing Brands, Inc.",NYSE,,USD,7.690000057220459,-0.517463929551476,,,2026-10-06
BRC,Brady Corporation,NYSE,,USD,85.11000061035156,-0.3512504845973985,,,2026-10-06
BRCC,BRC Inc. Class A,NYSE,,USD,9.4399995803833,-0.10582252998598829,,,2026-10-06
BRO,"Brown & Brown, Inc.",NYSE,,USD,60.970001220703125,0.06565060779089027,,,2026-10-06
BROS,Dutch Bros Inc. Class A,NYSE,,USD,39.060001373291016,2.171074656011185,,,2026-10-06
BRSL,"Brightstar Lottery PLC Trading under the Legal Name to begin at the market open on July 21, 2025.",NYSE,,USD,10.210000038146973,2.8197353914002132,,,2026-10-06
BRSP,"BrightSpire Capital, Inc. Class A",NYSE,,USD,3.7899999618530273,0.5305034755357818,,,2026-10-06
BRT,BRT Apartments Corp. (MD),NYSE,,USD,13.640000343322754,2.633561944878493,,,2026-10-06
BRW,Saba Capital Income & Opportunities Fund SBI,NYSE,,USD,5.989999771118164,0.5033512211271463,,,2026-10-06
BRX,Brixmor Property Group Inc.,NYSE,,USD,27.459999084472656,1.5157111237562582,,,2026-10-06
BSAC,Banco Santander - Chile ADS,NYSE,,USD,32.11000061035156,-1.8042817700988145,,,2026-10-06
BSBR,Banco Santander Brasil SA,NYSE,,USD,5.980000019073486,3.460204186943594,,,2026-10-06
BSL,Blackstone Senior Floating Rate 2027 Term Fund,NYSE,,USD,12.960000038146973,0.3095972261363933,,,2026-10-06
BSM,"Black Stone Minerals, L.P. Common",NYSE,,USD,14.680000305175781,0.06816788568388965,,,2026-10-06
BST,BlackRock Science and Technology Trust,NYSE,,USD,51.040000915527344,1.0292962253601212,,,2026-10-06
BSTZ,BlackRock Science and Technology Term Trust,NYSE,,USD,31.239999771118164,0.7741928100585938,,,2026-10-06
BSX,Boston Scientific Corporation,NYSE,,USD,42.189998626708984,-0.4952898387084903,,,2026-10-06
BTE,Baytex Energy Corp,NYSE,,USD,4.690000057220459,0.21368011215048277,,,2026-10-06
BTGO,"BitGo Holdings, Inc. Class A",NYSE,,USD,7.190000057220459,-2.5745264806795065,,,2026-10-06
BTI,"British American Tobacco  Industries, p.l.c. Common Stock ADR",NYSE,,USD,53.0099983215332,0.24583443795795912,,,2026-10-06
BTO,John Hancock Financial Opportunities Fund,NYSE,,USD,36.310001373291016,0.41482723039789615,,,2026-10-06
BTT,BlackRock Municipal 2030 Target Term Trust,NYSE,,USD,21.850000381469727,0.413603638057114,,,2026-10-06
BTU,Peabody Energy Corporation,NYSE,,USD,25.43000030517578,-0.27450860715380054,,,2026-10-06
BTX,BlackRock Technology and Private Equity Term Trust,NYSE,,USD,9.489999771118164,1.1727042146608913,,,2026-10-06
BTZ,BlackRock Credit Allocation Income Trust,NYSE,,USD,9.430000305175781,1.5070004725256103,,,2026-10-06
BUD,Anheuser-Busch Inbev SA Sponsored ADR (Belgium),NYSE,,USD,75.62000274658203,1.069236908608473,,,2026-10-06
BUI,"BlackRock Utility, Infrastructure & Power Opportunities Trust",NYSE,,USD,25.25,2.268122534748085,,,2026-10-06
BUR,Burford Capital Limited,NYSE,,USD,3.619999885559082,1.9718291319166026,,,2026-10-06
BURL,"Burlington Stores, Inc.",NYSE,,USD,276.42999267578125,1.699714932741414,,,2026-10-06
BV,"BrightView Holdings, Inc.",NYSE,,USD,10.489999771118164,2.8431369340772505,,,2026-10-06
BVN,Buenaventura Mining Company Inc.,NYSE,,USD,31.940000534057617,1.1079467546031507,,,2026-10-06
BW,"Babcock & Wilcox Enterprises, Inc.",NYSE,,USD,5.909999847412109,4.787233817697878,,,2026-10-06
BWA,BorgWarner Inc.,NYSE,,USD,63.36000061035156,5.144378319225096,,,2026-10-06
BWG,BrandywineGLOBAL Global Income Opportunities Fund Inc.,NYSE,,USD,6.980000019073486,1.749269434745715,,,2026-10-06
BWIV,Blue Water Acquisition Corp. IV,NYSE,,USD,9.989999771118164,0.0,,,2026-10-06
BWLP,BW LPG Limited,NYSE,,USD,25.59000015258789,-1.3492689832839355,,,2026-10-06
BWMX,"Betterware de Mexico, S.A.P.I. de C.V.",NYSE,,USD,16.299999237060547,-0.12255182682395782,,,2026-10-06
BWXT,"BWX Technologies, Inc.",NYSE,,USD,145.6999969482422,7.646834413003933,,,2026-10-06
BX,Blackstone Inc.,NYSE,,USD,113.36000061035156,1.531571035470436,,,2026-10-06
BXC,Bluelinx Holdings Inc.,NYSE,,USD,74.81999969482422,0.2949078085831891,,,2026-10-06
BXDC,Blackstone Digital Infrastructure Trust Inc.,NYSE,,USD,17.43000030517578,1.2195180034556108,,,2026-10-06
BXMT,"Blackstone Mortgage Trust, Inc.",NYSE,,USD,11.25,2.1798343880919058,,,2026-10-06
BXP,"BXP, Inc.",NYSE,,USD,59.790000915527344,0.7074313478166783,,,2026-10-06
BXSL,Blackstone Secured Lending Fund,NYSE,,USD,23.520000457763672,0.0,,,2026-10-06
BY,"Byline Bancorp, Inc.",NYSE,,USD,37.34000015258789,-0.7706641171824735,,,2026-10-06
BYD,Boyd Gaming Corporation,NYSE,,USD,70.41000366210938,2.4741734831734252,,,2026-10-06
BZH,"Beazer Homes USA, Inc.",NYSE,,USD,33.40999984741211,0.11987089244143156,,,2026-10-06
C,"Citigroup, Inc.",NYSE,,USD,128.52000427246094,-0.023336272722451756,,,2026-10-06
CAAP,Corporacion America Airports SA,NYSE,,USD,25.219999313354492,-1.252942798362633,,,2026-10-06
CABO,"Cable One, Inc.",NYSE,,USD,12.970000267028809,15.288891262478298,,,2026-10-06
CACI,"CACI International, Inc. Class A",NYSE,,USD,599.6400146484375,-3.9330953230500176,,,2026-10-06
CAF,Morgan Stanley China A Share Fund Inc.,NYSE,,USD,17.719999313354492,0.5675282029410145,,,2026-10-06
CAG,"ConAgra Brands, Inc.",NYSE,,USD,13.449999809265137,1.9711920936564598,,,2026-10-06
CAH,"Cardinal Health, Inc.",NYSE,,USD,233.44000244140625,0.1372715043417294,,,2026-10-06
CAL,"Caleres, Inc.",NYSE,,USD,12.460000038146973,1.714286025689571,,,2026-10-06
CALX,"Calix, Inc",NYSE,,USD,35.290000915527344,2.7664553253295754,,,2026-10-06
CALY,Callaway Golf Company,NYSE,,USD,14.279999732971191,0.0,,,2026-10-06
CANG,Cango Inc.,NYSE,,USD,3.0199999809265137,11.029409895615604,,,2026-10-06
CAPL,CrossAmerica Partners LP Common,NYSE,,USD,21.670000076293945,-0.046126516333344636,,,2026-10-06
CARR,Carrier Global Corporation,NYSE,,USD,56.099998474121094,0.6639133948033837,,,2026-10-06
CARS,Cars.com Inc.,NYSE,,USD,9.449999809265137,-2.577319638307707,,,2026-10-06
CAT,"Caterpillar, Inc.",NYSE,,USD,863.4400024414062,1.8039459910768052,,,2026-10-06
CATO,Cato Corporation (The) Class A,NYSE,,USD,2.390000104904175,0.0,,,2026-10-06
CAVA,"CAVA Group, Inc.",NYSE,,USD,52.63999938964844,-2.6987044836443985,,,2026-10-06
CB,Chubb Limited,NYSE,,USD,334.2099914550781,1.125601782391361,,,2026-10-06
CBAN,"Colony Bankcorp, Inc.",NYSE,,USD,20.43000030517578,0.09799342436647152,,,2026-10-06
CBL,"CBL & Associates Properties, Inc.",NYSE,,USD,50.0,-7.766093258759199,,,2026-10-06
CBNA,"Chain Bridge Bancorp, Inc. Class A",NYSE,,USD,49.41999816894531,5.104206056606642,,,2026-10-06
CBRE,CBRE Group Inc Common Stock Class A,NYSE,,USD,130.66000366210938,0.9737324768600564,,,2026-10-06
CBT,Cabot Corporation,NYSE,,USD,77.11000061035156,-0.34892304555422804,,,2026-10-06
CBU,"Community Financial System, Inc.",NYSE,,USD,59.58000183105469,-0.9146835644281981,,,2026-10-06
CBZ,"CBIZ, Inc.",NYSE,,USD,54.7400016784668,0.036550543343372155,,,2026-10-06
CC,Chemours Company (The),NYSE,,USD,14.079999923706055,1.3678875139455204,,,2026-10-06
CCI,Crown Castle Inc.,NYSE,,USD,68.27999877929688,1.035804867232959,,,2026-10-06
CCID,Carlyle Credit Income Fund 7.375% Series D Term Preferred Shares due 2028,NYSE,,USD,24.809999465942383,-0.24126003725887246,,,2026-10-06
CCIF,Carlyle Credit Income Fund,NYSE,,USD,2.369999885559082,-0.8368292245700459,,,2026-10-06
CCJ,Cameco Corporation,NYSE,,USD,93.0199966430664,6.345027260671476,,,2026-10-06
CCK,"Crown Holdings, Inc.",NYSE,,USD,107.69000244140625,1.0414717501235238,,,2026-10-06
CCL,Carnival Corporation Ltd.,NYSE,,USD,26.579999923706055,3.990612202957111,,,2026-10-06
CCM,Concord Medical Services Holdings Limited,NYSE,,USD,3.194999933242798,2.403847770342993,,,2026-10-06
CCO,"Clear Channel Outdoor Holdings, Inc.",NYSE,,USD,2.4000000953674316,0.0,,,2026-10-06
CCS,"Century Communities, Inc.",NYSE,,USD,58.88999938964844,1.3074115045046408,,,2026-10-06
CCU,"Compania Cervecerias Unidas, S.A.",NYSE,,USD,11.09000015258789,1.0018270941490215,,,2026-10-06
CCZ,Comcast Holdings ZONES,NYSE,,USD,62.900001525878906,0.0,,,2026-10-05
CDE,"Coeur Mining, Inc.",NYSE,,USD,17.170000076293945,0.7038172703994094,,,2026-10-06
CDLR,Cadeler A/S,NYSE,,USD,22.040000915527344,0.6392753398891005,,,2026-10-06
CDP,COPT Defense Properties,NYSE,,USD,33.68000030517578,0.959231681563355,,,2026-10-06
CDRE,"Cadre Holdings, Inc.",NYSE,,USD,25.5,2.0000000000000018,,,2026-10-06
CE,Celanese Corporation,NYSE,,USD,44.849998474121094,-1.4935214658626017,,,2026-10-06
CEE,"The Central and Eastern Europe Fund, Inc. (The)",NYSE,,USD,18.649999618530273,1.6348731925013738,,,2026-10-06
CEPU,Central Puerto S.A.,NYSE,,USD,12.720000267028809,2.3330648007488186,,,2026-10-06
CF,"CF Industries Holdings, Inc.",NYSE,,USD,116.0199966430664,0.0,,,2026-10-06
CFG,"Citizens Financial Group, Inc.",NYSE,,USD,64.08999633789062,-0.3420948982351901,,,2026-10-06
CFND,C1 Fund Inc.,NYSE,,USD,2.9100000858306885,-2.6755827241100705,,,2026-10-06
CFR,"Cullen/Frost Bankers, Inc.",NYSE,,USD,152.9600067138672,-0.5655562028420102,,,2026-10-06
CGAU,Centerra Gold Inc.,NYSE,,USD,21.690000534057617,0.6029734291997269,,,2026-10-06
CHCT,Community Healthcare Trust Incorporated,NYSE,,USD,13.630000114440918,2.020961562141421,,,2026-10-06
CHD,"Church & Dwight Company, Inc.",NYSE,,USD,96.54000091552734,0.9199218270221854,,,2026-10-06
CHE,Chemed Corp,NYSE,,USD,509.8399963378906,-0.2855449814071376,,,2026-10-06
CHGG,"Chegg, Inc.",NYSE,,USD,0.7099999785423279,-1.3888957875743513,,,2026-10-06
CHH,"Choice Hotels International, Inc.",NYSE,,USD,103.05999755859375,3.4946732913734513,,,2026-10-06
CHMI,Cherry Hill Mortgage Investment Corporation,NYSE,,USD,2.619999885559082,0.7692300638503236,,,2026-10-06
CHPT,"ChargePoint Holdings, Inc.",NYSE,,USD,8.670000076293945,-2.9115366181022506,,,2026-10-06
CHT,"Chunghwa Telecom Co., Ltd.",NYSE,,USD,46.08000183105469,-0.15167864032455958,,,2026-10-06
CHWY,"Chewy, Inc. Class A",NYSE,,USD,18.139999389648438,-0.43907753414358375,,,2026-10-06
CI,The Cigna Group,NYSE,,USD,274.3699951171875,1.135311465684019,,,2026-10-06
CIA,"Citizens, Inc. Class A Common Stock ($1.00 Par)",NYSE,,USD,3.5199999809265137,-1.123594452133514,,,2026-10-06
CIB,Grupo Cibest S.A.,NYSE,,USD,96.54000091552734,0.4996912025120537,,,2026-10-06
CICB,CION Investment Corporation 7.50% Notes due 2029,NYSE,,USD,24.450000762939453,-0.08172681232616608,,,2026-10-06
CICC,CION Investment Corporation 7.50% Notes due 2031,NYSE,,USD,24.6200008392334,-0.20267222094009218,,,2026-10-06
CIEN,Ciena Corporation,NYSE,,USD,443.6499938964844,13.846901669793677,,,2026-10-06
CIG,Comp En De Mn Cemig ADS,NYSE,,USD,2.359999895095825,-0.8403453102266312,,,2026-10-06
CII,"BlackRock Enhanced Large Cap Core Fund, Inc.",NYSE,,USD,24.280000686645508,0.9143858087550694,,,2026-10-06
CIM,Chimera Investment Corporation,NYSE,,USD,9.199999809265137,0.21785951442812035,,,2026-10-06
CIMN,Chimera Investment Corporation 9.000% Senior Notes due 2029,NYSE,,USD,25.049999237060547,-0.07977845236193382,,,2026-10-06
CIMO,Chimera Investment Corporation 9.250% Senior Notes due 2029,NYSE,,USD,25.17009925842285,0.00039404898135586564,,,2026-10-06
CIMP,Chimera Investment Corporation 8.875% Senior Notes due 2030,NYSE,,USD,25.010000228881836,0.40144673658082386,,,2026-10-06
CINT,CI&T Inc,NYSE,,USD,3.1600000858306885,-0.6289302046118661,,,2026-10-06
CION,CION Investment Corporation,NYSE,,USD,6.949999809265137,0.288600020518448,,,2026-10-06
CL,Colgate-Palmolive Company,NYSE,,USD,87.25,1.2298381814229042,,,2026-10-06
CLB,Core Laboratories Inc.,NYSE,,USD,10.300000190734863,-1.998097369873364,,,2026-10-06
CLBR,Colombier Acquisition Corp. III,NYSE,,USD,10.199999809265137,0.196458776913655,,,2026-10-06
CLDT,Chatham Lodging Trust (REIT),NYSE,,USD,13.710000038146973,-0.07288796419244736,,,2026-10-06
CLF,Cleveland-Cliffs Inc.,NYSE,,USD,12.25,0.4098376353816935,,,2026-10-06
CLH,"Clean Harbors, Inc.",NYSE,,USD,318.05999755859375,-1.3369723063174632,,,2026-10-06
CLPR,Clipper Realty Inc.,NYSE,,USD,3.1500000953674316,0.318471023221889,,,2026-10-06
CLS,"Celestica, Inc.",NYSE,,USD,388.239990234375,1.4502568025195561,,,2026-10-06
CLVT,Clarivate Plc,NYSE,,USD,1.4700000286102295,1.379308984055716,,,2026-10-06
CLW,Clearwater Paper Corporation,NYSE,,USD,19.81999969482422,-1.588876387894489,,,2026-10-06
CLX,Clorox Company (The),NYSE,,USD,83.5199966430664,1.8412321271832344,,,2026-10-06
CM,Canadian Imperial Bank of Commerce,NYSE,,USD,111.58999633789062,1.1511934794956158,,,2026-10-06
CMBT,CMB.TECH NV,NYSE,,USD,19.68000030517578,-1.5507727338260113,,,2026-10-06
CMC,Commercial Metals Company,NYSE,,USD,64.91000366210938,-0.9158883446124366,,,2026-10-06
CMCM,Cheetah Mobile Inc.,NYSE,,USD,2.5199999809265137,-3.816790419867877,,,2026-10-06
CMDB,Costamare Bulkers Holdings Limited,NYSE,,USD,21.899999618530273,-1.6614316642477256,,,2026-10-06
CMG,"Chipotle Mexican Grill, Inc.",NYSE,,USD,30.899999618530273,0.16207207922946942,,,2026-10-06
CMI,Cummins Inc.,NYSE,,USD,535.3099975585938,2.2813693090550258,,,2026-10-06
CMP,Compass Minerals Intl Inc,NYSE,,USD,22.700000762939453,0.17652654808781865,,,2026-10-06
CMRE,Costamare Inc. Common Stock $0.0001 par value,NYSE,,USD,15.100000381469727,-1.8843401909269586,,,2026-10-06
CMS,CMS Energy Corporation,NYSE,,USD,65.06999969482422,1.6242400989450179,,,2026-10-06
CMSA,CMS Energy Corporation 5.625% Junior Subordinated Notes due 2078,NYSE,,USD,19.31999969482422,-0.8213544721353827,,,2026-10-06
CMSC,CMS Energy Corporation 5.875% Junior Subordinated Notes due 2078,NYSE,,USD,20.1200008392334,-0.7400079681439853,,,2026-10-06
CMSD,CMS Energy Corporation 5.875% Junior Subordinated Notes due 2079,NYSE,,USD,20.329999923706055,-0.48947812029348503,,,2026-10-06
CMTG,"Claros Mortgage Trust, Inc.",NYSE,,USD,1.2100000381469727,2.5423806722535414,,,2026-10-06
CNA,CNA Financial Corporation,NYSE,,USD,46.209999084472656,0.0,,,2026-10-06
CNC,Centene Corporation,NYSE,,USD,64.61000061035156,0.4821112657556581,,,2026-10-06
CNF,CNFinance Holdings Limited,NYSE,,USD,1.8955999612808228,-0.7539269943574012,,,2026-10-06
CNH,CNH Industrial N.V.,NYSE,,USD,13.270000457763672,-0.2255618988042607,,,2026-10-06
CNI,Canadian National Railway Company,NYSE,,USD,118.41000366210938,-0.7626517222948936,,,2026-10-06
CNK,"Cinemark Holdings Inc Cinemark Holdings, Inc.",NYSE,,USD,35.279998779296875,-1.9182719432578432,,,2026-10-06
CNM,"Core & Main, Inc. Class A",NYSE,,USD,42.099998474121094,0.6695331930658188,,,2026-10-06
CNMD,CONMED Corporation,NYSE,,USD,44.47999954223633,-6.021555416354085,,,2026-10-06
CNNE,"Cannae Holdings, Inc.",NYSE,,USD,15.5,-0.5772941097306639,,,2026-10-06
CNO,"CNO Financial Group, Inc.",NYSE,,USD,54.040000915527344,0.01851219036914653,,,2026-10-06
CNP,"CenterPoint Energy, Inc (Holding Co)",NYSE,,USD,38.560001373291016,2.1456990020954025,,,2026-10-06
CNQ,Canadian Natural Resources Limited,NYSE,,USD,48.099998474121094,-0.4346985990483221,,,2026-10-06
CNR,"Core Natural Resources, Inc.",NYSE,,USD,90.20999908447266,-0.8790276156243948,,,2026-10-06
CNS,Cohen & Steers Inc,NYSE,,USD,72.55999755859375,-0.6299631684745344,,,2026-10-06
CNX,CNX Resources Corporation,NYSE,,USD,33.2400016784668,3.1017368112232546,,,2026-10-06
CODI,D/B/A Compass Diversified Holdings,NYSE,,USD,11.020000457763672,-0.36166329417204324,,,2026-10-06
COF,Capital One Financial Corporation,NYSE,,USD,195.82000732421875,0.3484718339126891,,,2026-10-06
COHR,Coherent Corp.,NYSE,,USD,338.3599853515625,1.4146896343049553,,,2026-10-06
COLD,"Americold Realty Trust, Inc.",NYSE,,USD,13.859999656677246,-1.3523169500233245,,,2026-10-06
COMP,"Compass, Inc. Class A",NYSE,,USD,9.289999961853027,0.0,,,2026-10-06
CON,"Concentra Group Holdings Parent, Inc.",NYSE,,USD,36.400001525878906,0.5247236846457781,,,2026-10-06
COOK,"Traeger, Inc.",NYSE,,USD,51.060001373291016,-4.45358778925653,,,2026-10-06
COP,ConocoPhillips,NYSE,,USD,129.35000610351562,0.7398849316123446,,,2026-10-06
COPL,Copley Acquisition Corp,NYSE,,USD,10.579999923706055,0.0,,,2026-10-06
COR,"Cencora, Inc.",NYSE,,USD,316.3699951171875,0.4572452528802895,,,2026-10-06
COSO,"CoastalSouth Bancshares, Inc.",NYSE,,USD,27.0,0.18552592076102048,,,2026-10-06
COTY,Coty Inc. Class A,NYSE,,USD,2.7899999618530273,2.5735269303862385,,,2026-10-06
COUR,"Coursera, Inc.",NYSE,,USD,5.119999885559082,-1.1583000920443065,,,2026-10-06
CP,Canadian Pacific Kansas City Limited,NYSE,,USD,85.43000030517578,-0.43123861704157385,,,2026-10-06
CPA,"Copa Holdings, S.A. Class A",NYSE,,USD,138.30999755859375,2.066270507904533,,,2026-10-06
CPAC,Cementos Pacasmayo S.A.A.,NYSE,,USD,12.289999961853027,0.6552000283056136,,,2026-10-06
CPAY,"Corpay, Inc.",NYSE,,USD,406.7900085449219,1.2620749051111657,,,2026-10-06
CPF,Central Pacific Financial Corp New,NYSE,,USD,36.279998779296875,-0.16511109807120228,,,2026-10-06
CPK,Chesapeake Utilities Corporation,NYSE,,USD,128.0800018310547,1.4334404340761164,,,2026-10-06
CPNG,"Coupang, Inc. Class A",NYSE,,USD,14.420000076293945,1.5492976759426735,,,2026-10-06
CPRI,Capri Holdings Limited,NYSE,,USD,14.670000076293945,1.2422381505799773,,,2026-10-06
CPS,Cooper-Standard Holdings Inc.,NYSE,,USD,22.190000534057617,0.7262816269865136,,,2026-10-06
CPT,Camden Property Trust,NYSE,,USD,97.6500015258789,0.2875616425991101,,,2026-10-06
CQP,"Cheniere Energy Partners, LP Common",NYSE,,USD,63.970001220703125,1.1223568100036552,,,2026-10-06
CR,Crane Company,NYSE,,USD,208.9199981689453,-0.3291839317766665,,,2026-10-06
CRBD,Corebridge Financial Inc. 6.375% Junior Subordinated Notes due 2064,NYSE,,USD,21.290000915527344,0.8049245716796882,,,2026-10-06
CRBG,Corebridge Financial Inc.,NYSE,,USD,35.16999816894531,0.9471814434906412,,,2026-10-06
CRC,California Resources Corporation,NYSE,,USD,52.470001220703125,-1.0186702847163165,,,2026-10-06
CRCL,"Circle Internet Group, Inc. Class A",NYSE,,USD,84.12999725341797,0.9963915621280961,,,2026-10-06
CRGY,Crescent Energy Company Class A,NYSE,,USD,13.619999885559082,0.4424739239357489,,,2026-10-06
CRH,CRH PLC,NYSE,,USD,83.5999984741211,1.1494215737488211,,,2026-10-06
CRI,"Carter's, Inc.",NYSE,,USD,33.83000183105469,4.672036356709142,,,2026-10-06
CRK,"Comstock Resources, Inc.",NYSE,,USD,13.649999618530273,4.5176047469904335,,,2026-10-06
CRL,"Charles River Laboratories International, Inc.",NYSE,,USD,304.9599914550781,-1.8695491083401072,,,2026-10-06
CRM,"Salesforce, Inc.",NYSE,,USD,224.99000549316406,-2.0888584939344312,,,2026-10-06
CRS,Carpenter Technology Corporation,NYSE,,USD,395.7099914550781,0.8949462363081251,,,2026-10-06
CRT,Cross Timbers Royalty Trust,NYSE,,USD,11.359999656677246,-1.3888957875743513,,,2026-10-06
CSL,Carlisle Companies Incorporated,NYSE,,USD,325.739990234375,-1.5831834485526053,,,2026-10-06
CSQR,"Csquare, Inc.",NYSE,,USD,18.040000915527344,2.2096391242276248,,,2026-10-06
CSR,D/B/A Centerspace,NYSE,,USD,55.45000076293945,0.4893085470649261,,,2026-10-06
CSTM,Constellium SE Ordinary Shares (France),NYSE,,USD,25.5,0.8303640841061499,,,2026-10-06
CSV,"Carriage Services, Inc.",NYSE,,USD,32.88999938964844,1.889716956070009,,,2026-10-06
CSW,"CSW Industrials, Inc.",NYSE,,USD,296.8900146484375,-1.6887896125230561,,,2026-10-06
CTEV,Claritev Corporation Class A,NYSE,,USD,24.09000015258789,-2.3906002645557423,,,2026-10-06
CTO,"CTO Realty Growth, Inc.",NYSE,,USD,20.530000686645508,1.182847512512919,,,2026-10-06
CTOS,"Custom Truck One Source, Inc.",NYSE,,USD,9.960000038146973,0.8097158176053387,,,2026-10-06
CTRE,"CareTrust REIT, Inc.",NYSE,,USD,36.54999923706055,0.966846593217241,,,2026-10-06
CTRI,"Centuri Holdings, Inc.",NYSE,,USD,21.200000762939453,2.31660938943945,,,2026-10-06
CTS,CTS Corporation,NYSE,,USD,61.099998474121094,-0.827791155945512,,,2026-10-06
CTVA,"Corteva, Inc.",NYSE,,USD,13.90999984741211,12.267953688221777,,,2026-10-06
CUBB,"Customers Bancorp, Inc 5.375% Subordinated Notes Due 2034",NYSE,,USD,20.760799407958984,0.17273353838520578,,,2026-10-06
CUBE,CubeSmart,NYSE,,USD,37.7599983215332,1.532669308610446,,,2026-10-06
CUBI,"Customers Bancorp, Inc",NYSE,,USD,75.0,-0.039982380094549796,,,2026-10-06
CURB,Curbline Properties Corp.,NYSE,,USD,27.889999389648438,0.10767687953936456,,,2026-10-06
CURV,Torrid Holdings Inc.,NYSE,,USD,2.490000009536743,1.2195110131936637,,,2026-10-06
CUZ,Cousins Properties Incorporated,NYSE,,USD,27.65999984741211,1.2074640491301691,,,2026-10-06
CVE,Cenovus Energy Inc,NYSE,,USD,31.239999771118164,-0.7308533436755638,,,2026-10-06
CVEO,Civeo Corporation (Canada),NYSE,,USD,32.66999816894531,0.5540057900268236,,,2026-10-06
CVI,CVR Energy Inc.,NYSE,,USD,57.41999816894531,0.8429918402055758,,,2026-10-06
CVLG,"Covenant Logistics Group, Inc. Class A",NYSE,,USD,33.09000015258789,-0.3012909860159563,,,2026-10-06
CVNA,Carvana Co. Class A,NYSE,,USD,63.880001068115234,0.2510983119066834,,,2026-10-06
CVS,CVS Health Corporation,NYSE,,USD,86.43000030517578,-0.6665921351738269,,,2026-10-06
CVSA,Covista Inc.,NYSE,,USD,127.37000274658203,1.5790759762114304,,,2026-10-06
CVX,Chevron Corporation,NYSE,,USD,207.5800018310547,0.5376086616888376,,,2026-10-06
CW,Curtiss-Wright Corporation,NYSE,,USD,553.3499755859375,2.322527796171303,,,2026-10-06
CWEN,"Clearway Energy, Inc. Class C",NYSE,,USD,30.729999542236328,4.09891282421857,,,2026-10-06
CWH,"Camping World Holdings, Inc. Class A",NYSE,,USD,4.53000020980835,-0.43956000193668965,,,2026-10-06
CWK,Cushman & Wakefield Ltd.,NYSE,,USD,11.9399995803833,0.7594868862140336,,,2026-10-06
CWT,California Water Service Group,NYSE,,USD,45.54999923706055,-0.6326372481719411,,,2026-10-06
CX,"Cemex, S.A.B. de C.V. Sponsored ADR",NYSE,,USD,9.920000076293945,3.9832297270482098,,,2026-10-06
CXM,"Sprinklr, Inc. Class A",NYSE,,USD,5.159999847412109,-1.3384353997340503,,,2026-10-06
CXT,"Crane NXT, Co.",NYSE,,USD,49.77000045776367,1.2408474618489596,,,2026-10-06
CXW,"CoreCivic, Inc.",NYSE,,USD,31.780000686645508,-5.781200361859041,,,2026-10-06
CYD,China Yuchai International Limited,NYSE,,USD,32.189998626708984,1.0040721024445531,,,2026-10-06
CYH,"Community Health Systems, Inc.",NYSE,,USD,2.740000009536743,-0.7246369925949403,,,2026-10-06
D,"Dominion Energy, Inc.",NYSE,,USD,62.0,1.6060300473361266,,,2026-10-06
DAC,Danaos Corporation,NYSE,,USD,165.94000244140625,0.07236467970530569,,,2026-10-06
DAL,"Delta Air Lines, Inc.",NYSE,,USD,83.66000366210938,0.6981244803462294,,,2026-10-06
DAN,Dana Incorporated,NYSE,,USD,28.43000030517578,1.1743769367479118,,,2026-10-06
DAO,"Youdao, Inc.",NYSE,,USD,16.8700008392334,7.933465871486556,,,2026-10-06
DAR,Darling Ingredients Inc.,NYSE,,USD,61.16999816894531,-2.4401954950190263,,,2026-10-06
DAVA,Endava plc,NYSE,,USD,1.8799999952316284,-1.5706791578032009,,,2026-10-06
DB,Deutsche Bank AG,NYSE,,USD,35.130001068115234,0.45753457771509076,,,2026-10-06
DBD,Diebold Nixdorf Incorporated,NYSE,,USD,65.4800033569336,-0.22854472461000253,,,2026-10-06
DBI,Designer Brands Inc. Class A,NYSE,,USD,5.940000057220459,-0.50250810762974,,,2026-10-06
DBL,DoubleLine Opportunistic Credit Fund,NYSE,,USD,13.319999694824219,1.1389492609060303,,,2026-10-06
DCBG,"Dime Commercial Bancshares, Inc. 9.000% Junior Subordinated Notes",NYSE,,USD,25.65999984741211,0.0780049073314304,,,2026-10-06
DCH,Dauch Corporation,NYSE,,USD,5.849999904632568,3.539819573261971,,,2026-10-06
DCI,"Donaldson Company, Inc.",NYSE,,USD,90.11000061035156,1.0315036929724464,,,2026-10-06
DCO,Ducommun Incorporated,NYSE,,USD,175.3300018310547,1.434767509382584,,,2026-10-06
DCOM,"Dime Commercial Bancshares, Inc.",NYSE,,USD,39.470001220703125,-0.10123285884393596,,,2026-10-06
DD,"DuPont de Nemours, Inc.",NYSE,,USD,133.27999877929688,1.981786127100138,,,2026-10-06
DDD,3D Systems Corporation,NYSE,,USD,3.5899999141693115,0.8426958391001493,,,2026-10-06
DDL,Dingdong (Cayman) Limited,NYSE,,USD,2.0799999237060547,-0.9523800873701971,,,2026-10-06
DE,Deere & Company,NYSE,,USD,682.7899780273438,0.08647989002577017,,,2026-10-06
DEA,"Easterly Government Properties, Inc.",NYSE,,USD,23.270000457763672,1.3943341358879868,,,2026-10-06
DEC,Diversified Energy Company,NYSE,,USD,14.029999732971191,3.085966839741161,,,2026-10-06
DECK,Deckers Outdoor Corporation,NYSE,,USD,81.66000366210938,1.8077603717582047,,,2026-10-06
DEI,"Douglas Emmett, Inc.",NYSE,,USD,9.8100004196167,1.7634862058039102,,,2026-10-06
DELL,Dell Technologies Inc.,NYSE,,USD,574.0,3.9309099995259,,,2026-10-06
DEO,Diageo plc,NYSE,,USD,84.77999877929688,0.9646273035828434,,,2026-10-06
DFH,"Dream Finders Homes, Inc. Class A",NYSE,,USD,9.739999771118164,-1.417007507096335,,,2026-10-06
DFIN,"Donnelley Financial Solutions, Inc.",NYSE,,USD,49.56999969482422,2.6719157998001286,,,2026-10-06
DFP,Flaherty & Crumrine Dynamic Preferred and Income Fund Inc.,NYSE,,USD,18.899999618530273,0.8537878834913304,,,2026-10-06
DG,Dollar General Corporation,NYSE,,USD,123.2699966430664,3.3104231967354902,,,2026-10-06
DGAC,Disciplined Growth Acquisition Corporation,NYSE,,USD,10.0,0.0,,,2026-10-06
DGX,Quest Diagnostics Incorporated,NYSE,,USD,228.38999938964844,-1.6492988592376356,,,2026-10-06
DHF,BNY Mellon High Yield Strategies Fund,NYSE,,USD,2.2200000286102295,-0.448430061781413,,,2026-10-06
DHI,"D.R. Horton, Inc.",NYSE,,USD,136.75,2.642050878436941,,,2026-10-06
DHR,Danaher Corporation,NYSE,,USD,215.61000061035156,-2.531533806587316,,,2026-10-06
DHT,"DHT Holdings, Inc.",NYSE,,USD,23.520000457763672,-1.2594426570279649,,,2026-10-06
DHX,"DHI Group, Inc.",NYSE,,USD,4.739999771118164,-1.4553050414575663,,,2026-10-06
DIN,"Dine Brands Global, Inc.",NYSE,,USD,29.520000457763672,-1.1386475071605395,,,2026-10-06
DINO,HF Sinclair Corporation,NYSE,,USD,114.5999984741211,-0.5381034021987419,,,2026-10-06
DIS,Walt Disney Company (The),NYSE,,USD,104.02999877929688,0.4053645077416901,,,2026-10-06
DK,"Delek US Holdings, Inc.",NYSE,,USD,75.66999816894531,0.3580857262631909,,,2026-10-06
DKL,"Delek Logistics Partners, L.P. Common",NYSE,,USD,56.220001220703125,1.6636564129028475,,,2026-10-06
DKS,Dick's Sporting Goods Inc,NYSE,,USD,134.8800048828125,-1.6407787645911553,,,2026-10-06
DLB,Dolby Laboratories,NYSE,,USD,58.459999084472656,-1.5161750616996428,,,2026-10-06
DLNG,Dynagas LNG Partners LP Common,NYSE,,USD,3.759999990463257,0.0,,,2026-10-06
DLR,"Digital Realty Trust, Inc.",NYSE,,USD,184.64999389648438,2.6574742364242843,,,2026-10-06
DLX,Deluxe Corporation,NYSE,,USD,22.540000915527344,-0.5734413777198966,,,2026-10-06
DLY,DoubleLine Yield Opportunities Fund,NYSE,,USD,13.3100004196167,0.68078782730705,,,2026-10-06
DMA,Destra Multi-Alternative Fund,NYSE,,USD,7.5,0.2673794234694604,,,2026-10-06
DMB,"BNY Mellon Municipal Bond Infrastructure Fund, Inc.",NYSE,,USD,9.460000038146973,0.638302362251375,,,2026-10-06
DMC,Del Monte Corporation,NYSE,,USD,29.700000762939453,-0.6688925021486325,,,2026-10-06
DMO,Western Asset Mortgage Opportunity Fund Inc.,NYSE,,USD,9.390000343322754,0.32052016822570195,,,2026-10-06
DNA,"Ginkgo Bioworks Holdings, Inc. Class A",NYSE,,USD,12.40999984741211,-17.156206764747004,,,2026-10-06
DNOW,DNOW Inc.,NYSE,,USD,15.880000114440918,-0.12578304760489933,,,2026-10-06
DNP,"DNP Select Income Fund, Inc.",NYSE,,USD,9.739999771118164,2.74261858055429,,,2026-10-06
DOC,"Healthpeak Properties, Inc.",NYSE,,USD,19.0,0.8492560834195695,,,2026-10-06
DOCN,"DigitalOcean Holdings, Inc.",NYSE,,USD,131.00999450683594,-4.532537648002643,,,2026-10-06
DOCS,"Doximity, Inc. Class A",NYSE,,USD,27.790000915527344,-2.764167285820862,,,2026-10-06
DOLE,Dole plc,NYSE,,USD,12.720000267028809,-0.6249993946403354,,,2026-10-06
DOUG,Douglas Elliman Inc.,NYSE,,USD,1.5,-3.846150319251662,,,2026-10-06
DOV,Dover Corporation,NYSE,,USD,191.8800048828125,0.30318966116156254,,,2026-10-06
DOW,Dow Inc.,NYSE,,USD,28.15999984741211,-1.2276407529283717,,,2026-10-06
DPC,DPC Holdings PLC,NYSE,,USD,42.0099983215332,1.8177412276058735,,,2026-10-06
DPG,Duff & Phelps Utility and Infrastructure Fund Inc.,NYSE,,USD,13.050000190734863,1.6355142963502711,,,2026-10-06
DQ,DAQO New Energy Corp.,NYSE,,USD,11.079999923706055,0.3623184962974646,,,2026-10-06
DRD,DRDGOLD Limited,NYSE,,USD,24.40999984741211,0.992965537280055,,,2026-10-06
DRI,"Darden Restaurants, Inc.",NYSE,,USD,203.13999938964844,1.7123964290216565,,,2026-10-06
DSL,DoubleLine Income Solutions Fund Common Shares of Beneficial Interests,NYSE,,USD,9.899999618530273,0.8146631995133324,,,2026-10-06
DSM,"BNY Mellon Strategic Municipal Bond Fund, Inc.",NYSE,,USD,5.210000038146973,1.165047411038156,,,2026-10-06
DSU,"Blackrock Debt Strategies Fund, Inc.",NYSE,,USD,8.920000076293945,1.3636350336153846,,,2026-10-06
DSX,Diana Shipping inc.,NYSE,,USD,2.8299999237060547,-1.0489500870686341,,,2026-10-06
DT,"Dynatrace, Inc.",NYSE,,USD,61.04999923706055,1.3951173648240722,,,2026-10-06
DTB,DTE Energy Company 2020 Series G 4.375% Junior Subordinated Debentures due 2080,NYSE,,USD,14.770000457763672,-0.270087513299766,,,2026-10-06
DTE,DTE Energy Company,NYSE,,USD,128.22000122070312,2.5431864058638842,,,2026-10-06
DTF,DTF Tax-Free Income 2028 Term Fund Inc.,NYSE,,USD,11.319999694824219,0.8912604760738629,,,2026-10-06
DTG,DTE Energy Company 2021 Series E 4.375% Junior Subordinated Debentures,NYSE,,USD,15.199999809265137,-1.3627517211315165,,,2026-10-06
DTK,DTE Energy Company 2025 Series H 6.25% Junior Subordinated Debentures due 2085,NYSE,,USD,20.979999542236328,0.04768826518495306,,,2026-10-06
DTM,"DT Midstream, Inc.",NYSE,,USD,124.5999984741211,2.0307858432376813,,,2026-10-06
DTW,DTE Energy Company 2017 Series E 5.25% Junior Subordinated Debentures due 2077,NYSE,,USD,18.549999237060547,-0.48283345244030107,,,2026-10-06
DUK,Duke Energy Corporation (Holding Company),NYSE,,USD,115.66000366210938,1.598741551973304,,,2026-10-06
DUKB,Duke Energy Corporation 5.625% Junior Subordinated Debentures due 2078,NYSE,,USD,20.030000686645508,-0.44731684311062336,,,2026-10-06
DUKU,Duke Energy Corporation Corporate,NYSE,,USD,48.779998779296875,1.161338748273022,,,2026-10-06
DV,"DoubleVerify Holdings, Inc.",NYSE,,USD,13.479999542236328,0.2976187730794999,,,2026-10-06
DVA,DaVita Inc.,NYSE,,USD,180.39999389648438,0.9400138005295933,,,2026-10-06
DVN,Devon Energy Corporation,NYSE,,USD,48.02000045776367,0.08336997896827292,,,2026-10-06
DX,"Dynex Capital, Inc.",NYSE,,USD,10.850000381469727,0.18467643494524122,,,2026-10-06
DXC,DXC Technology Company,NYSE,,USD,11.829999923706055,1.457976659679594,,,2026-10-06
DXYZ,Destiny Tech100 Inc.,NYSE,,USD,31.56999969482422,-3.010751352401042,,,2026-10-06
DY,"Dycom Industries, Inc.",NYSE,,USD,290.42999267578125,5.837975583936017,,,2026-10-06
E,ENI S.p.A.,NYSE,,USD,54.54999923706055,-0.1647147759758938,,,2026-10-06
EAF,GrafTech International Ltd.,NYSE,,USD,9.399999618530273,6.575963081341296,,,2026-10-06
EAI,"Entergy Arkansas, LLC First Mortgage Bonds, 4.875% Series Due September 1, 2066",NYSE,,USD,18.899999618530273,0.5319169442975058,,,2026-10-06
EARN,Ellington Credit Company,NYSE,,USD,3.569999933242798,-2.459020504844167,,,2026-10-06
EAT,"Brinker International, Inc.",NYSE,,USD,190.44000244140625,-1.9159462044391673,,,2026-10-06
EBF,"Ennis, Inc.",NYSE,,USD,22.559999465942383,-0.08857598685230172,,,2026-10-06
EBS,Emergent BioSolutions Inc.,NYSE,,USD,6.949999809265137,-4.005524461615262,,,2026-10-06
EC,Ecopetrol S.A.,NYSE,,USD,16.959999084472656,-1.6811647276947506,,,2026-10-06
ECAT,BlackRock ESG Capital Allocation Term Trust,NYSE,,USD,14.140000343322754,1.7998559670315606,,,2026-10-06
ECC,Eagle Point Credit Company Common Share of Beneficial Interest,NYSE,,USD,3.2899999618530273,-3.5190651307103638,,,2026-10-06
ECCC,Eagle Point Credit Company 6.50% Series C Term Preferred Stock due 2031,NYSE,,USD,24.850000381469727,0.5096240330856094,,,2026-10-06
ECCU,Eagle Point Credit Company 7.75% Notes due 2030,NYSE,,USD,25.03499984741211,0.5421696022090305,,,2026-10-06
ECCV,Eagle Point Credit Company 5.375% Notes due 2029,NYSE,,USD,23.8700008392334,-0.810304136699469,,,2026-10-06
ECG,"Everus Construction Group, Inc.",NYSE,,USD,132.74000549316406,5.207265926580518,,,2026-10-06
ECL,Ecolab Inc.,NYSE,,USD,280.82000732421875,1.3534485512218808,,,2026-10-06
ECO,Okeanis Eco Tankers Corp.,NYSE,,USD,86.8499984741211,-1.9751693342423216,,,2026-10-06
ECVT,Ecovyst Inc.,NYSE,,USD,10.369999885559082,0.0,,,2026-10-06
ED,"Consolidated Edison, Inc.",NYSE,,USD,105.12000274658203,1.683116211445368,,,2026-10-06
EDD,"Morgan Stanley Emerging Markets Domestic Debt Fund, Inc.",NYSE,,USD,5.329999923706055,1.717560238913629,,,2026-10-06
EDF,Virtus Stone Harbor Emerging Markets Income Fund,NYSE,,USD,4.840000152587891,3.4188104726077917,,,2026-10-06
EDN,Empresa Distribuidora Y Comercializadora Norte S.A. (Edenor),NYSE,,USD,20.940000534057617,0.5280874256095025,,,2026-10-06
EDU,"New Oriental Education & Technology Group, Inc. Sponsored ADR representing 10 Ordinary Share (Cayman Islands)",NYSE,,USD,57.11000061035156,1.4207054120940033,,,2026-10-06
EE,"Excelerate Energy, Inc. Class A",NYSE,,USD,34.599998474121094,1.377079962780714,,,2026-10-06
EEA,"The European Equity Fund, Inc.",NYSE,,USD,10.360799789428711,0.5902873550287735,,,2026-10-06
EFC,Ellington Financial Inc.,NYSE,,USD,11.670000076293945,1.478261532990821,,,2026-10-06
EFOR,"Everforth, Inc.",NYSE,,USD,35.970001220703125,-0.47038785782050896,,,2026-10-06
EFR,Eaton Vance Senior Floating-Rate Fund,NYSE,,USD,10.369999885559082,1.7664407516002179,,,2026-10-06
EFT,Eaton Vance Floating Rate Income Trust,NYSE,,USD,10.65999984741211,1.330792619358867,,,2026-10-06
EFX,"Equifax, Inc.",NYSE,,USD,142.47999572753906,-0.08415874532953227,,,2026-10-06
EFXT,Enerflex Ltd,NYSE,,USD,24.3700008392334,-2.5979200904793776,,,2026-10-06
EG,"Everest Group, Ltd.",NYSE,,USD,366.8399963378906,0.008178288349980356,,,2026-10-06
EGO,Eldorado Gold Corporation,NYSE,,USD,38.540000915527344,1.6886526751494602,,,2026-10-06
EGP,"EastGroup Properties, Inc.",NYSE,,USD,192.86000061035156,-1.5216481736435306,,,2026-10-06
EGY,"VAALCO Energy, Inc.",NYSE,,USD,5.78000020980835,-0.17270729033782573,,,2026-10-06
EHC,Encompass Health Corporation,NYSE,,USD,124.69000244140625,3.0751435754027945,,,2026-10-06
EHI,Western Asset Global High Income Fund Inc,NYSE,,USD,5.389999866485596,-0.1851894204671356,,,2026-10-06
EIC,Eagle Point Income Company,NYSE,,USD,9.119999885559082,0.44052821794189345,,,2026-10-06
EICA,Eagle Point Income Company 5.00% Series A Term Preferred Shares due 2026,NYSE,,USD,24.989999771118164,-0.04000091552733842,,,2026-10-06
EIG,Employers Holdings Inc,NYSE,,USD,48.900001525878906,0.22545728281910815,,,2026-10-06
EIIA,Eagle Point Institutional Income Fund 8.125% Series A Term Preferred Shares Due 2029,NYSE,,USD,25.1200008392334,-0.07954873071028823,,,2026-10-06
EIX,Edison International,NYSE,,USD,54.25,0.018433483082236357,,,2026-10-06
EL,"Estee Lauder Companies, Inc. (The)",NYSE,,USD,93.36000061035156,0.06430606284166807,,,2026-10-06
ELAN,Elanco Animal Health Incorporated,NYSE,,USD,22.479999542236328,-0.13327714944674218,,,2026-10-06
ELC,"Entergy Louisiana, Inc. Collateral Trust Mortgage Bonds, 4.875 % Series due September 1, 2066",NYSE,,USD,18.799999237060547,0.15982300780641445,,,2026-10-06
ELF,"e.l.f. Beauty, Inc.",NYSE,,USD,102.79000091552734,-0.9253003223832823,,,2026-10-06
ELLA,Ellington Credit Company 8.50% Notes due 2031,NYSE,,USD,25.020099639892578,-0.23883685803706145,,,2026-10-06
ELME,Elme Communities,NYSE,,USD,1.75,0.0,,,2026-10-06
ELPC,Companhia Paranaense de Energia (COPEL),NYSE,,USD,13.890000343322754,-0.21551532188769373,,,2026-10-06
ELS,"Equity Lifestyle Properties, Inc.",NYSE,,USD,58.7400016784668,0.4274234789294562,,,2026-10-06
ELV,"Elevance Health, Inc.",NYSE,,USD,400.0899963378906,1.4144093772375133,,,2026-10-06
EMA,Emera Incorporated,NYSE,,USD,46.63999938964844,-2.5898113007615464,,,2026-10-06
EMBJ,Embraer S.A.,NYSE,,USD,75.19999694824219,-0.0929981373005262,,,2026-10-06
EMD,Western Asset Emerging Markets Debt Fund Inc,NYSE,,USD,9.3100004196167,1.416123203913422,,,2026-10-06
EME,"EMCOR Group, Inc.",NYSE,,USD,824.52001953125,5.816222614762667,,,2026-10-06
EMF,Templeton Emerging Markets Fund,NYSE,,USD,22.8700008392334,0.39508406442081423,,,2026-10-06
EMN,Eastman Chemical Company,NYSE,,USD,64.11000061035156,-1.2781056357421217,,,2026-10-06
EMO,ClearBridge Energy Midstream Opportunity Fund Inc.,NYSE,,USD,51.04999923706055,1.5112314728523923,,,2026-10-06
EMP,"Entergy Mississippi, LLC First Mortgage Bonds, 4.90% Series Due October 1, 2066",NYSE,,USD,18.690000534057617,-0.10688696629406191,,,2026-10-06
EMR,Emerson Electric Company,NYSE,,USD,161.39999389648438,-0.5729119226760226,,,2026-10-06
ENB,Enbridge Inc,NYSE,,USD,46.540000915527344,1.0860121417403557,,,2026-10-06
ENHA,Enhanced Group Inc. Class A,NYSE,,USD,1.4800000190734863,2.068963476083585,,,2026-10-06
ENIC,Enel Chile S.A.,NYSE,,USD,4.360000133514404,1.1600972482291416,,,2026-10-06
ENJ,"Entergy New Orleans, LLC First Mortgage Bonds, 5.0% Series due December 1, 2052",NYSE,,USD,18.81999969482422,-0.6860214400068898,,,2026-10-06
ENO,"Entergy New Orleans, LLC First Mortgage Bonds, 5.50% Series due April 1, 2066",NYSE,,USD,19.829999923706055,0.4559278299464342,,,2026-10-06
ENOV,Enovis Corporation,NYSE,,USD,18.200000762939453,-2.62172154690562,,,2026-10-06
ENR,"Energizer Holdings, Inc.",NYSE,,USD,21.59000015258789,1.8396196962889189,,,2026-10-06
ENS,EnerSys,NYSE,,USD,192.49000549316406,-0.27458230627160907,,,2026-10-06
ENVA,"Enova International, Inc.",NYSE,,USD,182.8800048828125,2.7415757768609605,,,2026-10-06
EOD,Allspring Global Dividend Opportunity Fund,NYSE,,USD,6.409999847412109,0.9448810028448884,,,2026-10-06
EOG,"EOG Resources, Inc.",NYSE,,USD,144.27999877929688,0.1388096513745829,,,2026-10-06
EOI,Eaton Vance Enhance Equity Income Fund Eaton Vance Enhanced Equity Income Fund,NYSE,,USD,19.969999313354492,1.062748390891799,,,2026-10-06
EOS,Eaton Vance Enhance Equity Income Fund II,NYSE,,USD,21.559999465942383,1.411097054707433,,,2026-10-06
EOT,Eaton Vance Municipal Income Trust EATON VANCE NATIONAL MUNICIPAL OPPORTUNITIES TRUST,NYSE,,USD,15.399999618530273,1.0498677809387624,,,2026-10-06
EPAC,Enerpac Tool Group Corp.,NYSE,,USD,35.70000076293945,-0.8883944773944275,,,2026-10-06
EPAM,"EPAM Systems, Inc.",NYSE,,USD,109.30999755859375,-0.5820822259319458,,,2026-10-06
EPC,Edgewell Personal Care Company,NYSE,,USD,26.8700008392334,0.4486012681622409,,,2026-10-06
EPD,Enterprise Products Partners L.P.,NYSE,,USD,37.2599983215332,1.2499975380689587,,,2026-10-06
EPR,EPR Properties,NYSE,,USD,55.27000045776367,-0.5756425507211005,,,2026-10-06
EPRT,"Essential Properties Realty Trust, Inc.",NYSE,,USD,25.579999923706055,-0.23400728303685225,,,2026-10-06
EQBK,"Equity Bancshares, Inc. Class A",NYSE,,USD,47.5,-0.0841415960391334,,,2026-10-06
EQH,"Equitable Holdings, Inc.",NYSE,,USD,54.5,0.92592592592593,,,2026-10-06
EQNR,Equinor ASA,NYSE,,USD,43.0099983215332,1.5584412542905213,,,2026-10-06
EQS,"Equus Total Return, Inc.",NYSE,,USD,0.8148999810218811,3.15189353011216,,,2026-10-06
EQT,EQT Corporation,NYSE,,USD,52.470001220703125,2.640849602945372,,,2026-10-06
ERO,Ero Copper Corp.,NYSE,,USD,37.93000030517578,-1.32673865700621,,,2026-10-06
EROC,"ERock, Inc. Class A",NYSE,,USD,13.640000343322754,10.088780995665214,,,2026-10-06
EROK,"EagleRock Land, LLC Class A shares representing limited liability company interests",NYSE,,USD,21.770000457763672,0.8337207221103426,,,2026-10-06
ES,Eversource Energy (D/B/A),NYSE,,USD,65.26000213623047,0.8811248621307444,,,2026-10-06
ESAB,ESAB Corporation,NYSE,,USD,71.83000183105469,0.5177760303979984,,,2026-10-06
ESE,ESCO Technologies Inc.,NYSE,,USD,268.2200012207031,-1.360698743865929,,,2026-10-06
ESI,Element Solutions Inc.,NYSE,,USD,37.7400016784668,0.5327670699569076,,,2026-10-06
ESNT,Essent Group Ltd.,NYSE,,USD,61.88999938964844,1.3095420446265216,,,2026-10-06
ESRT,"Empire State Realty Trust, Inc. Class A",NYSE,,USD,4.429999828338623,4.728127857288844,,,2026-10-06
ESS,"Essex Property Trust, Inc.",NYSE,,USD,272.489990234375,0.2059344587492573,,,2026-10-06
ESTC,Elastic N.V.,NYSE,,USD,94.5999984741211,-0.3266306775120742,,,2026-10-06
ETB,Eaton Vance Tax-Managed Buy-Write Income Fund Eaton Vance Tax-Managed Buy-Write Income Fund,NYSE,,USD,15.479999542236328,0.5847901033519065,,,2026-10-06
ETD,Ethan Allen Interiors Inc.,NYSE,,USD,21.06999969482422,-0.04743941611968783,,,2026-10-06
ETG,Eaton Vance Tax-Advantaged Global Dividend Income Fund,NYSE,,USD,23.15999984741211,0.6956515104874272,,,2026-10-06
ETJ,Eaton Vance Risk-Managed Diversified Equity Income Fund,NYSE,,USD,8.180000305175781,0.4914000020385556,,,2026-10-06
ETN,"Eaton Corporation, PLC",NYSE,,USD,445.0899963378906,2.8871914142752697,,,2026-10-06
ETO,Eaton Vance Tax-Advantage Global Dividend Opp,NYSE,,USD,30.540000915527344,0.7588302660427315,,,2026-10-06
ETR,Entergy Corporation,NYSE,,USD,103.25,2.410236374262298,,,2026-10-06
ETSS,Energy Transition Special Opportunities,NYSE,,USD,10.0,0.4016060411629274,,,2026-10-06
ETSY,"Etsy, Inc.",NYSE,,USD,71.38999938964844,0.7053181045350909,,,2026-10-06
ETV,Eaton Vance Corporation Eaton Vance Tax-Managed Buy-Write Opportunities Fund,NYSE,,USD,14.930000305175781,0.4710676320041518,,,2026-10-06
ETW,Eaton Vance Corporation Eaton Vance Tax-Managed Global Buy-Write Opportunites Fund,NYSE,,USD,9.529999732971191,0.4214959201027879,,,2026-10-06
ETX,Eaton Vance Municipal Income 2028 Term Trust,NYSE,,USD,17.34000015258789,1.048952836692063,,,2026-10-06
ETY,Eaton Vance Tax-Managed Diversified Equity Income Fund Common Shares of Beneficial Interest,NYSE,,USD,14.270000457763672,0.6346978184128771,,,2026-10-06
EVAC,EQV Ventures Acquisition Corp. II,NYSE,,USD,10.319999694824219,0.0,,,2026-10-06
EVC,Entravision Communications Corporation,NYSE,,USD,6.699999809265137,-5.898877570852179,,,2026-10-06
EVEX,"Eve Holding, Inc.",NYSE,,USD,1.7100000381469727,0.5882347166332069,,,2026-10-06
EVF,Eaton Vance Senior Income Trust,NYSE,,USD,4.869999885559082,0.6198291740786566,,,2026-10-06
EVG,Eaton Vance Short Diversified Income Fund Eaton Vance Short Duration Diversified Income Fund,NYSE,,USD,10.09000015258789,1.1022105751210542,,,2026-10-06
EVH,"Evolent Health, Inc Class A",NYSE,,USD,3.8399999141693115,6.371191849228053,,,2026-10-06
EVMN,"Evommune, Inc.",NYSE,,USD,6.610000133514404,-0.6015031771336776,,,2026-10-06
EVN,Eaton Vance Municipal Income Trust,NYSE,,USD,9.170000076293945,1.1025400753518433,,,2026-10-06
EVR,Evercore Inc. Class A,NYSE,,USD,268.0799865722656,1.0288224631451515,,,2026-10-06
EVT,Eaton Vance Tax Advantaged Dividend Income Fund,NYSE,,USD,27.780000686645508,1.4609259975876032,,,2026-10-06
EVTC,"Evertec, Inc.",NYSE,,USD,29.049999237060547,-0.24039011042382707,,,2026-10-06
EVTL,Vertical Aerospace Ltd.,NYSE,,USD,0.5600000023841858,3.321034468310624,,,2026-10-06
EW,Edwards Lifesciences Corporation,NYSE,,USD,86.4800033569336,-0.8597959086750206,,,2026-10-06
EXG,Eaton Vance Tax-Managed Global Diversified Equity Income Fund,NYSE,,USD,9.420000076293945,0.8565302184057044,,,2026-10-06
EXK,Endeavour Silver Corporation Ordinary Shares (Canada),NYSE,,USD,8.670000076293945,0.8139499037121745,,,2026-10-06
EXP,Eagle Materials Inc,NYSE,,USD,171.5399932861328,1.0128288115252904,,,2026-10-06
EXPD,"Expeditors International of Washington, Inc.",NYSE,,USD,191.8000030517578,-1.19513297124757,,,2026-10-06
EXR,Extra Space Storage Inc,NYSE,,USD,133.88999938964844,0.7373378229907024,,,2026-10-06
F,Ford Motor Company,NYSE,,USD,12.279999732971191,1.0699598232303709,,,2026-10-06
FAF,First American Corporation (New),NYSE,,USD,62.310001373291016,0.5486528092471632,,,2026-10-06
FBIN,"Fortune Brands Innovations, Inc.",NYSE,,USD,39.349998474121094,1.7847869359346902,,,2026-10-06
FBK,FB Financial Corporation,NYSE,,USD,52.65999984741211,0.15214532820759796,,,2026-10-06
FBP,First BanCorp. New,NYSE,,USD,26.829999923706055,-0.9963116382400217,,,2026-10-06
FBRT,"Franklin BSP Realty Trust, Inc.",NYSE,,USD,6.139999866485596,-0.48622705733205596,,,2026-10-06
FC,Franklin Covey Company,NYSE,,USD,17.450000762939453,0.5763710620809492,,,2026-10-06
FCBM,"First Carolina Financial Services, Inc.",NYSE,,USD,12.760000228881836,1.2698400203813742,,,2026-10-06
FCF,First Commonwealth Financial Corporation,NYSE,,USD,20.059999465942383,-1.5701653974561913,,,2026-10-06
FCN,"FTI Consulting, Inc.",NYSE,,USD,137.61000061035156,-0.29706104145599266,,,2026-10-06
FCPT,"Four Corners Property Trust, Inc.",NYSE,,USD,21.299999237060547,0.3297206610153536,,,2026-10-06
FCRS,FutureCrest Acquisition Corp.,NYSE,,USD,10.229999542236328,-0.04885309827691309,,,2026-10-06
FCX,"Freeport-McMoRan, Inc.",NYSE,,USD,72.55999755859375,-0.055097680947746586,,,2026-10-06
FDS,FactSet Research Systems Inc.,NYSE,,USD,272.010009765625,-1.6025150617339556,,,2026-10-06
FDX,FedEx Corporation,NYSE,,USD,289.0299987792969,-0.03458862858461975,,,2026-10-06
FDXF,"FedEx Freight Holding Company, Inc.",NYSE,,USD,112.0999984741211,0.46603032311627324,,,2026-10-06
FE,FirstEnergy Corp.,NYSE,,USD,44.2599983215332,1.420712512731681,,,2026-10-06
FEDU,Four Seasons Education (Cayman) Inc.,NYSE,,USD,10.399999618530273,5.263152814434768,,,2026-10-06
FENG,Phoenix New Media Limited,NYSE,,USD,1.409999966621399,-1.3986001160915085,,,2026-10-06
FERG,Ferguson Enterprises Inc.,NYSE,,USD,223.3300018310547,0.1794326328513396,,,2026-10-06
FET,"Forum Energy Technologies, Inc.",NYSE,,USD,84.43000030517578,-3.3650021162684007,,,2026-10-06
FF,FutureFuel Corp.,NYSE,,USD,5.159999847412109,1.1764694882648863,,,2026-10-06
FFA,First Trust Enhanced Equity Income Fund,NYSE,,USD,22.25,0.6331948701208567,,,2026-10-06
FFC,Flaherty & Crumrine Preferred and Income Securities Fund Incorporated,NYSE,,USD,14.850000381469727,0.883152935344067,,,2026-10-06
FG,"F&G Annuities & Life, Inc.",NYSE,,USD,20.719999313354492,-5.860976383973804,,,2026-10-06
FGN,"F&G Annuities & Life, Inc. 7.950% Senior Notes due 2053",NYSE,,USD,23.829999923706055,-0.04194726853116171,,,2026-10-06
FGSN,"F&G Annuities & Life, Inc. 7.300% Junior Subordinated Notes due 2065",NYSE,,USD,19.0,0.0,,,2026-10-06
FHI,"Federated Hermes, Inc.",NYSE,,USD,56.560001373291016,0.10619712086905597,,,2026-10-06
FHN,First Horizon Corporation,NYSE,,USD,23.34000015258789,-0.08561839572388541,,,2026-10-06
FICO,Fair Isaac Corporation,NYSE,,USD,695.4600219726562,0.8483108924403737,,,2026-10-06
FIG,"Figma, Inc. Class A",NYSE,,USD,21.93000030517578,-0.36347079906468016,,,2026-10-06
FIGS,"FIGS, Inc. Class A",NYSE,,USD,14.100000381469727,3.448277792241883,,,2026-10-06
FINS,Angel Oak Financial Strategies Income Term Trust,NYSE,,USD,11.960000038146973,0.16750802735814307,,,2026-10-06
FINV,FinVolution Group,NYSE,,USD,3.009999990463257,3.0821887608831533,,,2026-10-06
FIRY,Firy Inc. Class A,NYSE,,USD,12.479999542236328,-0.7159916847487957,,,2026-10-06
FIS,"Fidelity National Information Services, Inc.",NYSE,,USD,33.41999816894531,-0.4764849713659203,,,2026-10-06
FITB,Fifth Third Bancorp,NYSE,,USD,51.0,0.39370229516371147,,,2026-10-06
FIX,"Comfort Systems USA, Inc.",NYSE,,USD,1817.9599609375,6.122926555080577,,,2026-10-06
FLC,Flaherty & Crumrine Total Return Fund Inc,NYSE,,USD,15.529999732971191,0.8441566081890839,,,2026-10-06
FLG,"Flagstar Bank, N.A.",NYSE,,USD,11.5600004196167,-0.08642416137653042,,,2026-10-06
FLNG,FLEX LNG Ltd.,NYSE,,USD,31.1299991607666,-0.8914380388593934,,,2026-10-06
FLO,"Flowers Foods, Inc.",NYSE,,USD,5.739999771118164,2.4999976583889083,,,2026-10-06
FLOC,Flowco Holdings Inc. Class A,NYSE,,USD,18.559999465942383,0.37858137204285214,,,2026-10-06
FLR,Fluor Corporation,NYSE,,USD,52.0,2.746491548874097,,,2026-10-06
FLS,Flowserve Corporation,NYSE,,USD,73.33999633789062,-1.2920682024715968,,,2026-10-06
FLUT,Flutter Entertainment plc,NYSE,,USD,76.25,0.686645477375114,,,2026-10-06
FMC,FMC Corporation,NYSE,,USD,9.029999732971191,0.33333036634657365,,,2026-10-06
FMN,Federated Hermes Premier Municipal Income Fund,NYSE,,USD,10.010000228881836,0.40120321746939247,,,2026-10-06
FMS,Fresenius Medical Care AG,NYSE,,USD,22.420000076293945,-1.0154505347018339,,,2026-10-06
FMX,Fomento Economico Mexicano S.A.B. de C.V.,NYSE,,USD,116.9800033569336,0.051321577940477425,,,2026-10-06
FMY,First Trust Mortgage Income Fund,NYSE,,USD,10.850000381469727,0.4629647208502563,,,2026-10-06
FN,Fabrinet,NYSE,,USD,489.1600036621094,7.782480083117771,,,2026-10-06
FNB,F.N.B. Corporation,NYSE,,USD,17.280000686645508,-0.6896490489400442,,,2026-10-06
FND,"Floor & Decor Holdings, Inc.",NYSE,,USD,46.959999084472656,0.8807730486184218,,,2026-10-06
FNF,"Fidelity National Financial, Inc.",NYSE,,USD,39.08000183105469,0.20513290014021468,,,2026-10-06
FNV,Franco-Nevada Corporation,NYSE,,USD,243.97999572753906,1.3290127770020366,,,2026-10-06
FOA,Finance of America Companies Inc. Class A,NYSE,,USD,12.989999771118164,-3.849004063316064,,,2026-10-06
FOF,"Cohen & Steers Closed-End Opportunity Fund, Inc.",NYSE,,USD,12.4399995803833,1.3854858702312844,,,2026-10-06
FOIL,Londian Wason New Energy Tech Inc.,NYSE,,USD,16.65999984741211,1.5853672861556811,,,2026-10-06
FOR,Forestar Group Inc,NYSE,,USD,26.309999465942383,3.786978579986111,,,2026-10-06
FOUR,"Shift4 Payments, Inc. Class A",NYSE,,USD,38.5,2.529962136462127,,,2026-10-06
FPF,First Trust Intermediate Duration Preferred & Income Fund,NYSE,,USD,15.770000457763672,0.5098845093685966,,,2026-10-06
FPH,"Five Point Holdings, LLC",NYSE,,USD,4.679999828338623,4.932730679595587,,,2026-10-06
FPI,Farmland Partners Inc.,NYSE,,USD,10.739999771118164,-3.6771288021456683,,,2026-10-06
FPS,"Forgent Power Solutions, Inc. Class A",NYSE,,USD,41.349998474121094,6.10725475716325,,,2026-10-06
FR,"First Industrial Realty Trust, Inc.",NYSE,,USD,59.2599983215332,0.06753985141103591,,,2026-10-06
FRA,Blackrock Floating Rate Income Strategies Fund Inc,NYSE,,USD,10.369999885559082,0.777453100122738,,,2026-10-06
FRO,Frontline Plc,NYSE,,USD,52.77000045776367,-1.823254962300147,,,2026-10-06
FRT,Federal Realty Investment Trust,NYSE,,USD,106.19999694824219,0.21703852495014164,,,2026-10-06
FSCO,FS Credit Opportunities Corp.,NYSE,,USD,5.039999961853027,-0.5917200945284917,,,2026-10-06
FSK,FS KKR Capital Corp.,NYSE,,USD,10.8100004196167,-1.6378467265714125,,,2026-10-06
FSM,Fortuna Mining Corp.,NYSE,,USD,11.180000305175781,0.35906607379059263,,,2026-10-06
FSS,Federal Signal Corporation,NYSE,,USD,118.13999938964844,1.4686928454784587,,,2026-10-06
FSSL,FS Specialty Lending Fund,NYSE,,USD,11.6899995803833,0.2572875931713625,,,2026-10-06
FT,Franklin Universal Trust,NYSE,,USD,7.110000133514404,1.1379789661234652,,,2026-10-06
FTHY,First Trust High Yield Opportunities 2027 Term Fund,NYSE,,USD,12.729999542236328,0.7917610996778457,,,2026-10-06
FTI,TechnipFMC plc Ordinary Share,NYSE,,USD,69.88999938964844,-0.512456384842086,,,2026-10-06
FTK,"Flotek Industries, Inc.",NYSE,,USD,29.969999313354492,1.0111197717867393,,,2026-10-06
FTRA,FutureCorp Space Acquisition 1,NYSE,,USD,9.859999656677246,-0.10131944273340521,,,2026-10-06
FTS,Fortis Inc.,NYSE,,USD,52.939998626708984,0.703821445753583,,,2026-10-06
FTV,Fortive Corporation,NYSE,,USD,57.88999938964844,0.8888084908325267,,,2026-10-06
FTW,Presidio Production Company Class A,NYSE,,USD,9.739999771118164,0.3089570839684308,,,2026-10-06
FUBO,FuboTV Inc. Class A,NYSE,,USD,8.829999923706055,2.436195370475369,,,2026-10-06
FUL,H. B. Fuller Company,NYSE,,USD,50.630001068115234,0.37669002097402426,,,2026-10-06
FUN,Six Flags Entertainment Corporation Common Stock New,NYSE,,USD,12.079999923706055,-0.4122027226969083,,,2026-10-06
FVR,"FrontView REIT, Inc.",NYSE,,USD,16.40999984741211,1.2962905838441063,,,2026-10-06
FVRR,"Fiverr International Ltd. Ordinary Shares, no par value",NYSE,,USD,8.470000267028809,-1.396971867607355,,,2026-10-06
G,Genpact Limited,NYSE,,USD,33.45000076293945,-0.2088296356452024,,,2026-10-06
GAB,"Gabelli Equity Trust, Inc. (The)",NYSE,,USD,5.269999980926514,1.7374547407418728,,,2026-10-06
GAM,"General American Investors, Inc.",NYSE,,USD,64.45999908447266,0.797495411178728,,,2026-10-06
GAP,"Gap, Inc. (The)",NYSE,,USD,23.790000915527344,2.1030115644270486,,,2026-10-06
GATX,GATX Corporation,NYSE,,USD,170.8800048828125,-0.8068725577147107,,,2026-10-06
GBAB,Guggenheim Taxable Municipal Bond & Investment Grade Debt Trust,NYSE,,USD,12.470000267028809,0.0,,,2026-10-06
GBCI,"Glacier Bancorp, Inc.",NYSE,,USD,43.58000183105469,-0.3885672433035725,,,2026-10-06
GBX,"Greenbrier Companies, Inc. (The)",NYSE,,USD,40.09000015258789,-1.085612237752498,,,2026-10-06
GCO,Genesco Inc.,NYSE,,USD,36.13999938964844,1.3460447119748364,,,2026-10-06
GCTS,"GCT Semiconductor Holding, Inc.",NYSE,,USD,2.119999885559082,1.43540538860234,,,2026-10-06
GCV,"Gabelli Convertible and Income Securities Fund, Inc. (The)",NYSE,,USD,4.130000114440918,0.7317124513698703,,,2026-10-06
GD,General Dynamics Corporation,NYSE,,USD,331.3299865722656,-0.11757344959673066,,,2026-10-06
GDDY,GoDaddy Inc. Class A,NYSE,,USD,98.18000030517578,-1.5640641588186899,,,2026-10-06
GDL,"GDL Fund, The",NYSE,,USD,8.3100004196167,0.1204846825545669,,,2026-10-06
GDO,Western Asset Global Corporate Opportunity Fund Inc.,NYSE,,USD,9.670000076293945,-0.5144052403421084,,,2026-10-06
GDOT,"Green Dot Corporation Class A Common Stock, $0.001 par value",NYSE,,USD,12.399999618530273,-0.9584731217720188,,,2026-10-06
GDV,Gabelli Dividend & Income Trust,NYSE,,USD,28.469999313354492,0.3524796304651634,,,2026-10-06
GE,GE Aerospace,NYSE,,USD,309.3900146484375,0.9956317643820656,,,2026-10-06
GEF,Greif Inc. Class A,NYSE,,USD,82.54000091552734,0.597194205416951,,,2026-10-06
GEL,"Genesis Energy, L.P. Common",NYSE,,USD,14.279999732971191,1.8544883503448295,,,2026-10-06
GENI,Genius Sports Limited,NYSE,,USD,6.21999979019165,3.8397333532877775,,,2026-10-06
GEO,Geo Group Inc (The) REIT,NYSE,,USD,29.940000534057617,-7.4211490637183015,,,2026-10-06
GEV,GE Vernova Inc.,NYSE,,USD,1029.2099609375,3.9606021148989923,,,2026-10-06
GF,"New Germany Fund, Inc. (The)",NYSE,,USD,10.40999984741211,-0.7626303665545953,,,2026-10-06
GFF,Griffon Corporation,NYSE,,USD,94.51000213623047,0.44638730437562835,,,2026-10-06
GFI,Gold Fields Limited,NYSE,,USD,36.16999816894531,1.3449133110280176,,,2026-10-06
GFL,"GFL Environmental Inc. Subordinate voting shares, no par value",NYSE,,USD,42.52000045776367,0.5676482625262436,,,2026-10-06
GFR,Greenfire Resources Ltd.,NYSE,,USD,6.210000038146973,3.6727925782164217,,,2026-10-06
GGB,Gerdau S.A.,NYSE,,USD,5.119999885559082,-0.9671216633850732,,,2026-10-06
GGG,Graco Inc.,NYSE,,USD,78.88999938964844,0.07611005607019994,,,2026-10-06
GGT,"Gabelli Multi-Media Trust, Inc. (The)",NYSE,,USD,4.0,0.2506263268008846,,,2026-10-06
GGZ,Gabelli Global Small and Mid Cap Value Trust (The),NYSE,,USD,15.289999961853027,0.1965906456175004,,,2026-10-06
GHC,Graham Holdings Company,NYSE,,USD,1157.6700439453125,0.1999427557677791,,,2026-10-06
GHG,GreenTree Hospitality Group Ltd.,NYSE,,USD,0.9599999785423279,-4.000002145767212,,,2026-10-06
GHI,Greystone Housing Impact Investors LP Beneficial Unit Certificates representing assignments of limited partnership interests,NYSE,,USD,5.230000019073486,-0.190834971020315,,,2026-10-06
GHM,Graham Corporation,NYSE,,USD,88.27999877929688,-2.4314815384764543,,,2026-10-06
GHY,"PGIM Global High Yield Fund, Inc.",NYSE,,USD,10.880000114440918,1.2093033901480643,,,2026-10-06
GIB,CGI Inc.,NYSE,,USD,69.5999984741211,-2.0546005272077172,,,2026-10-06
GIC,Global Industrial Company,NYSE,,USD,43.439998626708984,-0.32125561831880534,,,2026-10-06
GIL,"Gildan Activewear, Inc. Class A Sub. Vot.",NYSE,,USD,41.720001220703125,2.556541071104723,,,2026-10-06
GIS,"General Mills, Inc.",NYSE,,USD,32.18000030517578,1.5782828130791238,,,2026-10-06
GJH,Synthetic Fixed-Income Securities Inc 6.375% (STRATS) Cl A-1,NYSE,,USD,9.319999694824219,0.0,,,2026-10-05
GJO,"Synthetic Fixed-Income Securities, Inc. on behalf of STRATS(SM) Trust for Wal-Mart Stores, Inc. Securities, Series 2004-5",NYSE,,USD,24.600000381469727,-0.08123662502805828,,,2026-10-06
GJP,"Synthetic Fixed-Income Securities, Inc. on behalf of STRATS (SM) Trust for Dominion Resources, Inc. Securities, Series 2005-6, Floating Rate Structured Repackaged Asset-Backed Trust Securities (STRATS) Certificates",NYSE,,USD,24.399999618530273,0.0,,,2026-10-05
GJR,"Synthetic Fixed-Income Securities, Inc. STRATS Trust for Procter&Gamble Securities, Series 2006-1",NYSE,,USD,24.100000381469727,1.2605090505298344,,,2026-10-05
GJS,"Goldman Sachs Group Securities STRATS Trust for Goldman Sachs Group Securities, Series 2006-2",NYSE,,USD,23.190000534057617,0.8699467809073713,,,2026-10-05
GJT,"Synthetic Fixed-Income Securities, Inc. Floating Rate Structured Repackaged Asset-Backed Trust Securities Certificates, Series 2006-3",NYSE,,USD,23.25,0.6493489872433145,,,2026-10-05
GKOS,Glaukos Corporation,NYSE,,USD,161.58999633789062,-1.475518718369595,,,2026-10-06
GL,Globe Life Inc.,NYSE,,USD,166.27999877929688,0.21697240496891812,,,2026-10-06
GLAS,Glass House Brands Inc. Subordinate Voting Shares,NYSE,,USD,5.159999847412109,-3.5514030020063703,,,2026-10-06
GLED,GalaxyEdge Acquisition Corporation,NYSE,,USD,10.0600004196167,0.0,,,2026-10-06
GLOB,Globant S.A.,NYSE,,USD,35.560001373291016,-0.5314646900950626,,,2026-10-06
GLP,Global Partners LP Common,NYSE,,USD,47.599998474121094,2.4537223678711584,,,2026-10-06
GLW,Corning Incorporated,NYSE,,USD,168.97000122070312,6.023722405498333,,,2026-10-06
GM,General Motors Company,NYSE,,USD,82.01000213623047,2.2186198489583475,,,2026-10-06
GME,GameStop Corporation,NYSE,,USD,24.760000228881836,-1.9017414682609757,,,2026-10-06
GMED,"Globus Medical, Inc. Class A",NYSE,,USD,76.43000030517578,-0.1828384356881485,,,2026-10-06
GMRS,GMR Solutions Inc. Class A,NYSE,,USD,10.199999809265137,2.2044115943868237,,,2026-10-06
GNE,Genie Energy Ltd. Class B Common Stock Stock,NYSE,,USD,16.420000076293945,1.9242672513816839,,,2026-10-06
GNK,Genco Shipping & Trading Limited Ordinary Shares New (Marshall Islands),NYSE,,USD,27.280000686645508,-1.1594191681209676,,,2026-10-06
GNL,"Global Net Lease, Inc.",NYSE,,USD,8.140000343322754,0.0,,,2026-10-06
GNRC,Generac Holdlings Inc.,NYSE,,USD,223.6199951171875,3.9126386098278676,,,2026-10-06
GNT,"GAMCO Natural Resources, Gold & Income Trust",NYSE,,USD,8.550000190734863,0.23447196236552337,,,2026-10-06
GNW,Genworth Financial Inc,NYSE,,USD,9.630000114440918,0.4171007426129414,,,2026-10-06
GOF,Guggenheim Strategic Opportunities Fund,NYSE,,USD,8.710000038146973,1.2790657185813625,,,2026-10-06
GOLD,"Gold.com, Inc.",NYSE,,USD,41.56999969482422,-0.16810685843002826,,,2026-10-06
GOLF,Acushnet Holdings Corp.,NYSE,,USD,82.95999908447266,-0.515649728172507,,,2026-10-06
GOOS,Canada Goose Holdings Inc. Subordinate Voting Shares,NYSE,,USD,7.639999866485596,0.26246694523468506,,,2026-10-06
GOTU,Gaotu Techedu Inc.,NYSE,,USD,2.5799999237060547,1.976282722596956,,,2026-10-06
GPC,Genuine Parts Company,NYSE,,USD,127.37999725341797,0.9030413568912321,,,2026-10-06
GPGI,"GPGI, Inc. Class A",NYSE,,USD,13.170000076293945,1.4637946129301804,,,2026-10-06
GPI,"Group 1 Automotive, Inc.",NYSE,,USD,236.9600067138672,-1.8555316775339614,,,2026-10-06
GPJA,"Georgia Power Company Series 2017A 5.00% Junior Subordinated Notes due October 1, 2077",NYSE,,USD,18.90999984741211,-1.5104213750194995,,,2026-10-06
GPK,Graphic Packaging Holding Company,NYSE,,USD,8.609999656677246,0.0,,,2026-10-06
GPMT,Granite Point Mortgage Trust Inc.,NYSE,,USD,7.599999904632568,2.2742520070506034,,,2026-10-06
GPN,Global Payments Inc.,NYSE,,USD,81.79000091552734,-0.47456727695324163,,,2026-10-06
GPOR,Gulfport Energy Corporation,NYSE,,USD,161.24000549316406,2.154085931423233,,,2026-10-06
GPRK,Geopark Ltd,NYSE,,USD,11.4399995803833,1.4184383971608927,,,2026-10-06
GRBK,"Green Brick Partners, Inc.",NYSE,,USD,67.0,2.3369463124632617,,,2026-10-06
GRC,Gorman-Rupp Company (The),NYSE,,USD,77.22000122070312,-0.4255342592758393,,,2026-10-06
GRDN,"Guardian Pharmacy Services, Inc. Class A",NYSE,,USD,41.20000076293945,-2.1377618617608007,,,2026-10-06
GRMN,Garmin Ltd. Common Stock (Switzerland),NYSE,,USD,279.2099914550781,-2.2100020318688074,,,2026-10-06
GRND,Grindr Inc.,NYSE,,USD,13.9399995803833,2.954206939861259,,,2026-10-06
GRNT,"Granite Ridge Resources, Inc.",NYSE,,USD,4.610000133514404,2.217292673117255,,,2026-10-06
GROV,"Grove Collaborative Holdings, Inc. Class A",NYSE,,USD,1.0299999713897705,-0.96153757981291,,,2026-10-06
GRX,The Gabelli Healthcare & Wellness Trust,NYSE,,USD,9.420000076293945,0.319485962452859,,,2026-10-06
GS,"Goldman Sachs Group, Inc. (The)",NYSE,,USD,897.1799926757812,0.4163555852126244,,,2026-10-06
GSBD,"Goldman Sachs BDC, Inc.",NYSE,,USD,9.029999732971191,-0.22099952864252925,,,2026-10-06
GSK,GSK plc,NYSE,,USD,46.599998474121094,0.1074097483996006,,,2026-10-06
GSL,Global Ship Lease Inc New,NYSE,,USD,45.5,-0.7849991399047296,,,2026-10-06
GTES,Gates Industrial Corporation Ltd.,NYSE,,USD,28.25,1.5821666397241918,,,2026-10-06
GTN,"Gray Media, Inc.",NYSE,,USD,4.650000095367432,0.43196502013322924,,,2026-10-06
GTY,Getty Realty Corporation,NYSE,,USD,27.889999389648438,0.07175654758821981,,,2026-10-06
GUG,Guggenheim Active Allocation Fund,NYSE,,USD,13.949999809265137,1.7505453716293529,,,2026-10-06
GUT,Gabelli Utility Trust (The),NYSE,,USD,5.800000190734863,1.3986084524057807,,,2026-10-06
GVA,Granite Construction Incorporated,NYSE,,USD,120.91999816894531,1.6989037991111733,,,2026-10-06
GWRE,"Guidewire Software, Inc.",NYSE,,USD,164.52000427246094,0.7903011570711271,,,2026-10-06
GWW,"W.W. Grainger, Inc.",NYSE,,USD,1275.56005859375,-0.8765586651151236,,,2026-10-06
GXO,"GXO Logistics, Inc.",NYSE,,USD,46.400001525878906,0.8914977874507901,,,2026-10-06
H,Hyatt Hotels Corporation Class A,NYSE,,USD,159.1199951171875,1.4990054096333028,,,2026-10-06
HAE,Haemonetics Corporation,NYSE,,USD,103.5199966430664,-1.1081425857160765,,,2026-10-06
HAFN,Hafnia Limited,NYSE,,USD,10.130000114440918,-1.4591402959785782,,,2026-10-06
HAL,Halliburton Company,NYSE,,USD,32.720001220703125,-0.1830309970348276,,,2026-10-06
HASI,"HA Sustainable Infrastructure Capital, Inc.",NYSE,,USD,36.56999969482422,0.716051533185702,,,2026-10-06
HAWK,"HawkEye 360, Inc.",NYSE,,USD,14.369999885559082,-0.06954262032162761,,,2026-10-06
HAYW,"Hayward Holdings, Inc.",NYSE,,USD,12.3100004196167,-0.96540533075542,,,2026-10-06
HBB,Hamilton Beach Brands Holding Company,NYSE,,USD,35.79999923706055,-1.5672249424360407,,,2026-10-06
HBM,Hudbay Minerals Inc. Ordinary Shares (Canada),NYSE,,USD,26.950000762939453,-1.137195390093726,,,2026-10-06
HCA,"HCA Healthcare, Inc.",NYSE,,USD,432.20001220703125,-0.6254026342145003,,,2026-10-06
HCC,"Warrior Met Coal, Inc.",NYSE,,USD,92.41999816894531,0.14085735413196243,,,2026-10-06
HCI,"HCI Group, Inc.",NYSE,,USD,184.42999267578125,-0.7960900205338239,,,2026-10-06
HCXY,"Hercules Capital, Inc. 6.25% Notes due 2033",NYSE,,USD,24.56999969482422,-1.3649143101990502,,,2026-10-06
HD,"Home Depot, Inc. (The)",NYSE,,USD,286.69000244140625,1.970481474369734,,,2026-10-06
HDB,HDFC Bank Limited,NYSE,,USD,22.420000076293945,1.402078052396094,,,2026-10-06
HE,"Hawaiian Electric Industries, Inc.",NYSE,,USD,8.930000305175781,1.362087171890325,,,2026-10-06
HEI,Heico Corporation,NYSE,,USD,303.260009765625,0.5604013663034202,,,2026-10-06
HEQ,John Hancock Diversified Income Fund,NYSE,,USD,11.25,1.5342967280191466,,,2026-10-06
HESM,Hess Midstream LP Class A Representing Limited Partner Interests,NYSE,,USD,38.689998626708984,0.7289736537599678,,,2026-10-06
HFRO,Highland Opportunities and Income Fund,NYSE,,USD,6.659999847412109,-1.0401214184693863,,,2026-10-06
HG,"Hamilton Insurance Group, Ltd.",NYSE,,USD,34.2400016784668,0.23419739874719347,,,2026-10-06
HGLB,Highland Global Allocation Fund,NYSE,,USD,6.619999885559082,0.15128217613757933,,,2026-10-06
HGTY,"Hagerty, Inc. Class A",NYSE,,USD,13.829999923706055,0.5818176269531294,,,2026-10-06
HGV,Hilton Grand Vacations Inc.,NYSE,,USD,34.72999954223633,1.9970640834424902,,,2026-10-06
HHH,Howard Hughes Holdings Inc.,NYSE,,USD,73.27999877929688,2.2606684822765066,,,2026-10-06
HIG,"The Hartford Insurance Group, Inc.",NYSE,,USD,126.79000091552734,0.4595529952159172,,,2026-10-06
HII,"Huntington Ingalls Industries, Inc.",NYSE,,USD,263.75,-1.0244712075113904,,,2026-10-06
HIMS,"Hims & Hers Health, Inc. Class A",NYSE,,USD,29.469999313354492,-0.6740841335529768,,,2026-10-06
HIO,"Western Asset High Income Opportunity Fund, Inc.",NYSE,,USD,3.2799999713897705,1.2345667202249944,,,2026-10-06
HIPO,Hippo Holdings Inc.,NYSE,,USD,32.47999954223633,0.8695614057846246,,,2026-10-06
HIW,"Highwoods Properties, Inc.",NYSE,,USD,29.639999389648438,0.5086457093742558,,,2026-10-06
HIX,Western Asset High Income Fund II Inc.,NYSE,,USD,3.5399999618530273,0.8547000419168338,,,2026-10-06
HKD,AMTD Digital Inc.,NYSE,,USD,1.7200000286102295,-1.1494241848790776,,,2026-10-06
HL,Hecla Mining Company,NYSE,,USD,17.100000381469727,0.5291014190292431,,,2026-10-06
HLF,Herbalife Ltd.,NYSE,,USD,12.579999923706055,0.6399993896484268,,,2026-10-06
HLI,"Houlihan Lokey, Inc. Class A",NYSE,,USD,127.94000244140625,0.8195436588038563,,,2026-10-06
HLIO,"Helios Technologies, Inc.",NYSE,,USD,71.37999725341797,0.634424004379075,,,2026-10-06
HLLY,Holley Inc.,NYSE,,USD,2.319999933242798,1.3100424405900535,,,2026-10-06
HLN,Haleon plc,NYSE,,USD,8.869999885559082,0.5668956061779085,,,2026-10-06
HLT,Hilton Worldwide Holdings Inc.,NYSE,,USD,322.6099853515625,2.05301478382256,,,2026-10-06
HMC,"Honda Motor Company, Ltd.",NYSE,,USD,31.809999465942383,0.09439514993301312,,,2026-10-06
HMN,Horace Mann Educators Corporation,NYSE,,USD,45.5099983215332,-0.19736876227960387,,,2026-10-06
HMY,Harmony Gold Mining Company Limited,NYSE,,USD,17.31999969482422,0.11560958754741613,,,2026-10-06
HNGE,"Hinge Health, Inc. Class A",NYSE,,USD,98.3499984741211,0.0,,,2026-10-06
HNI,HNI Corporation,NYSE,,USD,46.7400016784668,-0.7221753172567236,,,2026-10-06
HOG,"Harley-Davidson, Inc.",NYSE,,USD,26.940000534057617,2.8636883723033746,,,2026-10-06
HOMB,"Home BancShares, Inc.",NYSE,,USD,28.549999237060547,-0.07000510317574093,,,2026-10-06
HOS,"Hornbeck Offshore Services, Inc.",NYSE,,USD,7.71999979019165,-1.6560524333790183,,,2026-10-06
HOV,"Hovnanian Enterprises, Inc. Class A",NYSE,,USD,114.58000183105469,2.5875184228459247,,,2026-10-06
HP,"Helmerich & Payne, Inc.",NYSE,,USD,39.61000061035156,-1.2957897929806728,,,2026-10-06
HPE,Hewlett Packard Enterprise Company,NYSE,,USD,70.4800033569336,3.1012327788964456,,,2026-10-06
HPF,John Hancock Pfd Income Fund II Pfd Income Fund II,NYSE,,USD,13.270000457763672,0.1509468510465739,,,2026-10-06
HPI,John Hancock Preferred Income Fund,NYSE,,USD,13.970000267028809,1.1585795984830893,,,2026-10-06
HPP,"Hudson Pacific Properties, Inc.",NYSE,,USD,11.579999923706055,2.933332655164933,,,2026-10-06
HPQ,HP Inc.,NYSE,,USD,31.729999542236328,0.8261844123126583,,,2026-10-06
HPS,John Hancock Preferred Income Fund III Preferred Income Fund III,NYSE,,USD,11.829999923706055,0.5952354886210376,,,2026-10-06
HQH,abrdn Healthcare Investors,NYSE,,USD,19.329999923706055,-1.276813079541017,,,2026-10-06
HQL,abrdn Life Sciences Investors,NYSE,,USD,17.559999465942383,-0.6787377667537009,,,2026-10-06
HR,Healthcare Realty Trust Incorporated,NYSE,,USD,17.040000915527344,-0.23418623160058605,,,2026-10-06
HRB,"H&R Block, Inc.",NYSE,,USD,42.630001068115234,1.5000025431315178,,,2026-10-06
HRI,Herc Holdings Inc.,NYSE,,USD,134.72999572753906,-0.575602399022701,,,2026-10-06
HRL,Hormel Foods Corporation,NYSE,,USD,19.8799991607666,-0.9960197395386228,,,2026-10-06
HRTG,"Heritage Insurance Holdings, Inc.",NYSE,,USD,34.16999816894531,0.529557168549788,,,2026-10-06
HSBC,"HSBC Holdings, plc.",NYSE,,USD,97.58000183105469,0.9309076572590058,,,2026-10-06
HSHP,Himalaya Shipping Ltd.,NYSE,,USD,17.780000686645508,-1.5503808835924837,,,2026-10-06
HSY,The Hershey Company,NYSE,,USD,160.8000030517578,-0.13042137894688777,,,2026-10-06
HTB,"HomeTrust Bancshares, Inc.",NYSE,,USD,46.470001220703125,-0.12894382155119732,,,2026-10-06
HTD,John Hancock Tax Advantaged Dividend Income Fund,NYSE,,USD,22.459999084472656,2.090904929421167,,,2026-10-06
HTFC,Horizon Technology Finance Corporation 6.25% Notes due 2027,NYSE,,USD,24.811199188232422,-0.19630499163713067,,,2026-10-06
HTGC,"Hercules Capital, Inc.",NYSE,,USD,16.56999969482422,-0.7189984145807848,,,2026-10-06
HTH,Hilltop Holdings Inc.,NYSE,,USD,37.099998474121094,-2.752301467263496,,,2026-10-06
HTT,High Templar Tech Limited,NYSE,,USD,2.259999990463257,-1.3100424405900424,,,2026-10-06
HUBB,Hubbell Inc,NYSE,,USD,485.4100036621094,0.9903276450784926,,,2026-10-06
HUBS,"HubSpot, Inc.",NYSE,,USD,217.08999633789062,-1.5955778354210137,,,2026-10-06
HUM,Humana Inc.,NYSE,,USD,404.2699890136719,0.04949184196505474,,,2026-10-06
HUN,Huntsman Corporation,NYSE,,USD,8.770000457763672,-0.7918517377369816,,,2026-10-06
HUYA,HUYA Inc.,NYSE,,USD,2.2899999618530273,0.8810564358837869,,,2026-10-06
HVT,"Haverty Furniture Companies, Inc.",NYSE,,USD,27.920000076293945,0.10756789997150573,,,2026-10-06
HWM,Howmet Aerospace Inc.,NYSE,,USD,231.60000610351562,0.8842613209616434,,,2026-10-06
HXL,Hexcel Corporation,NYSE,,USD,86.01000213623047,0.12805658719159396,,,2026-10-06
HY,"Hyster-Yale, Inc.",NYSE,,USD,32.130001068115234,0.5948670346921814,,,2026-10-06
HYI,Western Asset High Yield Opportunity Fund Inc.,NYSE,,USD,9.779999732971191,0.9287941845744774,,,2026-10-06
HYT,"Blackrock Corporate High Yield Fund, Inc.",NYSE,,USD,7.809999942779541,0.1282019461557926,,,2026-10-06
HZO,"MarineMax, Inc.  (FL)",NYSE,,USD,52.38999938964844,0.07641053809603893,,,2026-10-06
IAE,Voya Asia Pacific High Dividend Equity Income Fund ING Asia Pacific High Dividend Equity Income Fund,NYSE,,USD,9.039999961853027,-1.0940960362521457,,,2026-10-06
IAG,Iamgold Corporation,NYSE,,USD,18.549999237060547,0.596522233281771,,,2026-10-06
IBM,International Business Machines Corporation,NYSE,,USD,221.2899932861328,-0.13088209338629753,,,2026-10-06
IBN,ICICI Bank Limited,NYSE,,USD,28.020000457763672,0.9729746225717983,,,2026-10-06
IBP,"Installed Building Products, Inc.",NYSE,,USD,192.85000610351562,0.9104732811506366,,,2026-10-06
IBTA,"Ibotta, Inc. Class A",NYSE,,USD,40.959999084472656,-0.9431666361306323,,,2026-10-06
ICE,Intercontinental Exchange Inc.,NYSE,,USD,153.49000549316406,0.8807174830328002,,,2026-10-06
ICL,ICL Group Ltd.,NYSE,,USD,5.079999923706055,0.3952565445193956,,,2026-10-06
IDA,"IDACORP, Inc.",NYSE,,USD,132.67999267578125,0.721169801149224,,,2026-10-06
IDE,"Voya Infrastructure, Industrials and Materials Fund",NYSE,,USD,12.25,3.114477121168746,,,2026-10-06
IDT,IDT Corporation Class B,NYSE,,USD,80.30999755859375,0.28720744540475796,,,2026-10-06
IEX,IDEX Corporation,NYSE,,USD,236.27999877929688,0.42075970989559064,,,2026-10-06
IFF,"International Flavors & Fragrances, Inc.",NYSE,,USD,83.91999816894531,0.7926927885912871,,,2026-10-06
IFN,"Aberdeen India Fund, Inc.",NYSE,,USD,10.569999694824219,1.1483242846826558,,,2026-10-06
IFS,Intercorp Financial Services Inc.,NYSE,,USD,54.2599983215332,-0.2573588242991143,,,2026-10-06
IGA,Voya Global Advantage and Premium Opportunity Fund,NYSE,,USD,9.8100004196167,-0.40609096755241936,,,2026-10-06
IGD,Voya Global Equity Dividend and Premium Opportunity Fund,NYSE,,USD,6.099999904632568,1.1608572535430017,,,2026-10-06
IGI,Western Asset Investment Grade Opportunity Trust Inc.,NYSE,,USD,15.329999923706055,-2.480918172379054,,,2026-10-06
IGR,CBRE Global Real Estate Income Fund,NYSE,,USD,11.470000267028809,-0.34752355393231626,,,2026-10-06
IH,iHuman Inc.,NYSE,,USD,1.1399999856948853,-0.8695644061371466,,,2026-10-06
IHD,Voya Emerging Markets High Income Dividend Equity Fund,NYSE,,USD,7.679999828338623,-0.9032280214371191,,,2026-10-06
IHG,Intercontinental Hotels Group,NYSE,,USD,160.5399932861328,0.645726797547308,,,2026-10-06
IHS,IHS Holding Limited,NYSE,,USD,8.4399995803833,-0.11834590659837163,,,2026-10-06
IIF,"Morgan Stanley India Investment Fund, Inc.",NYSE,,USD,21.280000686645508,0.0,,,2026-10-06
IIIN,"Insteel Industries, Inc.",NYSE,,USD,30.170000076293945,1.3436332293571107,,,2026-10-06
IIM,Invesco Value Municipal Income Trust,NYSE,,USD,10.850000381469727,1.307192743455654,,,2026-10-06
IIPR,"Innovative Industrial Properties, Inc.",NYSE,,USD,50.2599983215332,-0.5540217430192285,,,2026-10-06
IMAX,Imax Corporation,NYSE,,USD,50.58000183105469,-3.8037275206384003,,,2026-10-06
INFQ,"Infleqtion, Inc.",NYSE,,USD,12.539999961853027,-0.9478664060459052,,,2026-10-06
INFY,Infosys Limited,NYSE,,USD,10.550000190734863,-1.951673175464197,,,2026-10-06
ING,"ING Group, N.V.",NYSE,,USD,34.900001525878906,0.37388860052836037,,,2026-10-06
INGM,Ingram Micro Holding Corporation,NYSE,,USD,28.170000076293945,2.139231886221893,,,2026-10-06
INGR,Ingredion Incorporated,NYSE,,USD,96.75,-0.10325087836507985,,,2026-10-06
INN,"Summit Hotel Properties, Inc.",NYSE,,USD,5.989999771118164,0.0,,,2026-10-06
INR,"Infinity Natural Resources, Inc. Class A",NYSE,,USD,13.5,2.195306290806842,,,2026-10-06
INSP,"Inspire Medical Systems, Inc.",NYSE,,USD,68.19999694824219,-3.6042445961241176,,,2026-10-06
INSW,"International Seaways, Inc.",NYSE,,USD,116.45999908447266,-0.1200680887483152,,,2026-10-06
INVH,Invitation Homes Inc.,NYSE,,USD,26.389999389648438,1.2663082519910551,,,2026-10-06
INVX,"Innovex International, Inc.",NYSE,,USD,27.6200008392334,-2.780707541083194,,,2026-10-06
IONQ,"IonQ, Inc.",NYSE,,USD,43.290000915527344,0.7447048772017295,,,2026-10-06
IOT,Samsara Inc. Class A,NYSE,,USD,41.7400016784668,-1.533375136920545,,,2026-10-06
IP,International Paper Company,NYSE,,USD,32.13999938964844,0.2808117152271805,,,2026-10-06
IPI,"Intrepid Potash, Inc",NYSE,,USD,33.529998779296875,0.44936400953239364,,,2026-10-06
IQI,Invesco Quality Municipal Income Trust,NYSE,,USD,8.890000343322754,1.8327698679974747,,,2026-10-06
IQV,"IQVIA Holdings, Inc.",NYSE,,USD,259.9800109863281,-2.296210092695039,,,2026-10-06
IR,Ingersoll Rand Inc.,NYSE,,USD,79.20999908447266,0.8402240701123276,,,2026-10-06
IRAB,Iris Acquisition Corp II,NYSE,,USD,10.010000228881836,0.0,,,2026-10-06
IRM,Iron Mountain Incorporated (Delaware)Common Stock REIT,NYSE,,USD,116.5,3.7122746380944927,,,2026-10-06
IRS,IRSA Inversiones Y Representaciones S.A. Global,NYSE,,USD,14.270000457763672,2.2939114901349367,,,2026-10-06
IRT,"Independence Realty Trust, Inc.",NYSE,,USD,14.729999542236328,0.06792985751444824,,,2026-10-06
ISD,"PGIM High Yield Bond Fund, Inc.",NYSE,,USD,11.640000343322754,1.2173942897630852,,,2026-10-06
IT,"Gartner, Inc.",NYSE,,USD,184.9199981689453,-1.5125673311559562,,,2026-10-06
ITGR,Integer Holdings Corporation,NYSE,,USD,126.47000122070312,0.01581990742880457,,,2026-10-06
ITT,ITT Inc.,NYSE,,USD,207.30999755859375,0.5383126221045309,,,2026-10-06
ITUB,Itau Unibanco Banco Holding SA,NYSE,,USD,10.149999618530273,2.318543754711899,,,2026-10-06
ITW,Illinois Tool Works Inc.,NYSE,,USD,267.1400146484375,1.1166252241833208,,,2026-10-06
IVAI,Ives Ultra AI Opportunities Inc.,NYSE,,USD,10.170000076293945,-0.0982340725152242,,,2026-10-06
IVR,INVESCO MORTGAGE CAPITAL INC,NYSE,,USD,5.71999979019165,0.35087687010102453,,,2026-10-06
IVT,InvenTrust Properties Corp.,NYSE,,USD,29.75,-0.03360291937138937,,,2026-10-06
IVZ,Invesco Ltd,NYSE,,USD,30.3799991607666,-0.39344537453572803,,,2026-10-06
IX,ORIX Corporation,NYSE,,USD,37.15999984741211,-0.4820575908950686,,,2026-10-06
J,Jacobs Solutions Inc.,NYSE,,USD,139.22999572753906,0.40383469098448366,,,2026-10-06
JACS,Jackson Acquisition Company II,NYSE,,USD,10.829999923706055,0.0,,,2026-10-06
JAN,"Janus Living, Inc. Class A-1",NYSE,,USD,28.559999465942383,-0.6608714228091062,,,2026-10-06
JBGS,JBG SMITH Properties,NYSE,,USD,10.859999656677246,0.27700584656076277,,,2026-10-06
JBI,"Janus International Group, Inc.",NYSE,,USD,4.320000171661377,-0.4608290374042534,,,2026-10-06
JBK,Lehman ABS 3.50 3.50% Adjustable Corp Backed Tr Certs GS Cap I,NYSE,,USD,25.549999237060547,1.3888827917649227,,,2026-10-06
JBL,Jabil Inc.,NYSE,,USD,309.19000244140625,2.741410225649976,,,2026-10-06
JBS,JBS N.V.,NYSE,,USD,12.020000457763672,1.0933566920704463,,,2026-10-06
JBTM,JBT Marel Corporation,NYSE,,USD,108.69000244140625,-0.9748539303927606,,,2026-10-06
JCE,Nuveen Core Equity Alpha Fund,NYSE,,USD,17.049999237060547,1.669640856612209,,,2026-10-06
JCI,Johnson Controls International plc Ordinary Share,NYSE,,USD,158.75999450683594,1.2177164992010159,,,2026-10-06
JEF,Jefferies Financial Group Inc.,NYSE,,USD,44.959999084472656,-1.919723091592429,,,2026-10-06
JELD,"JELD-WEN Holding, Inc.",NYSE,,USD,1.8200000524520874,3.4090944496560915,,,2026-10-06
JENA,Jena Acquisition Corporation II,NYSE,,USD,10.420000076293945,-0.09587946873667041,,,2026-10-06
JFR,Nuveen Floating Rate Income Fund,NYSE,,USD,7.380000114440918,2.07469011025887,,,2026-10-06
JGH,Nuveen Global High Income Fund,NYSE,,USD,11.640000343322754,1.6593933381891635,,,2026-10-06
JHI,John Hancock Investors Trust,NYSE,,USD,12.079999923706055,0.5828450748558867,,,2026-10-06
JHS,John Hancock Income Securities Trust,NYSE,,USD,10.229999542236328,-0.6796179340025854,,,2026-10-06
JHX,James Hardie Industries plc.,NYSE,,USD,25.530000686645508,1.309523467123741,,,2026-10-06
JILL,"J. Jill, Inc.",NYSE,,USD,24.760000228881836,0.5686408808944554,,,2026-10-06
JKS,JinkoSolar Holding Company Limited,NYSE,,USD,9.09000015258789,-1.1956484669322198,,,2026-10-06
JLL,Jones Lang LaSalle Incorporated,NYSE,,USD,303.6199951171875,0.4001162132288627,,,2026-10-06
JLS,Nuveen Mortgage and Income Fund,NYSE,,USD,16.239999771118164,0.24690744626516548,,,2026-10-06
JMIA,Jumia Technologies AG,NYSE,,USD,6.800000190734863,0.1472787767013095,,,2026-10-06
JMKE,Jersey Mike's Subs Inc. Class A,NYSE,,USD,16.43000030517578,2.1131146635396725,,,2026-10-06
JMM,Nuveen Multi-Market Income Fund (MA),NYSE,,USD,5.449999809265137,-1.624551501942384,,,2026-10-06
JNJ,Johnson & Johnson,NYSE,,USD,254.77999877929688,0.7314301020389768,,,2026-10-06
JOBY,"Joby Aviation, Inc.",NYSE,,USD,5.78000020980835,0.0,,,2026-10-06
JOE,St. Joe Company (The),NYSE,,USD,65.9800033569336,-0.34737310182655357,,,2026-10-06
JOF,Japan Smaller Capitalization Fund Inc,NYSE,,USD,12.640000343322754,0.0,,,2026-10-06
JPC,Nuveen Preferred & Income Opportunities Fund,NYSE,,USD,6.739999771118164,1.6591199815766844,,,2026-10-06
JPM,JP Morgan Chase & Co.,NYSE,,USD,331.2799987792969,-0.3309483384547951,,,2026-10-06
JQC,Nuveen Credit Strategies Income Fund,NYSE,,USD,4.659999847412109,0.8658000615553441,,,2026-10-06
JRI,Nuveen Real Asset Income and Growth Fund,NYSE,,USD,10.630000114440918,-0.18778877751842726,,,2026-10-06
JRS,Nuveen Real Estate Income Fund,NYSE,,USD,7.300000190734863,0.9681904768562788,,,2026-10-06
JXN,Jackson Financial Inc.,NYSE,,USD,132.91000366210938,-0.7022804621161338,,,2026-10-06
KAI,Kadant Inc,NYSE,,USD,263.6600036621094,-1.302691770421549,,,2026-10-06
KB,KB Financial Group Inc,NYSE,,USD,124.76000213623047,0.008017744473320931,,,2026-10-06
KBDC,"Kayne Anderson BDC, Inc.",NYSE,,USD,12.609999656677246,-0.7086626294453335,,,2026-10-06
KBH,KB Home,NYSE,,USD,45.400001525878906,0.7992908593113635,,,2026-10-06
KBR,"KBR, Inc.",NYSE,,USD,34.61000061035156,0.26071886267211575,,,2026-10-06
KD,"Kyndryl Holdings, Inc.",NYSE,,USD,11.479999542236328,-1.1197253943599494,,,2026-10-06
KEN,Kenon Holdings Ltd.,NYSE,,USD,61.52000045776367,0.5064554450706638,,,2026-10-06
KEP,Korea Electric Power Corporation,NYSE,,USD,11.319999694824219,1.3428792972760784,,,2026-10-06
KEX,Kirby Corporation,NYSE,,USD,138.5,-0.965324307899107,,,2026-10-06
KEY,KeyCorp,NYSE,,USD,20.139999389648438,-0.19822058930833997,,,2026-10-06
KEYS,Keysight Technologies Inc.,NYSE,,USD,388.0299987792969,1.004759668023536,,,2026-10-06
KF,"Korea Fund, Inc. (The) New",NYSE,,USD,66.38999938964844,-3.4186769670525363,,,2026-10-06
KFRC,"Kforce, Inc.",NYSE,,USD,50.68000030517578,-2.16216013200915,,,2026-10-06
KFY,Korn Ferry,NYSE,,USD,71.05999755859375,-0.9064308104553498,,,2026-10-06
KGC,Kinross Gold Corporation,NYSE,,USD,23.809999465942383,0.9754009456340196,,,2026-10-06
KGS,"Kodiak Gas Services, Inc.",NYSE,,USD,55.88999938964844,4.350257573965144,,,2026-10-06
KHC,The Kraft Heinz Company,NYSE,,USD,22.030000686645508,0.8699658092039986,,,2026-10-06
KIM,Kimco Realty Corporation (HC),NYSE,,USD,22.139999389648438,0.499313207328278,,,2026-10-06
KIO,KKR Income Opportunities Fund,NYSE,,USD,10.380000114440918,2.0648971147648076,,,2026-10-06
KKR,KKR & Co. Inc.,NYSE,,USD,90.66999816894531,0.7892386523992378,,,2026-10-06
KKRS,KKR Group Finance Co. IX LLC 4.625% Subordinated Notes due 2061,NYSE,,USD,15.460000038146973,0.12953664706754076,,,2026-10-06
KKRT,KKR & Co. Inc. 6.875% Subordinated Notes due 2065,NYSE,,USD,23.049999237060547,1.0521691220401364,,,2026-10-06
KLAR,Klarna Group plc,NYSE,,USD,13.25,1.2223059247289392,,,2026-10-06
KLC,"KinderCare Learning Companies, Inc.",NYSE,,USD,2.0,10.49724106226677,,,2026-10-06
KMI,"Kinder Morgan, Inc.",NYSE,,USD,32.15999984741211,2.3877746056779836,,,2026-10-06
KMPB,Kemper Corporation 5.875% Fixed-Rate Reset Junior Subordinated Debentures due 2062,NYSE,,USD,24.719999313354492,-0.040437642810131624,,,2026-10-06
KMPR,Kemper Corporation,NYSE,,USD,26.06999969482422,1.007362395434841,,,2026-10-06
KMT,Kennametal Inc.,NYSE,,USD,33.40999984741211,1.6737651456016245,,,2026-10-06
KMX,CarMax Inc,NYSE,,USD,55.290000915527344,0.7838138906156811,,,2026-10-06
KN,Knowles Corporation,NYSE,,USD,39.189998626708984,-0.5330022615151031,,,2026-10-06
KNF,Knife Riv Holding Co.,NYSE,,USD,53.22999954223633,2.4244723724025308,,,2026-10-06
KNOP,KNOT Offshore Partners LP Common,NYSE,,USD,10.25,-1.3474527304777828,,,2026-10-06
KNSL,"Kinsale Capital Group, Inc.",NYSE,,USD,336.45001220703125,1.2123213454393822,,,2026-10-06
KNTK,Kinetik Holdings Inc. Class A,NYSE,,USD,53.95000076293945,1.6390333494219478,,,2026-10-06
KNX,Knight-Swift Transportation Holdings Inc.,NYSE,,USD,64.62999725341797,-0.935010162975991,,,2026-10-06
KO,Coca-Cola Company (The),NYSE,,USD,86.16999816894531,-0.3930227244125395,,,2026-10-06
KODK,Eastman Kodak Company Common New,NYSE,,USD,9.869999885559082,-1.5952128780836183,,,2026-10-06
KOF,Coca Cola Femsa S.A.B. de C.V.,NYSE,,USD,107.19999694824219,-0.8784138365540373,,,2026-10-06
KOP,Koppers Holdings Inc.,NYSE,,USD,46.029998779296875,-2.147113343054974,,,2026-10-06
KOS,Kosmos Energy Ltd. Common Shares (DE),NYSE,,USD,2.5999999046325684,3.174600171093722,,,2026-10-06
KPET,KPET Ultra Paceline Corporation,NYSE,,USD,10.020000457763672,0.0,,,2026-10-05
KR,Kroger Company (The),NYSE,,USD,58.40999984741211,-0.6294640006271779,,,2026-10-06
KRC,Kilroy Realty Corporation,NYSE,,USD,33.900001525878906,1.86298909051561,,,2026-10-06
KREF,KKR Real Estate Finance Trust Inc.,NYSE,,USD,6.260000228881836,2.9605313722777638,,,2026-10-06
KRG,Kite Realty Group Trust,NYSE,,USD,24.1299991607666,0.0,,,2026-10-06
KRMN,Karman Holdings Inc.,NYSE,,USD,33.290000915527344,0.8176876257437682,,,2026-10-06
KRO,Kronos Worldwide Inc,NYSE,,USD,7.860000133514404,-1.0075557069209928,,,2026-10-06
KRP,Kimbell Royalty Partners Common,NYSE,,USD,14.9399995803833,1.0141962063364263,,,2026-10-06
KRSP,Rice Acquisition Corporation 3,NYSE,,USD,10.649999618530273,0.9478618577014819,,,2026-10-06
KSS,Kohl's Corporation,NYSE,,USD,19.6299991607666,0.5120249390952347,,,2026-10-06
KT,KT Corporation,NYSE,,USD,19.0,-0.05260509606224151,,,2026-10-06
KTB,"Kontoor Brands, Inc.",NYSE,,USD,65.80000305175781,2.492221463508071,,,2026-10-06
KTF,DWS Municipal Income Trust,NYSE,,USD,8.09000015258789,0.6218929225385139,,,2026-10-06
KTH,Structures Products Cp 8% CorTS Issued by Peco Energy Cap Tr II Preferred Stock,NYSE,,USD,28.65999984741211,-0.03488046339457096,,,2026-10-06
KTN,Structured Products Corp 8.205% CorTS 8.205% Corporate Backed Trust Securities (CorTS),NYSE,,USD,25.549999237060547,-0.5836635074938035,,,2026-10-06
KVUE,Kenvue Inc.,NYSE,,USD,17.59000015258789,1.150090684065841,,,2026-10-06
KVYO,"Klaviyo, Inc. Series A",NYSE,,USD,16.600000381469727,-0.5988046521030466,,,2026-10-06
KWR,Quaker Houghton,NYSE,,USD,161.0800018310547,0.018626997037207715,,,2026-10-06
KWY,Kingsway Corporation,NYSE,,USD,9.5600004196167,2.5751151572007247,,,2026-10-06
KYN,"Kayne Anderson Energy Infrastructure Fund, Inc.",NYSE,,USD,14.239999771118164,1.280222945444076,,,2026-10-06
L,Loews Corporation,NYSE,,USD,106.45999908447266,0.7476113648306137,,,2026-10-06
LAC,Lithium Americas Corp.,NYSE,,USD,2.5399999618530273,-0.39215649608830283,,,2026-10-06
LAD,"Lithia Motors, Inc.",NYSE,,USD,292.510009765625,-3.4620429816419107,,,2026-10-06
LADR,Ladder Capital Corp Class A,NYSE,,USD,8.680000305175781,1.8779323804649861,,,2026-10-06
LANV,Lanvin Group Holdings Limited,NYSE,,USD,0.9298999905586243,-3.1354154850511184,,,2026-10-06
LAR,Lithium Argentina AG,NYSE,,USD,5.579999923706055,-0.3571425226269853,,,2026-10-06
LAW,"CS Disco, Inc.",NYSE,,USD,4.199999809265137,0.47846846286745404,,,2026-10-06
LAZ,"Lazard, Inc.",NYSE,,USD,36.36000061035156,3.061229785780095,,,2026-10-06
LB,LandBridge Company LLC Class A Shares Representing Limited Liability Company Interests,NYSE,,USD,85.6500015258789,2.47666864019509,,,2026-10-06
LBRT,Liberty Energy Inc.,NYSE,,USD,20.1200008392334,2.705465454401712,,,2026-10-06
LCII,LCI Industries,NYSE,,USD,82.19000244140625,-0.4722685650289882,,,2026-10-06
LCLN,"Lincoln International, Inc. Class A",NYSE,,USD,23.940000534057617,-0.6638997712843708,,,2026-10-06
LDI,"loanDepot, Inc. Class A",NYSE,,USD,0.6176000237464905,1.914194295206073,,,2026-10-06
LDOS,"Leidos Holdings, Inc.",NYSE,,USD,116.69000244140625,-2.3105856654243806,,,2026-10-06
LDP,"Cohen & Steers Limited Duration Preferred and Income Fund, Inc.",NYSE,,USD,19.100000381469727,0.579255459069894,,,2026-10-06
LEA,Lear Corporation,NYSE,,USD,122.0,0.5522114553976998,,,2026-10-06
LEN,Lennar Corporation Class A,NYSE,,USD,77.41000366210938,3.989791944245158,,,2026-10-06
LEO,"BNY Mellon Strategic Municipals, Inc.",NYSE,,USD,5.539999961853027,1.2797106827480142,,,2026-10-06
LEU,Centrus Energy Corp. Class A,NYSE,,USD,153.8800048828125,8.795250443070168,,,2026-10-06
LEVI,Levi Strauss & Co Class A,NYSE,,USD,20.530000686645508,1.2826848693151094,,,2026-10-06
LFT,"Lument Finance Trust, Inc.",NYSE,,USD,5.090000152587891,2.41449431513181,,,2026-10-06
LGI,Lazard Global Total Return and Income Fund,NYSE,,USD,17.172500610351562,1.3724915523261494,,,2026-10-06
LH,Labcorp Holdings Inc.,NYSE,,USD,311.7099914550781,0.9914134518402173,,,2026-10-06
LHX,"L3Harris Technologies, Inc.",NYSE,,USD,237.89999389648438,0.4305931242176708,,,2026-10-06
LII,"Lennox International, Inc.",NYSE,,USD,365.6300048828125,1.240484857272972,,,2026-10-06
LION,Lionsgate Studios Corp,NYSE,,USD,11.350000381469727,1.6114619869859848,,,2026-10-06
LITB,"LightInTheBox Holding Co., Ltd.",NYSE,,USD,2.799999952316284,-4.10959317953049,,,2026-10-06
LLY,Eli Lilly and Company,NYSE,,USD,1157.489990234375,1.2570854484716065,,,2026-10-06
LMND,"Lemonade, Inc.",NYSE,,USD,46.29999923706055,-0.7927982566988123,,,2026-10-06
LMT,Lockheed Martin Corporation,NYSE,,USD,510.1199951171875,0.6888637073878545,,,2026-10-06
LNC,Lincoln National Corporation,NYSE,,USD,42.08000183105469,2.8599413053202127,,,2026-10-06
LND,Brasilagro Brazilian Agric Real Estate Co Sponsored ADR (Brazil),NYSE,,USD,3.700000047683716,0.0,,,2026-10-06
LNG,"Cheniere Energy, Inc.",NYSE,,USD,275.260009765625,0.12003677250045364,,,2026-10-06
LNN,Lindsay Corporation,NYSE,,USD,114.7300033569336,0.29723224853510644,,,2026-10-06
LOAR,Loar Holdings Inc.,NYSE,,USD,61.279998779296875,-1.7161182373858885,,,2026-10-06
LOB,"Live Oak Bancshares, Inc.",NYSE,,USD,36.4900016784668,-0.13683425234753965,,,2026-10-06
LOCL,Local Bounti Corporation,NYSE,,USD,1.0800000429153442,0.0,,,2026-10-06
LOMA,Loma Negra Compania Industrial Argentina Sociedad Anonima ADS,NYSE,,USD,9.6899995803833,-0.8188421047288563,,,2026-10-06
LOW,"Lowe's Companies, Inc.",NYSE,,USD,183.6699981689453,2.3231187570726064,,,2026-10-06
LPG,Dorian LPG Ltd.,NYSE,,USD,56.45000076293945,-2.0645361542503737,,,2026-10-06
LPL,"LG Display Co, Ltd AMERICAN DEPOSITORY SHARES",NYSE,,USD,3.0899999141693115,-0.3225803474481759,,,2026-10-06
LPX,Louisiana-Pacific Corporation,NYSE,,USD,66.88999938964844,2.450602621665121,,,2026-10-06
LRN,"Stride, Inc.",NYSE,,USD,79.75,1.102944696850039,,,2026-10-06
LSPD,Lightspeed Commerce Inc. Subordinate Voting Shares,NYSE,,USD,10.140000343322754,-0.685599359086031,,,2026-10-06
LTC,"LTC Properties, Inc.",NYSE,,USD,42.439998626708984,0.023564274007292774,,,2026-10-06
LTH,"Life Time Group Holdings, Inc.",NYSE,,USD,40.380001068115234,0.7988010081237062,,,2026-10-06
LTM,LATAM Airlines Group S.A.,NYSE,,USD,52.22999954223633,2.8352010253040794,,,2026-10-06
LU,Lufax Holding Ltd,NYSE,,USD,1.0099999904632568,-1.9417457749564604,,,2026-10-06
LUCK,Lucky Strike Entertainment Corporation Class A,NYSE,,USD,5.289999961853027,0.5703371039124105,,,2026-10-06
LUV,Southwest Airlines Company,NYSE,,USD,42.45000076293945,1.4336972776459733,,,2026-10-06
LUXE,LuxExperience B.V.,NYSE,,USD,10.0,2.564102564102555,,,2026-10-06
LVS,Las Vegas Sands Corp.,NYSE,,USD,36.310001373291016,-0.8194461405600761,,,2026-10-06
LVWR,"LiveWire Group, Inc.",NYSE,,USD,1.6299999952316284,10.884351259004156,,,2026-10-06
LW,"Lamb Weston Holdings, Inc.",NYSE,,USD,47.90999984741211,7.493830324113193,,,2026-10-06
LXFR,Luxfer Holdings PLC,NYSE,,USD,17.239999771118164,-0.05797234134398144,,,2026-10-06
LXP,LXP Industrial Trust Common Stock (Maryland REIT),NYSE,,USD,60.95000076293945,0.04924917087314462,,,2026-10-06
LXU,"LSB Industries, Inc.",NYSE,,USD,10.170000076293945,-0.0982340725152242,,,2026-10-06
LYB,LyondellBasell Industries NV Ordinary Shares Class A (Netherlands),NYSE,,USD,58.93000030517578,-0.4897009617520265,,,2026-10-06
LYG,Lloyds Banking Group Plc,NYSE,,USD,5.559999942779541,1.8315000720495744,,,2026-10-06
LYNX,Lyntris Inc.,NYSE,,USD,13.260000228881836,5.65737073590753,,,2026-10-06
LYV,"Live Nation Entertainment, Inc.",NYSE,,USD,171.8000030517578,0.6620993114993201,,,2026-10-06
LZB,La-Z-Boy Incorporated,NYSE,,USD,29.65999984741211,0.47425266760663387,,,2026-10-06
LZM,Lifezone Metals Limited,NYSE,,USD,3.8399999141693115,0.2610963619440687,,,2026-10-06
M,Macy's Inc,NYSE,,USD,22.459999084472656,-0.22212858241122957,,,2026-10-06
MA,Mastercard Incorporated,NYSE,,USD,566.5800170898438,0.3524664162876556,,,2026-10-06
MAA,"Mid-America Apartment Communities, Inc.",NYSE,,USD,116.98999786376953,0.4464640144383969,,,2026-10-06
MAC,Macerich Company (The),NYSE,,USD,22.950000762939453,0.34980288924526537,,,2026-10-06
MAGN,Magnera Corporation,NYSE,,USD,11.710000038146973,0.25684702215202915,,,2026-10-06
MAIN,Main Street Capital Corporation,NYSE,,USD,54.77000045776367,-0.400074948150575,,,2026-10-06
MAIR,Madison Air Solutions Corporation Class A,NYSE,,USD,24.600000381469727,-1.4817738969134964,,,2026-10-06
MAN,ManpowerGroup,NYSE,,USD,51.869998931884766,-4.298896306746702,,,2026-10-06
MANE,"Veradermics, Incorporated",NYSE,,USD,108.95999908447266,-8.3368414512755,,,2026-10-06
MANU,Manchester United Ltd.,NYSE,,USD,20.399999618530273,1.7456378792413352,,,2026-10-06
MAS,Masco Corporation,NYSE,,USD,69.93000030517578,2.1472410756086857,,,2026-10-06
MATV,"Mativ Holdings, Inc.",NYSE,,USD,12.210000038146973,0.8257670049939936,,,2026-10-06
MATX,"Matson, Inc.",NYSE,,USD,224.77999877929688,-2.5492087008834208,,,2026-10-06
MAX,"MediaAlpha, Inc. Class A",NYSE,,USD,9.680000305175781,0.4149373488428809,,,2026-10-06
MBC,"MasterBrand, Inc.",NYSE,,USD,7.099999904632568,1.71919606348383,,,2026-10-06
MBGL,Mobility Global Inc.,NYSE,,USD,17.6200008392334,0.17055535182068926,,,2026-10-06
MBI,MBIA Inc.,NYSE,,USD,4.449999809265137,-0.4474268873658316,,,2026-10-06
MC,Moelis & Company Class A,NYSE,,USD,56.04999923706055,0.0,,,2026-10-06
MCB,Metropolitan Bank Holding Corp.,NYSE,,USD,88.7300033569336,0.21459502986398427,,,2026-10-06
MCD,McDonald's Corporation,NYSE,,USD,232.4499969482422,-0.2531738563716024,,,2026-10-06
MCI,Barings Corporate Investors,NYSE,,USD,17.950000762939453,-0.2777735392252567,,,2026-10-06
MCK,McKesson Corporation,NYSE,,USD,921.6699829101562,0.6794440570413451,,,2026-10-06
MCN,XAI Madison Equity Premium Income Fund,NYSE,,USD,5.269999980926514,0.5725231129532604,,,2026-10-06
MCO,Moody's Corporation,NYSE,,USD,452.32000732421875,0.9304950316919136,,,2026-10-06
MCS,Marcus Corporation (The),NYSE,,USD,26.440000534057617,-0.8252037307338811,,,2026-10-06
MCY,Mercury General Corporation,NYSE,,USD,103.0,1.0695675583572761,,,2026-10-06
MD,"Pediatrix Medical Group, Inc.",NYSE,,USD,26.0,-0.3831432184220329,,,2026-10-06
MDA,MDA Space Ltd.,NYSE,,USD,30.25,2.5423728813559254,,,2026-10-06
MDT,Medtronic plc.,NYSE,,USD,87.08999633789062,-1.0003465620111784,,,2026-10-06
MDU,"MDU Resources Group, Inc. Common Stock (Holding Company)",NYSE,,USD,18.950000762939453,1.391119429922183,,,2026-10-06
MEC,"Mayville Engineering Company, Inc.",NYSE,,USD,16.459999084472656,0.42708784277580847,,,2026-10-06
MED,MEDIFAST INC,NYSE,,USD,11.510000228881836,-1.3710355301293276,,,2026-10-06
MEGI,NYLIM CBRE Global Infrastructure Megatrends Term Fund,NYSE,,USD,13.5600004196167,1.6491773951451627,,,2026-10-06
MEI,"Methode Electronics, Inc.",NYSE,,USD,15.100000381469727,-1.9480470421542662,,,2026-10-06
MET,"MetLife, Inc.",NYSE,,USD,97.16000366210938,0.28902396431635946,,,2026-10-06
MFA,"MFA Financial, Inc.",NYSE,,USD,7.28000020980835,-0.9523768126867505,,,2026-10-06
MFAN,"MFA Financial, Inc. 8.875% Senior Notes due 2029",NYSE,,USD,25.149999618530273,-0.039746537927198844,,,2026-10-06
MFAO,"MFA Financial, Inc. 9.000% Senior Notes due 2029",NYSE,,USD,25.190000534057617,0.07946149266209179,,,2026-10-06
MFC,Manulife Financial Corporation,NYSE,,USD,42.93000030517578,-0.023284401148038203,,,2026-10-06
MFG,"Mizuho Financial Group, Inc. Sponosred ADR (Japan)",NYSE,,USD,11.149999618530273,1.0879409652239103,,,2026-10-06
MFM,Aberdeen Municipal Income Fund,NYSE,,USD,4.940000057220459,3.3472769955908532,,,2026-10-06
MG,Mistras Group Inc,NYSE,,USD,21.030000686645508,1.9389313725209245,,,2026-10-06
MGA,"Magna International, Inc.",NYSE,,USD,65.66000366210938,1.139872942137643,,,2026-10-06
MGF,Aberdeen Government Markets Income Fund,NYSE,,USD,2.674999952316284,-0.5576247057657802,,,2026-10-06
MGM,MGM Resorts International,NYSE,,USD,30.540000915527344,1.226386603572216,,,2026-10-06
MGR,"Affiliated Managers Group, Inc. 5.875% Junior Subordinated Notes due 2059",NYSE,,USD,18.829999923706055,-1.206713266951065,,,2026-10-06
MGRB,"Affiliated Managers Group, Inc. 4.750% Junior Subordinated Notes due 2060",NYSE,,USD,15.710000038146973,-1.257069837732705,,,2026-10-06
MGRD,"Affiliated Managers Group, Inc. 4.200% Junior Subordinated Notes due 2061",NYSE,,USD,14.0600004196167,-0.9301012250803709,,,2026-10-06
MGRE,"Affiliated Managers Group, Inc. 6.750% Junior Subordinated Notes due 2064",NYSE,,USD,21.420000076293945,0.1870950285196793,,,2026-10-06
MGY,Magnolia Oil & Gas Corporation Class A,NYSE,,USD,23.940000534057617,-0.24999777475992468,,,2026-10-06
MH,"McGraw Hill, Inc.",NYSE,,USD,12.979999542236328,3.0976916991400705,,,2026-10-06
MHD,"Blackrock MuniHoldings Fund, Inc.",NYSE,,USD,10.229999542236328,1.2871203550161026,,,2026-10-06
MHF,"Western Asset Municipal High Income Fund, Inc.",NYSE,,USD,6.28000020980835,2.446983565531502,,,2026-10-06
MHK,"Mohawk Industries, Inc.",NYSE,,USD,126.05000305175781,0.8965042374498688,,,2026-10-06
MHLA,"Maiden Holdings, Ltd. 6.625% Notes due 2046",NYSE,,USD,9.0,-0.4424774559935729,,,2026-10-06
MHNC,"Maiden Holdings North America, Ltd. 7.75% Notes due 2043",NYSE,,USD,10.274999618530273,-0.33948399284087216,,,2026-10-06
MHO,"M/I Homes, Inc.",NYSE,,USD,133.2899932861328,0.9772676410097159,,,2026-10-06
MIAX,"Miami International Holdings, Inc.",NYSE,,USD,30.790000915527344,-10.285544320180263,,,2026-10-06
MICC,The Magnum Ice Cream Company N.V.,NYSE,,USD,17.18000030517578,0.4091156769560289,,,2026-10-06
MIN,Aberdeen Intermediate Income Fund,NYSE,,USD,2.309999942779541,1.3157882353605599,,,2026-10-06
MIR,"Mirion Technologies, Inc. Class A",NYSE,,USD,16.270000457763672,9.048259883153165,,,2026-10-06
MITN,"TPG Mortgage Investment Trust, Inc. 9.500% Senior Notes due 2029",NYSE,,USD,25.200000762939453,-0.19801678043780413,,,2026-10-06
MITP,"TPG Mortgage Investment Trust, Inc. 9.500% Senior Notes due 2029",NYSE,,USD,25.18000030517578,-0.1981737533401251,,,2026-10-06
MITT,"TPG Mortgage Investment Trust, Inc.",NYSE,,USD,5.670000076293945,0.7104788817042351,,,2026-10-06
MIY,"Blackrock MuniYield Michigan Quality Fund, Inc.",NYSE,,USD,11.199999809265137,0.8100824065624401,,,2026-10-06
MKC,"McCormick & Company, Incorporated",NYSE,,USD,45.400001525878906,-0.3074207001183993,,,2026-10-06
MKL,Markel Group Inc.,NYSE,,USD,1738.3299560546875,0.6805361060051585,,,2026-10-06
MLI,"Mueller Industries, Inc.",NYSE,,USD,63.130001068115234,0.25408900160464043,,,2026-10-06
MLM,"Martin Marietta Materials, Inc.",NYSE,,USD,489.010009765625,0.7229680258753923,,,2026-10-06
MLP,"Maui Land & Pineapple Company, Inc.",NYSE,,USD,15.640000343322754,-0.31866946078863423,,,2026-10-06
MLR,"Miller Industries, Inc.",NYSE,,USD,54.119998931884766,-0.3314922793828168,,,2026-10-06
MMD,NYLIM MacKay DefinedTerm Muni Opportunities Fund,NYSE,,USD,13.90999984741211,3.26651500861741,,,2026-10-06
MMI,"Marcus & Millichap, Inc.",NYSE,,USD,28.600000381469727,-0.06988279936125386,,,2026-10-06
MMM,3M Company,NYSE,,USD,163.63999938964844,0.2757503165083719,,,2026-10-06
MMS,"Maximus, Inc.",NYSE,,USD,54.68000030517578,0.4962331529514197,,,2026-10-06
MMT,Aberdeen Multi-Market Income Fund,NYSE,,USD,4.239999771118164,0.7125827244504279,,,2026-10-06
MMU,"Western Asset Managed Municipals Fund, Inc.",NYSE,,USD,9.029999732971191,2.149316483073571,,,2026-10-06
MNR,Mach Natural Resources LP Common,NYSE,,USD,10.65999984741211,1.0426507553416897,,,2026-10-06
MNSO,MINISO Group Holding Limited,NYSE,,USD,8.90999984741211,0.224966291529749,,,2026-10-06
MNTN,"MNTN, Inc. Class A",NYSE,,USD,10.050000190734863,-0.2976164007763349,,,2026-10-06
MO,"Altria Group, Inc.",NYSE,,USD,68.55000305175781,0.9870445277693429,,,2026-10-06
MOD,Modine Manufacturing Company,NYSE,,USD,189.91000366210938,3.827018675769711,,,2026-10-06
MOGU,MOGU Inc.,NYSE,,USD,1.8600000143051147,-4.615386214246842,,,2026-10-06
MOH,Molina Healthcare Inc,NYSE,,USD,195.1699981689453,0.5771683069176525,,,2026-10-06
MOS,Mosaic Company (The),NYSE,,USD,20.940000534057617,-1.6439660235733622,,,2026-10-06
MOV,Movado Group Inc.,NYSE,,USD,32.849998474121094,-1.7937287746884745,,,2026-10-06
MP,MP Materials Corp.,NYSE,,USD,48.529998779296875,3.608024383440589,,,2026-10-06
MPA,Blackrock MuniYield Pennsylvania Quality Fund,NYSE,,USD,9.75,0.8273001352107068,,,2026-10-06
MPC,Marathon Petroleum Corporation,NYSE,,USD,432.3599853515625,-0.2560767448761547,,,2026-10-06
MPLX,MPLX LP Common,NYSE,,USD,57.77000045776367,0.697231189343106,,,2026-10-06
MPT,"Medical Properties Trust, Inc.",NYSE,,USD,3.299999952316284,-0.3021145207289466,,,2026-10-06
MPV,Barings Participation Investors,NYSE,,USD,16.350000381469727,0.6153869628906294,,,2026-10-06
MQY,"Blackrock MuniYield Quality Fund, Inc.",NYSE,,USD,9.9399995803833,0.913697415513659,,,2026-10-06
MRK,"Merck & Company, Inc. Common Stock (new)",NYSE,,USD,141.94000244140625,1.7199435794382767,,,2026-10-06
MRP,"Millrose Properties, Inc. Class A",NYSE,,USD,23.170000076293945,2.9320295011160624,,,2026-10-06
MRSH,Marsh,NYSE,,USD,171.74000549316406,0.7686515717189035,,,2026-10-06
MS,Morgan Stanley,NYSE,,USD,191.02000427246094,0.43640665671182965,,,2026-10-06
MSA,MSA Safety Incorporated,NYSE,,USD,182.4499969482422,-0.3713252424175195,,,2026-10-06
MSB,Mesabi Trust,NYSE,,USD,18.6299991607666,-1.7923045065612486,,,2026-10-06
MSC,Studio City International Holdings Limited,NYSE,,USD,0.9807999730110168,-0.92929660980825,,,2026-10-06
MSCI,MSCI Inc.,NYSE,,USD,554.9199829101562,0.46528603925299894,,,2026-10-06
MSD,"Morgan Stanley Emerging Markets Debt Fund, Inc.",NYSE,,USD,6.690000057220459,0.45045361104636417,,,2026-10-06
MSDL,Morgan Stanley Direct Lending Fund,NYSE,,USD,13.479999542236328,-0.5899769535747001,,,2026-10-06
MSGE,Madison Square Garden Entertainment Corp. Class A,NYSE,,USD,79.98999786376953,-0.025002214631708597,,,2026-10-06
MSGS,Madison Square Garden Sports Corp. Class A Common Stock (New),NYSE,,USD,402.07000732421875,0.4371502717781084,,,2026-10-06
MSI,"Motorola Solutions, Inc.",NYSE,,USD,456.2799987792969,0.19983830113250445,,,2026-10-06
MSIF,"MSC Income Fund, Inc.",NYSE,,USD,11.729999542236328,0.3421724832236128,,,2026-10-06
MSM,"MSC Industrial Direct Company, Inc.",NYSE,,USD,130.32000732421875,0.12292844007959491,,,2026-10-06
MT,Arcelor Mittal NY Registry Shares NEW,NYSE,,USD,65.19000244140625,0.7106427631961232,,,2026-10-06
MTAL,Metals Acquisition Corp. II,NYSE,,USD,10.164999961853027,0.1477866392760152,,,2026-10-06
MTB,M&T Bank Corporation,NYSE,,USD,218.74000549316406,0.219926234036949,,,2026-10-06
MTD,"Mettler-Toledo International, Inc.",NYSE,,USD,1533.0699462890625,-0.5552602483499758,,,2026-10-06
MTDR,Matador Resources Company,NYSE,,USD,52.90999984741211,-0.18864077964038106,,,2026-10-06
MTG,MGIC Investment Corporation,NYSE,,USD,27.360000610351562,0.8849548808677277,,,2026-10-06
MTH,Meritage Homes Corporation,NYSE,,USD,62.81999969482422,0.8670535101340526,,,2026-10-06
MTN,"Vail Resorts, Inc.",NYSE,,USD,145.1999969482422,4.235458555081428,,,2026-10-06
MTNE,CH4 Natural Solutions Corporation,NYSE,,USD,9.930000305175781,0.10080875811415702,,,2026-10-06
MTR,Mesa Royalty Trust,NYSE,,USD,2.3499999046325684,-3.6885307572662507,,,2026-10-06
MTRN,Materion Corporation,NYSE,,USD,312.1499938964844,-2.202518622913141,,,2026-10-06
MTUS,Metallus Inc.,NYSE,,USD,20.920000076293945,-0.5703461692572409,,,2026-10-06
MTW,"Manitowoc Company, Inc. (The)",NYSE,,USD,23.3799991607666,-0.552960726710372,,,2026-10-06
MTX,Minerals Technologies Inc.,NYSE,,USD,65.9800033569336,-0.33231661850466887,,,2026-10-06
MTZ,"MasTec, Inc.",NYSE,,USD,228.3000030517578,4.056522061469425,,,2026-10-06
MUA,"Blackrock MuniAssets Fund, Inc",NYSE,,USD,9.40999984741211,0.2129872562100399,,,2026-10-06
MUC,"Blackrock MuniHoldings California Quality Fund, Inc.",NYSE,,USD,9.760000228881836,1.2448120465286205,,,2026-10-06
MUFG,"Mitsubishi UFJ Financial Group, Inc.",NYSE,,USD,23.200000762939453,1.0013123920784794,,,2026-10-06
MUJ,"Blackrock MuniHoldings New Jersey Quality Fund, Inc.",NYSE,,USD,11.3100004196167,1.8918921705403324,,,2026-10-06
MUR,Murphy Oil Corporation,NYSE,,USD,37.790000915527344,-1.5629030572031688,,,2026-10-06
MUSA,Murphy USA Inc.,NYSE,,USD,513.030029296875,0.2638439337903087,,,2026-10-06
MUX,McEwen Inc.,NYSE,,USD,18.100000381469727,1.1173227217972093,,,2026-10-06
MWA,MUELLER WATER PRODUCTS,NYSE,,USD,21.959999084472656,0.9191123781578048,,,2026-10-06
MX,Magnachip Semiconductor Corporation,NYSE,,USD,3.430000066757202,-3.107341702858246,,,2026-10-06
MXE,"Mexico Equity and Income Fund, Inc. (The)",NYSE,,USD,12.53499984741211,0.3602888480270794,,,2026-10-06
MXF,"Mexico Fund, Inc. (The)",NYSE,,USD,20.239999771118164,0.947633622381483,,,2026-10-06
MYE,"Myers Industries, Inc.",NYSE,,USD,31.829999923706055,-0.2819553645763695,,,2026-10-06
MYI,"Blackrock MuniYield Quality Fund III, Inc",NYSE,,USD,9.640000343322754,1.048222032176005,,,2026-10-06
MYN,"Blackrock MuniYield New York Quality Fund, Inc.",NYSE,,USD,8.920000076293945,1.9428580147879515,,,2026-10-06
MZYX,MOZAYYX Acquisition Corp.,NYSE,,USD,10.0,0.0,,,2026-10-06
NABL,"N-able, Inc.",NYSE,,USD,4.420000076293945,-0.8968601235628371,,,2026-10-06
NAC,Nuveen California Quality Municipal Income Fund,NYSE,,USD,10.0600004196167,0.7007072082314991,,,2026-10-06
NAD,Nuveen Quality Municipal Income Fund,NYSE,,USD,10.15999984741211,2.0080302058145927,,,2026-10-06
NAN,Nuveen New York Quality Municipal Income Fund,NYSE,,USD,9.760000228881836,0.0,,,2026-10-06
NAT,Nordic American Tankers Limited,NYSE,,USD,8.220000267028809,-1.7921101622602187,,,2026-10-06
NATL,NCR Atleos Corporation,NYSE,,USD,45.66999816894531,0.3736223493303603,,,2026-10-06
NAZ,Nuveen Arizona Quality Municipal Income Fund,NYSE,,USD,10.829999923706055,-1.4558676136881332,,,2026-10-06
NBB,Nuveen Taxable Municipal Income Fund,NYSE,,USD,14.079999923706055,0.0,,,2026-10-06
NBHC,National Bank Holdings Corporation,NYSE,,USD,38.2599983215332,1.2437083742243171,,,2026-10-06
NBR,Nabors Industries Ltd.,NYSE,,USD,81.22000122070312,-2.332855165914549,,,2026-10-06
NBXG,Neuberger Next Generation Connectivity Fund Inc.,NYSE,,USD,16.31999969482422,0.9900980750178201,,,2026-10-06
NC,"NACCO Industries, Inc.",NYSE,,USD,36.40999984741211,-0.7901932138927759,,,2026-10-06
NCA,Nuveen California Municipal Value Fund,NYSE,,USD,8.25,-0.2418434904062905,,,2026-10-06
NCDL,Nuveen Churchill Direct Lending Corp.,NYSE,,USD,10.899999618530273,-0.3656303783114545,,,2026-10-06
NCLH,Norwegian Cruise Line Holdings Ltd.,NYSE,,USD,15.510000228881836,4.303970062194051,,,2026-10-06
NCV,Virtus Convertible & Income Fund,NYSE,,USD,15.3100004196167,1.7275762497458214,,,2026-10-06
NCZ,Virtus Convertible & Income Fund II,NYSE,,USD,14.039999961853027,1.2987035327166385,,,2026-10-06
NDMO,Nuveen Dynamic Municipal Opportunities Fund,NYSE,,USD,8.84000015258789,0.6833760984226611,,,2026-10-06
NE,Noble Corporation plc A,NYSE,,USD,41.45000076293945,-2.585190349810884,,,2026-10-06
NEA,Nuveen AMT-Free Quality Municipal Income Fund Common Shares of Beneficial Interest Par Value $.01,NYSE,,USD,10.0,1.9367948242220878,,,2026-10-06
NEE,"NextEra Energy, Inc.",NYSE,,USD,77.87999725341797,2.0975334291108316,,,2026-10-06
NEM,Newmont Corporation,NYSE,,USD,116.38999938964844,0.4921427182922766,,,2026-10-06
NET,"Cloudflare, Inc. Class A",NYSE,,USD,355.010009765625,-1.2462045092908491,,,2026-10-06
NEU,NewMarket Corp,NYSE,,USD,926.280029296875,0.20880118590516084,,,2026-10-06
NEXA,Nexa Resources S.A.,NYSE,,USD,12.449999809265137,-0.1603885913022296,,,2026-10-06
NFG,National Fuel Gas Company,NYSE,,USD,78.3499984741211,2.632960744894386,,,2026-10-06
NFJ,"Virtus Dividend, Interest & Premium Strategy Fund",NYSE,,USD,14.729999542236328,-2.514891615321724,,,2026-10-06
NGG,"National Grid Transco, PLC National Grid PLC (NEW)",NYSE,,USD,76.8499984741211,1.0918203995085252,,,2026-10-06
NGL,NGL ENERGY PARTNERS LP Common,NYSE,,USD,15.680000305175781,-0.4444425068204416,,,2026-10-06
NGS,"Natural Gas Services Group, Inc.",NYSE,,USD,34.060001373291016,1.4294208340168257,,,2026-10-06
NGVC,"Natural Grocers by Vitamin Cottage, Inc.",NYSE,,USD,29.84000015258789,-1.0610069510715747,,,2026-10-06
NGVT,Ingevity Corporation,NYSE,,USD,72.80000305175781,-0.4648569055617835,,,2026-10-06
NHI,"National Health Investors, Inc.",NYSE,,USD,65.54000091552734,0.799760534156202,,,2026-10-06
NI,NiSource Inc,NYSE,,USD,40.66999816894531,2.83185576103695,,,2026-10-06
NIC,Nicolet Bankshares Inc.,NYSE,,USD,163.6199951171875,-0.607459621954265,,,2026-10-06
NIE,Virtus Equity & Convertible Income Fund,NYSE,,USD,25.280000686645508,1.8123268800730896,,,2026-10-06
NIM,Nuveen Select Maturities Municipal Fund,NYSE,,USD,8.699999809265137,1.0452979811456098,,,2026-10-06
NIO,NIO Inc.,NYSE,,USD,3.4800000190734863,1.7543842526623443,,,2026-10-06
NIQ,NIQ Global Intelligence plc,NYSE,,USD,17.25,-0.4041552890161837,,,2026-10-06
NJR,NewJersey Resources Corporation,NYSE,,USD,51.54999923706055,1.2969146302374668,,,2026-10-06
NKE,"Nike, Inc.",NYSE,,USD,34.61000061035156,1.9140210347535103,,,2026-10-06
NKX,Nuveen California AMT-Free Quality Municipal Income Fund,NYSE,,USD,10.569999694824219,1.536982226295458,,,2026-10-06
NL,"NLI Holdings, Inc.",NYSE,,USD,6.949999809265137,-0.855926072148927,,,2026-10-06
NLOP,Net Lease Office Properties,NYSE,,USD,9.65999984741211,0.9404404959026946,,,2026-10-06
NLY,Annaly Capital Management Inc.,NYSE,,USD,18.420000076293945,0.8210159538695194,,,2026-10-06
NMAI,Nuveen Multi-Asset Income Fund,NYSE,,USD,13.800000190734863,2.5260040982488574,,,2026-10-06
NMAX,"Newsmax, Inc. Class B",NYSE,,USD,10.010000228881836,0.40120321746939247,,,2026-10-06
NMCO,Nuveen Municipal Credit Opportunities Fund,NYSE,,USD,8.65999984741211,0.5807223313428089,,,2026-10-06
NMG,Nouveau Monde Graphite Inc.,NYSE,,USD,1.149999976158142,0.8771921569070251,,,2026-10-06
NMI,"Nuveen Municipal Income Fund, Inc.",NYSE,,USD,9.260000228881836,0.7617045886264995,,,2026-10-06
NMM,Navios Maritime Partners LP Common,NYSE,,USD,91.37999725341797,-1.3494548602654532,,,2026-10-06
NMR,Nomura Holdings Inc ADR,NYSE,,USD,9.779999732971191,0.30768956893529875,,,2026-10-06
NMS,Nuveen Minnesota Quality Municipal Income Fund,NYSE,,USD,9.829999923706055,0.7172099711337587,,,2026-10-06
NMT,Nuveen Massachusetts Quality Municipal Income Fund,NYSE,,USD,10.170000076293945,0.19704885236802028,,,2026-10-06
NMZ,"Nuveen Municipal High Income Opportunity Fund Common Stock, $0.01 par value, per share",NYSE,,USD,8.9399995803833,2.054787063909025,,,2026-10-06
NNI,"Nelnet, Inc.",NYSE,,USD,124.31999969482422,-0.5519577870691572,,,2026-10-06
NNN,"NNN REIT, Inc.",NYSE,,USD,40.5099983215332,0.3219347448720544,,,2026-10-06
NNY,Nuveen New York Municipal Value Fund,NYSE,,USD,7.869999885559082,-0.3797494866606632,,,2026-10-06
NOA,North American Construction Group Ltd. Common Shares (no par),NYSE,,USD,12.239999771118164,-0.081634521484375,,,2026-10-06
NOAH,Noah Holdings Limited,NYSE,,USD,7.760000228881836,0.7792262480903256,,,2026-10-06
NOC,Northrop Grumman Corporation,NYSE,,USD,483.1099853515625,1.470248517226791,,,2026-10-06
NOG,"Northern Oil and Gas, Inc.",NYSE,,USD,23.90999984741211,-0.4993792584454204,,,2026-10-06
NOK,Nokia Corporation Sponsored,NYSE,,USD,10.970000267028809,7.549024236885216,,,2026-10-06
NOMD,Nomad Foods Limited,NYSE,,USD,10.970000267028809,2.61927687218364,,,2026-10-06
NOV,NOV Inc.,NYSE,,USD,19.0,-2.6140452224436728,,,2026-10-06
NOW,"ServiceNow, Inc.",NYSE,,USD,137.97000122070312,1.3888884216763264,,,2026-10-06
NP,Neptune Insurance Holdings Inc. Class A,NYSE,,USD,27.190000534057617,0.2581109611285548,,,2026-10-06
NPB,"Northpointe Bancshares, Inc.",NYSE,,USD,15.550000190734863,1.2369826712530063,,,2026-10-06
NPCT,Nuveen Core Plus Impact Fund,NYSE,,USD,9.119999885559082,0.7734772745737972,,,2026-10-06
NPFD,Nuveen Variable Rate Preferred & Income Fund,NYSE,,USD,17.549999237060547,0.8041320555740805,,,2026-10-06
NPK,"National Presto Industries, Inc.",NYSE,,USD,148.9600067138672,-1.9031934629481273,,,2026-10-06
NPKI,NPK International Inc.,NYSE,,USD,12.010000228881836,1.693478426409989,,,2026-10-06
NPO,Enpro Inc.,NYSE,,USD,332.05999755859375,-0.2403376278839353,,,2026-10-06
NPV,Nuveen Virginia Quality Municipal Income Fund,NYSE,,USD,9.420000076293945,1.181521500745264,,,2026-10-06
NPWR,NET Power Inc. Class A,NYSE,,USD,1.309999942779541,1.5503861641813277,,,2026-10-06
NRDY,Nerdy Inc. Class A,NYSE,,USD,6.75,-2.031928435392061,,,2026-10-06
NREF,"NexPoint Real Estate Finance, Inc.",NYSE,,USD,15.460000038146973,-0.0646427195166166,,,2026-10-06
NRG,"NRG Energy, Inc.",NYSE,,USD,103.5999984741211,7.0247884379997405,,,2026-10-06
NRGV,"Energy Vault Holdings, Inc.",NYSE,,USD,3.880000114440918,0.25840385471720406,,,2026-10-06
NRK,Nuveen New York AMT-Free Quality Municipal Income Fund,NYSE,,USD,9.239999771118164,0.763355444294711,,,2026-10-06
NRP,Natural Resource Partners LP Limited Partnership,NYSE,,USD,110.23999786376953,0.4007238613684905,,,2026-10-06
NRT,North European Oil Royality Trust,NYSE,,USD,8.3100004196167,0.0,,,2026-10-06
NRUC,National Rural Utilities Cooperative Finance Corporation 5.500% Subordinated Notes due 2064 (Subordinated Deferrable Interest Notes),NYSE,,USD,20.309999465942383,-1.598836886940802,,,2026-10-06
NSC,Norfolk Southern Corporation,NYSE,,USD,316.30999755859375,0.02529379549276456,,,2026-10-06
NSP,"Insperity, Inc.",NYSE,,USD,46.41999816894531,-2.39697891385241,,,2026-10-06
NTB,Bank of N.T. Butterfield & Son Limited (The) Voting,NYSE,,USD,58.810001373291016,0.4269125582944788,,,2026-10-06
NTR,Nutrien Ltd.,NYSE,,USD,71.19999694824219,1.3378804204832173,,,2026-10-06
NTST,NetSTREIT Corp.,NYSE,,USD,17.639999389648438,1.146782393729029,,,2026-10-06
NU,Nu Holdings Ltd.,NYSE,,USD,15.65999984741211,3.1620522568281295,,,2026-10-06
NUE,Nucor Corporation,NYSE,,USD,251.07000732421875,-0.13523580324495965,,,2026-10-06
NUS,"Nu Skin Enterprises, Inc.",NYSE,,USD,4.739999771118164,2.3758024613035778,,,2026-10-06
NUV,"Nuveen Municipal Value Fund, Inc.",NYSE,,USD,8.239999771118164,1.2284941471463195,,,2026-10-06
NUVB,Nuvation Bio Inc. Class A,NYSE,,USD,4.880000114440918,-1.4141353034639925,,,2026-10-06
NUW,Nuveen AMT-Free Municipal Value Fund,NYSE,,USD,13.140000343322754,1.9394879235166584,,,2026-10-06
NVG,Nuveen AMT-Free Municipal Credit Income Fund,NYSE,,USD,10.600000381469727,1.629914394245846,,,2026-10-06
NVGS,Navigator Holdings Ltd. Ordinary Shares (Marshall Islands),NYSE,,USD,23.610000610351562,-0.46373822169969436,,,2026-10-06
NVO,Novo Nordisk A/S,NYSE,,USD,37.529998779296875,-0.02664394242550827,,,2026-10-06
NVR,"NVR, Inc.",NYSE,,USD,6046.60009765625,1.2795217792768376,,,2026-10-06
NVRI,Enviri Corporation,NYSE,,USD,19.940000534057617,-2.1109488829651135,,,2026-10-06
NVS,Novartis AG,NYSE,,USD,140.7899932861328,-0.09933966999523536,,,2026-10-06
NVST,Envista Holdings Corporation,NYSE,,USD,23.270000457763672,-0.2999130007137474,,,2026-10-06
NVT,nVent Electric plc,NYSE,,USD,173.8000030517578,3.9660255760199714,,,2026-10-06
NWAX,New America Acquisition I Corp. Class A,NYSE,,USD,10.050000190734863,-0.09940584954982734,,,2026-10-06
NWG,NatWest Group plc,NYSE,,USD,17.670000076293945,0.9714290073939758,,,2026-10-06
NWN,Northwest Natural Holding Company,NYSE,,USD,47.459999084472656,0.5721561043039669,,,2026-10-06
NX,Quanex Building Products Corporation,NYSE,,USD,18.850000381469727,-0.3172896162164429,,,2026-10-06
NXDR,"Nextdoor Holdings, Inc. Class A",NYSE,,USD,2.4200000762939453,-2.024289544013369,,,2026-10-06
NXDT,NexPoint Diversified Real Estate Trust,NYSE,,USD,5.179999828338623,0.3875965410453208,,,2026-10-06
NXE,Nexgen Energy Ltd.,NYSE,,USD,9.430000305175781,3.969135859585493,,,2026-10-06
NXG,NXG NextGen Infrastructure Income Fund,NYSE,,USD,57.9900016784668,3.5350891202801105,,,2026-10-06
NXP,Nuveen Select Tax Free Income Portfolio,NYSE,,USD,13.220000267028809,1.3803704425026986,,,2026-10-06
NXRT,"NexPoint Residential Trust, Inc.",NYSE,,USD,20.18000030517578,8.43632264015579,,,2026-10-06
NYC,American Strategic Investment Co. Class A,NYSE,,USD,6.25,-0.15974805936423975,,,2026-10-06
NYT,New York Times Company (The),NYSE,,USD,64.06999969482422,0.1093745231628418,,,2026-10-06
NZF,Nuveen Municipal Credit Income Fund,NYSE,,USD,10.890000343322754,1.302328775095396,,,2026-10-06
O,Realty Income Corporation,NYSE,,USD,54.25,0.8926902327504482,,,2026-10-06
OBDC,Blue Owl Capital Corporation,NYSE,,USD,10.029999732971191,-1.376601202286043,,,2026-10-06
OBK,"Origin Bancorp, Inc.",NYSE,,USD,52.81999969482422,-0.5647576112439934,,,2026-10-06
OC,Owens Corning Inc Common Stock New,NYSE,,USD,119.77999877929688,1.9577760952009138,,,2026-10-06
OCAC,Ocean Capital Acquisition Corporation,NYSE,,USD,9.989999771118164,-0.10000228881835715,,,2026-10-05
ODC,Oil-Dri Corporation Of America,NYSE,,USD,88.12999725341797,0.2730661798113543,,,2026-10-06
OEC,Orion S.A.,NYSE,,USD,5.71999979019165,-2.222224214704205,,,2026-10-06
OFG,OFG Bancorp,NYSE,,USD,50.84000015258789,-0.25505408083535963,,,2026-10-06
OFRM,"Once Upon a Farm, PBC",NYSE,,USD,16.729999542236328,2.575107848231184,,,2026-10-06
OGC,OceanaGold Corporation,NYSE,,USD,26.709999084472656,0.2627616232281804,,,2026-10-06
OGE,OGE Energy Corp,NYSE,,USD,45.84000015258789,1.934620654366892,,,2026-10-06
OGG,Osisko Gold Group Inc.,NYSE,,USD,2.799999952316284,-1.7543843505051004,,,2026-10-06
OGN,Organon & Co.,NYSE,,USD,13.739999771118164,0.2919705285395313,,,2026-10-06
OGS,"ONE Gas, Inc.",NYSE,,USD,73.1500015258789,0.7992308577838614,,,2026-10-06
OHI,"Omega Healthcare Investors, Inc.",NYSE,,USD,44.77000045776367,-1.3007057862632565,,,2026-10-06
OI,"O-I Glass, Inc.",NYSE,,USD,5.75,3.2315946641153115,,,2026-10-06
OIA,Invesco Municipal Income Opportunities Trust,NYSE,,USD,5.739999771118164,3.2374070178252223,,,2026-10-06
OII,"Oceaneering International, Inc.",NYSE,,USD,44.970001220703125,-1.5111665112020223,,,2026-10-06
OIS,"Oil States International, Inc.",NYSE,,USD,8.279999732971191,-2.3584884441207543,,,2026-10-06
OKE,"ONEOK, Inc.",NYSE,,USD,89.2300033569336,0.7338016622743249,,,2026-10-06
OKLO,Oklo Inc.,NYSE,,USD,38.54999923706055,7.172638111762031,,,2026-10-06
OLN,Olin Corporation,NYSE,,USD,16.209999084472656,-0.36878532023878474,,,2026-10-06
OLP,"One Liberty Properties, Inc.",NYSE,,USD,22.110000610351562,0.8667907545452103,,,2026-10-06
OMC,Omnicom Group Inc.,NYSE,,USD,75.0999984741211,-0.19933757591881207,,,2026-10-06
OMF,"OneMain Holdings, Inc.",NYSE,,USD,56.18000030517578,-0.10668807165770122,,,2026-10-06
ONIT,Onity Group Inc.,NYSE,,USD,27.770000457763672,0.9818198464133454,,,2026-10-06
ONL,Orion Properties Inc.,NYSE,,USD,2.3299999237060547,-1.2711852848854677,,,2026-10-06
ONON,On Holding AG,NYSE,,USD,33.130001068115234,3.920959662028345,,,2026-10-06
ONT,"Onterris, Inc.",NYSE,,USD,14.520000457763672,2.1815652271956143,,,2026-10-06
ONTO,Onto Innovation Inc.,NYSE,,USD,313.7099914550781,-3.595467894459692,,,2026-10-06
OOMA,"Ooma, Inc.",NYSE,,USD,19.860000610351562,-5.4285685221354125,,,2026-10-06
OPFI,OppFi Inc. Class A,NYSE,,USD,6.179999828338623,2.317878598837675,,,2026-10-06
OPLN,"OPENLANE, Inc.",NYSE,,USD,34.959999084472656,-1.0192542850002262,,,2026-10-06
OPP,"RiverNorth/DoubleLine Strategic Opportunity Fund, Inc.",NYSE,,USD,6.949999809265137,0.5788706618858663,,,2026-10-06
OPTU,"Optimum Communications, Inc.",NYSE,,USD,0.9599999785423279,-2.932259172078844,,,2026-10-06
OPY,"Oppenheimer Holdings, Inc. Class A Common Stock (DE)",NYSE,,USD,120.58000183105469,-0.9040092631182439,,,2026-10-06
OR,OR Royalties Inc.,NYSE,,USD,34.470001220703125,0.029025352571698804,,,2026-10-06
ORA,"Ormat Technologies, Inc.",NYSE,,USD,93.06999969482422,1.949828854689084,,,2026-10-06
ORC,"Orchid Island Capital, Inc.",NYSE,,USD,5.070000171661377,0.3960392113094846,,,2026-10-06
ORCL,Oracle Corporation,NYSE,,USD,144.77000427246094,1.6072491673153833,,,2026-10-06
ORI,Old Republic International Corporation,NYSE,,USD,38.0099983215332,0.5821577154698332,,,2026-10-06
ORN,"Orion Group Holdings, Inc. Common",NYSE,,USD,9.359999656677246,1.0799074009038678,,,2026-10-06
OSCR,"Oscar Health, Inc. Class A",NYSE,,USD,32.34000015258789,-0.24675515384220414,,,2026-10-06
OSG,"Octave Specialty Group, Inc.",NYSE,,USD,4.619999885559082,0.8733616270600209,,,2026-10-06
OSK,Oshkosh Corporation (Holding Company),NYSE,,USD,132.1300048828125,-0.4070198941626413,,,2026-10-06
OTAI,Starlink AI Acquisition Corporation,NYSE,,USD,10.029999732971191,0.09979316118464698,,,2026-10-06
OTF,Blue Owl Technology Finance Corp.,NYSE,,USD,9.359999656677246,-0.8474568565903118,,,2026-10-06
OTIS,Otis Worldwide Corporation,NYSE,,USD,66.44999694824219,0.8652090446082283,,,2026-10-06
OUT,OUTFRONT Media Inc.,NYSE,,USD,29.06999969482422,0.623054029001735,,,2026-10-06
OVV,Ovintiv Inc. (DE),NYSE,,USD,61.47999954223633,0.8695632037122758,,,2026-10-06
OWL,Blue Owl Capital Inc. Class A,NYSE,,USD,9.069999694824219,1.1148207895040896,,,2026-10-06
OWLT,"Owlet, Inc. Class A",NYSE,,USD,4.889999866485596,-3.3596853402445226,,,2026-10-06
OXM,"Oxford Industries, Inc.",NYSE,,USD,25.489999771118164,0.4334145547238766,,,2026-10-06
OXY,Occidental Petroleum Corporation,NYSE,,USD,58.33000183105469,0.034300218303262575,,,2026-10-06
P,"Everpure, Inc.",NYSE,,USD,147.1999969482422,2.307472861245552,,,2026-10-06
PAAS,Pan American Silver Corp.,NYSE,,USD,45.91999816894531,1.3239154416623267,,,2026-10-06
PAC,"Grupo Aeroportuario Del Pacifico, S.A. B. de C.V. Grupo Aeroportuario Del Pacifico, S.A. de C.V.",NYSE,,USD,209.1999969482422,-0.3809538341703833,,,2026-10-06
PACK,Ranpak Holdings Corp Class A,NYSE,,USD,3.9700000286102295,0.2525250092658027,,,2026-10-06
PACS,"PACS Group, Inc.",NYSE,,USD,42.810001373291016,0.23414256839615621,,,2026-10-06
PAG,"Penske Automotive Group, Inc.",NYSE,,USD,199.00999450683594,-0.7876772819683353,,,2026-10-06
PAGS,PagSeguro Digital Ltd.,NYSE,,USD,10.720000267028809,-2.1004524771015776,,,2026-10-06
PAI,Western Asset Investment Grade Income Fund Inc.,NYSE,,USD,11.350000381469727,0.0,,,2026-10-06
PAII,Pyrophyte Acquisition Corp. II,NYSE,,USD,10.34000015258789,0.0,,,2026-10-06
PAM,Pampa Energia S.A.,NYSE,,USD,81.4800033569336,1.8627397586654215,,,2026-10-06
PAR,PAR Technology Corporation,NYSE,,USD,14.5,-0.8207926573078339,,,2026-10-06
PARR,"Par Pacific Holdings, Inc.",NYSE,,USD,86.91000366210938,-0.6969755534209754,,,2026-10-06
PATH,"UiPath, Inc. Class A",NYSE,,USD,13.100000381469727,-0.45592299876949793,,,2026-10-06
PAXS,PIMCO Access Income Fund,NYSE,,USD,13.289999961853027,1.2957323001280052,,,2026-10-06
PAY,"Paymentus Holdings, Inc. Class A",NYSE,,USD,31.709999084472656,0.2846244239424145,,,2026-10-06
PAYC,"Paycom Software, Inc.",NYSE,,USD,222.44000244140625,-1.4836755145659963,,,2026-10-06
PB,"Prosperity Bancshares, Inc.",NYSE,,USD,67.0999984741211,-0.1785223808432046,,,2026-10-06
PBA,Pembina Pipeline Corp. Ordinary Shares (Canada),NYSE,,USD,46.709999084472656,1.3012328479266921,,,2026-10-06
PBF,PBF Energy Inc. Class A,NYSE,,USD,82.87999725341797,-1.520920096237699,,,2026-10-06
PBH,Prestige Consumer Healthcare Inc.,NYSE,,USD,46.439998626708984,1.8421056594214669,,,2026-10-06
PBI,Pitney Bowes Inc.,NYSE,,USD,16.559999465942383,-1.4872100413001688,,,2026-10-06
PBR,Petroleo Brasileiro S.A. Petrobras ADS,NYSE,,USD,23.799999237060547,-1.4084513719320402,,,2026-10-06
PBT,Permian Basin Royalty Trust,NYSE,,USD,33.54999923706055,3.7414937500420242,,,2026-10-06
PCF,High Income Securities Fund,NYSE,,USD,5.050000190734863,-0.19762356043001583,,,2026-10-06
PCG,Pacific Gas & Electric Co.,NYSE,,USD,12.5,1.2145717724457494,,,2026-10-06
PCM,"PCM Fund, Inc.",NYSE,,USD,5.010000228881836,0.2000045776367143,,,2026-10-06
PCN,Pimco Corporate & Income Strategy Fund,NYSE,,USD,10.789999961853027,1.6965156550452942,,,2026-10-06
PCOR,"Procore Technologies, Inc.",NYSE,,USD,54.38999938964844,0.38759520725324403,,,2026-10-06
PCQ,PIMCO California Municipal Income Fund,NYSE,,USD,7.760000228881836,1.7038022606955527,,,2026-10-06
PD,"PagerDuty, Inc.",NYSE,,USD,15.4399995803833,-0.9621588886238097,,,2026-10-06
PDCC,Pearl Diver Credit Company Inc.,NYSE,,USD,8.47029972076416,0.7769183803398638,,,2026-10-06
PDI,PIMCO Dynamic Income Fund,NYSE,,USD,14.399999618530273,1.408449379940424,,,2026-10-06
PDM,"Piedmont Realty Trust, Inc. Class A",NYSE,,USD,9.029999732971191,0.7812465906941624,,,2026-10-06
PDO,PIMCO Dynamic Income Opportunities Fund,NYSE,,USD,12.079999923706055,2.459711304421819,,,2026-10-06
PDPA,Pearl Diver Credit Company Inc. 8.00% Series A Preferred Stock Due 2029,NYSE,,USD,25.040000915527344,0.32052016822570195,,,2026-10-06
PDS,Precision Drilling Corporation,NYSE,,USD,84.72000122070312,-3.967354286522762,,,2026-10-06
PDT,John Hancock Premium Dividend Fund,NYSE,,USD,11.84000015258789,1.3698616715036138,,,2026-10-06
PDX,PIMCO Dynamic Income Strategy Fund,NYSE,,USD,20.84000015258789,0.8712502735005012,,,2026-10-06
PEB,Pebblebrook Hotel Trust,NYSE,,USD,18.979999542236328,-0.6282766326529465,,,2026-10-06
PEG,Public Service Enterprise Group Incorporated,NYSE,,USD,71.7300033569336,4.440889688708927,,,2026-10-06
PEN,"Penumbra, Inc.",NYSE,,USD,317.04998779296875,-0.018920110171627424,,,2026-10-06
PEO,"Adams Natural Resources Fund, Inc.",NYSE,,USD,28.229999542236328,0.5700030251215571,,,2026-10-06
PERF,Perfect Corp. Class A Ordinary Share,NYSE,,USD,1.909999966621399,-0.5208328482694813,,,2026-10-06
PEW,GrabAGun Digital Holdings Inc.,NYSE,,USD,1.9700000286102295,-0.5050500185316276,,,2026-10-06
PFD,Flaherty & Crumrine Preferred and Income Fund Incorporated,NYSE,,USD,10.600000381469727,0.6647735068724847,,,2026-10-06
PFE,"Pfizer, Inc.",NYSE,,USD,27.5,0.3283478770117032,,,2026-10-06
PFGC,Performance Food Group Company,NYSE,,USD,93.77999877929688,1.2961729579915149,,,2026-10-06
PFH,"Prudential Financial, Inc. 4.125% Junior Subordinated Notes due 2060",NYSE,,USD,14.899999618530273,-0.40107232261833436,,,2026-10-06
PFL,PIMCO Income Strategy Fund,NYSE,,USD,6.940000057220459,1.313870858991173,,,2026-10-06
PFLA,PennantPark Floating Rate Capital Ltd. 7.375% Notes Due 2031,NYSE,,USD,24.929899215698242,0.32152447888127433,,,2026-10-06
PFLT,PennantPark Floating Rate Capital Ltd.,NYSE,,USD,6.730000019073486,-0.7374659172212139,,,2026-10-06
PFN,PIMCO Income Strategy Fund II,NYSE,,USD,6.320000171661377,2.1001633802777864,,,2026-10-06
PFO,Flaherty & Crumrine Preferred and Income Opportunity Fund Incorporated,NYSE,,USD,8.529999732971191,0.23501179261404825,,,2026-10-06
PFS,"Provident Financial Services, Inc",NYSE,,USD,22.280000686645508,-0.4468207232840138,,,2026-10-06
PFSI,"PennyMac Financial Services, Inc.",NYSE,,USD,62.7599983215332,-0.30183072137166533,,,2026-10-06
PG,Procter & Gamble Company (The),NYSE,,USD,148.41000366210938,1.692477168276607,,,2026-10-06
PGP,Pimco Global StocksPlus & Income Fund,NYSE,,USD,8.359999656677246,0.48076878990646055,,,2026-10-06
PGR,Progressive Corporation (The),NYSE,,USD,212.0500030517578,-0.2680801799076038,,,2026-10-06
PGZ,Principal Real Estate Income Fund,NYSE,,USD,8.890000343322754,0.22548430689648402,,,2026-10-06
PH,Parker-Hannifin Corporation,NYSE,,USD,984.9099731445312,0.9460048927965481,,,2026-10-06
PHG,Koninklijke Philips N.V. NY Registry Shares,NYSE,,USD,24.149999618530273,1.0037631645746004,,,2026-10-06
PHI,PLDT Inc. Sponsored ADR,NYSE,,USD,18.09000015258789,-0.3305755768783891,,,2026-10-06
PHIN,PHINIA Inc.,NYSE,,USD,60.7599983215332,0.9637720395749838,,,2026-10-06
PHK,Pimco High Income Fund,NYSE,,USD,4.199999809265137,3.448272622135784,,,2026-10-06
PHM,"PulteGroup, Inc.",NYSE,,USD,116.0999984741211,1.85997109558651,,,2026-10-06
PHR,"Phreesia, Inc.",NYSE,,USD,10.25,-1.1571830943430395,,,2026-10-06
PII,Polaris Inc.,NYSE,,USD,52.790000915527344,0.24686872102530621,,,2026-10-06
PIM,Franklin Master Intermediate Income Trust,NYSE,,USD,3.0,1.0101000370632551,,,2026-10-06
PINE,"Alpine Income Property Trust, Inc.",NYSE,,USD,17.75,1.1396055363757984,,,2026-10-06
PINS,"Pinterest, Inc. Class A",NYSE,,USD,20.030000686645508,-0.14954526468361484,,,2026-10-06
PIPR,Piper Sandler Companies,NYSE,,USD,65.66000366210938,0.04572056978082717,,,2026-10-06
PJT,PJT Partners Inc. Class A,NYSE,,USD,139.64999389648438,1.2323283695903298,,,2026-10-06
PK,Park Hotels & Resorts Inc.,NYSE,,USD,15.25,-0.06553229837381602,,,2026-10-06
PKE,Park Aerospace Corp.,NYSE,,USD,30.059999465942383,0.03327863273121512,,,2026-10-06
PKG,Packaging Corporation of America,NYSE,,USD,229.74000549316406,0.1875225411663184,,,2026-10-06
PKX,POSCO HOLDINGS INC.,NYSE,,USD,58.7400016784668,0.8758408728142708,,,2026-10-06
PL,Planet Labs PBC Class A,NYSE,,USD,18.56999969482422,6.9700405641181185,,,2026-10-06
PLD,"Prologis, Inc.",NYSE,,USD,128.67999267578125,0.46845005945423956,,,2026-10-06
PLGO,Pelagos Insurance Capital Limited,NYSE,,USD,23.770000457763672,-3.0982478907780497,,,2026-10-06
PLNT,"Planet Fitness, Inc.",NYSE,,USD,42.25,0.427859059856206,,,2026-10-06
PLOW,"Douglas Dynamics, Inc.",NYSE,,USD,40.68000030517578,-0.024571938733464194,,,2026-10-06
PLUN,Plutonian Acquisition Corp II,NYSE,,USD,10.069999694824219,-0.29703649022181366,,,2026-10-06
PM,Philip Morris International Inc,NYSE,,USD,190.39999389648438,0.4590276593630982,,,2026-10-06
PML,Pimco Municipal Income Fund II,NYSE,,USD,6.539999961853027,1.0819192261411814,,,2026-10-06
PMM,Franklin Managed Municipal Income Trust,NYSE,,USD,5.599999904632568,2.3766018176824,,,2026-10-06
PMO,Franklin Municipal Opportunities Trust,NYSE,,USD,9.300000190734863,2.535837967468657,,,2026-10-06
PMT,PennyMac Mortgage Investment Trust,NYSE,,USD,8.029999732971191,2.033034939501066,,,2026-10-06
PMTU,PennyMac Mortgage Investment Trust 8.50% Senior Notes due 2028,NYSE,,USD,25.360000610351562,0.6948626091727084,,,2026-10-06
PMTV,PennyMac Mortgage Investment Trust 9.00% Senior Notes due 2030,NYSE,,USD,25.1200008392334,-0.23828222881335792,,,2026-10-06
PMTW,PennyMac Mortgage Investment Trust 9.00% Senior Notes due 2030,NYSE,,USD,25.049999237060547,-0.23895408933714002,,,2026-10-06
PNAQ,Pinnacle Acquisition Corporation,NYSE,,USD,9.850000381469727,0.0,,,2026-10-06
PNC,"PNC Financial Services Group, Inc. (The)",NYSE,,USD,220.16000366210938,-0.054473904962981656,,,2026-10-06
PNFP,"Pinnacle Financial Partners, Inc.",NYSE,,USD,96.13999938964844,0.12497682855385772,,,2026-10-06
PNI,Pimco New York Municipal Income Fund II,NYSE,,USD,6.099999904632568,-0.48939982460483034,,,2026-10-06
PNNT,PennantPark Investment Corporation,NYSE,,USD,3.2100000381469727,-0.6191944522728088,,,2026-10-06
PNR,Pentair plc. Ordinary Share,NYSE,,USD,52.939998626708984,0.3031448486407795,,,2026-10-06
PNW,Pinnacle West Capital Corporation,NYSE,,USD,98.04000091552734,2.167571749582531,,,2026-10-06
POR,Portland General Electric Co,NYSE,,USD,44.27000045776367,0.04519877460715804,,,2026-10-06
POST,"Post Holdings, Inc.",NYSE,,USD,73.31999969482422,0.8805715285651328,,,2026-10-06
PPG,"PPG Industries, Inc.",NYSE,,USD,106.5199966430664,1.1874228553823363,,,2026-10-06
PPL,PPL Corporation,NYSE,,USD,33.70000076293945,2.276175971575589,,,2026-10-06
PPLC,PPL Corporation Corporate,NYSE,,USD,45.47999954223633,1.4951978317605308,,,2026-10-06
PPT,Franklin Premier Income Trust,NYSE,,USD,3.2799999713897705,0.30581010769374917,,,2026-10-06
PR,Permian Resources Corporation Class A,NYSE,,USD,22.350000381469727,0.539814852471765,,,2026-10-06
PRG,"PROG Holdings, Inc.",NYSE,,USD,31.280000686645508,1.2297769346487408,,,2026-10-06
PRGO,Perrigo Company plc,NYSE,,USD,14.0,-3.047088595355907,,,2026-10-06
PRH,"Prudential Financial, Inc. 5.950% Junior Subordinated Notes due 2062",NYSE,,USD,20.329999923706055,-1.5019354414218422,,,2026-10-06
PRI,"Primerica, Inc.",NYSE,,USD,279.1300048828125,0.41731253625039155,,,2026-10-06
PRIM,Primoris Services Corporation,NYSE,,USD,84.97000122070312,5.461091650173566,,,2026-10-06
PRKS,United Parks & Resorts Inc.,NYSE,,USD,33.880001068115234,-1.4829843866956183,,,2026-10-06
PRLB,"Proto Labs, Inc.",NYSE,,USD,97.27999877929688,-1.4187287409295646,,,2026-10-06
PRM,"Perimeter Solutions, SA",NYSE,,USD,28.6200008392334,1.9593913444558853,,,2026-10-06
PRMB,Primo Brands Corporation Class A,NYSE,,USD,19.219999313354492,-3.31991888970814,,,2026-10-06
PRS,"Prudential Financial, Inc. 5.625% Junior Subordinated Notes due 2058",NYSE,,USD,19.540000915527344,-0.6609006622388169,,,2026-10-06
PRSU,"Pursuit Attractions and Hospitality, Inc.",NYSE,,USD,52.72999954223633,0.8414584413945381,,,2026-10-06
PRT,PermRock Royalty Trust,NYSE,,USD,1.8600000143051147,-1.063828775385156,,,2026-10-06
PRU,"Prudential Financial, Inc.",NYSE,,USD,113.54000091552734,0.052870599946164276,,,2026-10-06
PS,Pershing Square Inc.,NYSE,,USD,59.75,8.8937509807012,,,2026-10-06
PSA,Public Storage,NYSE,,USD,285.8500061035156,1.4876100216318688,,,2026-10-06
PSBD,Palmer Square Capital BDC Inc.,NYSE,,USD,9.600000381469727,-0.7238851527604728,,,2026-10-06
PSF,"Cohen & Steers Select Preferred and Income Fund, Inc.",NYSE,,USD,18.079999923706055,0.16620879730515625,,,2026-10-06
PSFE,Paysafe Limited,NYSE,,USD,5.559999942779541,-1.2433422777705982,,,2026-10-06
PSN,Parsons Corporation,NYSE,,USD,42.099998474121094,-0.023752401057930417,,,2026-10-06
PSO,"Pearson, Plc",NYSE,,USD,16.31999969482422,0.49261037459082946,,,2026-10-06
PSQH,"PSQ Holdings, Inc. Class A",NYSE,,USD,3.9600000381469727,-3.883491549912932,,,2026-10-06
PSTL,"Postal Realty Trust, Inc. Class A",NYSE,,USD,22.690000534057617,1.3851715143692545,,,2026-10-06
PSUS,"Pershing Square USA, Ltd.",NYSE,,USD,37.7400016784668,1.0441853287247893,,,2026-10-06
PSX,Phillips 66,NYSE,,USD,269.7900085449219,0.025955555354406634,,,2026-10-06
PTA,Cohen & Steers Tax-Advantaged Preferred Securities and Income Fund,NYSE,,USD,17.18000030517578,0.8215926181134536,,,2026-10-06
PTY,Pimco Corporate & Income Opportunity Fund,NYSE,,USD,10.890000343322754,0.8333347314669615,,,2026-10-06
PUK,Prudential Public Limited Company,NYSE,,USD,24.600000381469727,0.36719768154811483,,,2026-10-06
PUMP,ProPetro Holding Corp.,NYSE,,USD,9.529999732971191,-0.6256560861524929,,,2026-10-06
PVH,PVH Corp.,NYSE,,USD,78.20999908447266,4.419222284595148,,,2026-10-06
PVL,Permianville Royalty Trust,NYSE,,USD,1.8200000524520874,1.6759827507484282,,,2026-10-06
PWR,"Quanta Services, Inc.",NYSE,,USD,719.5599975585938,5.288112076346541,,,2026-10-06
PXED,"Phoenix Education Partners, Inc.",NYSE,,USD,25.239999771118164,2.9783742775168154,,,2026-10-06
PYT,PPlus Tr GSC-2 Tr Ctf Fltg Rate,NYSE,,USD,23.739999771118164,0.0,,,2026-10-05
Q,"Qnity Electronics, Inc.",NYSE,,USD,133.6300048828125,1.5965985881588596,,,2026-10-06
QGEN,Qiagen N.V.,NYSE,,USD,45.650001525878906,-0.3057422730930015,,,2026-10-06
QLEP,Quantum Leap Acquisition Corp,NYSE,,USD,10.050000190734863,0.0,,,2026-10-06
QRED,QuasarEdge Acquisition Corporation,NYSE,,USD,10.050000190734863,0.0,,,2026-10-05
QSR,Restaurant Brands International Inc.,NYSE,,USD,70.23999786376953,0.5295478784070884,,,2026-10-06
QTWO,"Q2 Holdings, Inc.",NYSE,,USD,57.41999816894531,-1.3571567221310477,,,2026-10-06
QUAD,"Quad Graphics, Inc Class A",NYSE,,USD,9.390000343322754,-1.1578911229183753,,,2026-10-06
QXO,"QXO, Inc.",NYSE,,USD,12.109999656677246,1.9360230641475296,,,2026-10-06
R,"Ryder System, Inc.",NYSE,,USD,236.1699981689453,0.09748059894854055,,,2026-10-06
RA,Brookfield Real Assets Income Fund Inc.,NYSE,,USD,11.600000381469727,1.5761847983646993,,,2026-10-06
RAC,Rithm Acquisition Corp.,NYSE,,USD,10.5600004196167,0.0,,,2026-10-06
RACE,Ferrari N.V.,NYSE,,USD,386.5,0.8085566387235232,,,2026-10-06
RAL,Ralliant Corporation,NYSE,,USD,73.86000061035156,-0.13520615921976953,,,2026-10-06
RAMP,"LiveRamp Holdings, Inc.",NYSE,,USD,37.650001525878906,-0.15910251935925546,,,2026-10-06
RBA,"RB Global, Inc.",NYSE,,USD,81.05000305175781,-1.5188334795247616,,,2026-10-06
RBC,RBC Bearings Incorporated,NYSE,,USD,514.1799926757812,0.3121416232769514,,,2026-10-06
RBLX,Roblox Corporation Class A,NYSE,,USD,45.560001373291016,2.1982940825131525,,,2026-10-06
RBRK,"Rubrik, Inc. Class A",NYSE,,USD,125.80000305175781,2.5432040583801774,,,2026-10-06
RC,Ready Capital Corporation,NYSE,,USD,1.1200000047683716,1.8181800448205276,,,2026-10-06
RCD,Ready Capital Corporation 9.00% Senior Notes due 2029,NYSE,,USD,22.61989974975586,-0.2649936270336273,,,2026-10-06
RCI,"Rogers Communication, Inc.",NYSE,,USD,30.549999237060547,0.5595789367679904,,,2026-10-06
RCL,Royal Caribbean Cruises Ltd.,NYSE,,USD,288.7799987792969,4.999454627141953,,,2026-10-06
RCS,"PIMCO Strategic Income Fund, Inc.",NYSE,,USD,5.050000190734863,0.19841724122076076,,,2026-10-06
RCUS,"Arcus Biosciences, Inc.",NYSE,,USD,24.280000686645508,-1.8593334225074032,,,2026-10-06
RDDT,"Reddit, Inc. Class A",NYSE,,USD,148.9499969482422,-0.9772644851731016,,,2026-10-06
RDN,Radian Group Inc.,NYSE,,USD,34.11000061035156,1.8208973443330168,,,2026-10-06
RDW,Redwire Corporation,NYSE,,USD,10.619999885559082,1.8216641881497964,,,2026-10-06
RDY,Dr. Reddy's Laboratories Ltd,NYSE,,USD,12.489999771118164,1.3798707833196255,,,2026-10-06
REF,Reformation Inc.,NYSE,,USD,13.1899995803833,1.3056767791299162,,,2026-10-06
RELX,RELX PLC PLC,NYSE,,USD,34.029998779296875,0.6209316569118606,,,2026-10-06
RERE,ATRenew Inc.,NYSE,,USD,3.759999990463257,0.0,,,2026-10-06
RES,"RPC, Inc.",NYSE,,USD,6.039999961853027,-0.9836056347144351,,,2026-10-06
REX,REX American Resources Corporation,NYSE,,USD,44.040000915527344,1.4512809728857823,,,2026-10-06
REXR,"Rexford Industrial Realty, Inc.",NYSE,,USD,36.79999923706055,0.29981088707777825,,,2026-10-06
REZI,"Resideo Technologies, Inc.",NYSE,,USD,18.920000076293945,1.9396585167589242,,,2026-10-06
RF,Regions Financial Corporation,NYSE,,USD,27.049999237060547,-0.07388421865219819,,,2026-10-06
RFI,"Cohen & Steers Total Return Realty Fund, Inc.",NYSE,,USD,10.479999542236328,1.353959260952231,,,2026-10-06
RFL,"Rafael Holdings, Inc. Class B",NYSE,,USD,1.4900000095367432,1.3605428936910968,,,2026-10-06
RFM,"RiverNorth Flexible Municipal Income Fund, Inc.",NYSE,,USD,12.930000305175781,1.1737134220558998,,,2026-10-06
RFMZ,"RiverNorth Flexible Municipal Income Fund II, Inc.",NYSE,,USD,11.630000114440918,-0.34275888253233466,,,2026-10-06
RGA,"Reinsurance Group of America, Incorporated",NYSE,,USD,251.13999938964844,0.039836721713748524,,,2026-10-06
RGR,"Sturm, Ruger & Company, Inc.",NYSE,,USD,43.650001525878906,-1.7113225042658775,,,2026-10-06
RGT,"Royce Global Trust, Inc.",NYSE,,USD,14.420000076293945,0.9097278851501134,,,2026-10-06
RH,,NYSE,,USD,117.16000366210938,-0.24690787030041683,,,2026-10-06
RHI,Robert Half Inc.,NYSE,,USD,33.66999816894531,-1.8939438568145839,,,2026-10-06
RHLD,Resolute Holdings Management,NYSE,,USD,115.63999938964844,0.008650122345454925,,,2026-10-06
RHP,"Ryman Hospitality Properties, Inc. (REIT)",NYSE,,USD,120.91000366210938,0.24042522709655234,,,2026-10-06
RIG,Transocean Ltd (Switzerland),NYSE,,USD,5.400000095367432,-1.9963725761355744,,,2026-10-06
RIO,Rio Tinto Plc,NYSE,,USD,95.88999938964844,0.2509125561326764,,,2026-10-06
RITM,Rithm Capital Corp.,NYSE,,USD,8.65999984741211,-0.9153309588224356,,,2026-10-06
RIV,"RiverNorth Opportunities Fund, Inc.",NYSE,,USD,10.470000267028809,0.6730831833283046,,,2026-10-06
RJF,"Raymond James Financial, Inc.",NYSE,,USD,159.42999267578125,-0.8519964863032969,,,2026-10-06
RKT,"Rocket Companies, Inc. Class A",NYSE,,USD,11.59000015258789,-0.7705492314756923,,,2026-10-06
RL,Ralph Lauren Corporation,NYSE,,USD,368.6700134277344,0.8562687557162052,,,2026-10-06
RLI,RLI Corp. Common Stock (DE),NYSE,,USD,56.040000915527344,-0.07132830638603149,,,2026-10-06
RLJ,RLJ Lodging Trust Common Shares of Beneficial Interest $0.01 par value,NYSE,,USD,11.180000305175781,0.17921557380944364,,,2026-10-06
RLTY,Cohen & Steers Real Estate Opportunities and Income Fund,NYSE,,USD,13.779999732971191,1.174741914511701,,,2026-10-06
RLX,RLX Technology Inc.,NYSE,,USD,1.7000000476837158,-1.1627895694091173,,,2026-10-06
RM,Regional Management Corp.,NYSE,,USD,32.79999923706055,0.09154342043888875,,,2026-10-06
RMD,ResMed Inc.,NYSE,,USD,220.69000244140625,-0.97370464103127,,,2026-10-06
RMI,"RiverNorth Opportunistic Municipal Income Fund, Inc.",NYSE,,USD,13.770000457763672,-0.2896448996207779,,,2026-10-06
RMM,"RiverNorth Managed Duration Municipal Income Fund, Inc.",NYSE,,USD,12.699999809265137,1.1952160657416666,,,2026-10-06
RMMZ,"RiverNorth Managed Duration Municipal Income Fund II, Inc.",NYSE,,USD,13.180000305175781,1.151193977579501,,,2026-10-06
RMT,"Royce Micro-Cap Trust, Inc.",NYSE,,USD,13.630000114440918,-0.21961737413104254,,,2026-10-06
RNG,"RingCentral, Inc. Class A",NYSE,,USD,77.26000213623047,-2.276746114277639,,,2026-10-06
RNGR,"Ranger Energy Services, Inc. Class A",NYSE,,USD,15.649999618530273,-2.1263299403044056,,,2026-10-06
RNP,"Cohen & Steers REIT and Preferred and Income Fund, Inc.",NYSE,,USD,18.350000381469727,1.3252333684681483,,,2026-10-06
RNR,RenaissanceRe Holdings Ltd.,NYSE,,USD,324.4200134277344,0.31850048939099374,,,2026-10-06
RNST,Renasant Corporation,NYSE,,USD,39.400001525878906,-0.6054436616167114,,,2026-10-06
ROG,Rogers Corporation,NYSE,,USD,156.60000610351562,-1.5713387203602158,,,2026-10-06
ROK,"Rockwell Automation, Inc.",NYSE,,USD,450.739990234375,-0.9754388402059666,,,2026-10-06
ROL,"Rollins, Inc.",NYSE,,USD,30.350000381469727,2.222970143281122,,,2026-10-06
RPC,"Ridgepost Capital, Inc. Class A",NYSE,,USD,7.96999979019165,1.0139407485400653,,,2026-10-06
RPM,RPM International Inc.,NYSE,,USD,98.30999755859375,3.158441144226609,,,2026-10-06
RPT,Rithm Property Trust Inc.,NYSE,,USD,10.850000381469727,-0.9132367994271307,,,2026-10-06
RQI,Cohen & Steers Quality Income Realty Fund Inc,NYSE,,USD,11.079999923706055,1.3723660964514606,,,2026-10-06
RRC,Range Resources Corporation,NYSE,,USD,40.02000045776367,3.4910844394673513,,,2026-10-06
RRX,Regal Rexnord Corporation,NYSE,,USD,166.36000061035156,3.1625984604008117,,,2026-10-06
RS,"Reliance, Inc.",NYSE,,USD,401.489990234375,-1.653439192991546,,,2026-10-06
RSF,RiverNorth Capital and Income Fund,NYSE,,USD,14.300000190734863,-0.04892688476991758,,,2026-10-06
RSG,"Republic Services, Inc.",NYSE,,USD,214.74000549316406,0.8974315865605931,,,2026-10-06
RSI,"Rush Street Interactive, Inc. Class A",NYSE,,USD,20.559999465942383,-2.048596045091211,,,2026-10-06
RSKD,Riskified Ltd.,NYSE,,USD,7.789999961853027,-0.25608170388021767,,,2026-10-06
RTO,Rentokil Initial plc,NYSE,,USD,19.950000762939453,-0.34964881730096264,,,2026-10-06
RTX,RTX Corporation,NYSE,,USD,183.2899932861328,-0.5642101310643244,,,2026-10-06
RVI,Robinhood Ventures Fund I,NYSE,,USD,27.030000686645508,0.07404834355493328,,,2026-10-06
RVII,Robinhood Ventures Fund II,NYSE,,USD,22.850000381469727,4.72044317621978,,,2026-10-06
RVLV,"Revolve Group, Inc. Class A",NYSE,,USD,21.209999084472656,0.7600943145423589,,,2026-10-06
RVT,"Royce Small-Cap Trust, Inc.",NYSE,,USD,17.170000076293945,-0.29035562749279986,,,2026-10-06
RVTY,"Revvity, Inc.",NYSE,,USD,153.3000030517578,-2.5800696128916223,,,2026-10-06
RWT,"Redwood Trust, Inc.",NYSE,,USD,3.440000057220459,0.0,,,2026-10-06
RWTN,"Redwood Trust, Inc. 9.125% Senior Notes Due 2029",NYSE,,USD,22.209999084472656,-1.81256295114548,,,2026-10-06
RWTO,"Redwood Trust, Inc. 9.00% Senior Notes Due 2029",NYSE,,USD,21.68000030517578,-1.049746891091352,,,2026-10-06
RWTP,"Redwood Trust, Inc. 9.125% Senior Notes Due 2030",NYSE,,USD,21.39900016784668,-3.6081106647075423,,,2026-10-06
RWTQ,"Redwood Trust, Inc. 9.500% Senior Notes Due 2030",NYSE,,USD,20.520000457763672,-2.005730972216746,,,2026-10-06
RWTS,"Redwood Trust, Inc. 9.75% Senior Notes Due 2031",NYSE,,USD,20.838199615478516,-0.3433774866453687,,,2026-10-06
RXO,"RXO, Inc.",NYSE,,USD,28.540000915527344,-0.38393963164936595,,,2026-10-06
RY,Royal Bank Of Canada,NYSE,,USD,196.35000610351562,0.863003005276819,,,2026-10-06
RYAM,Rayonier Advanced Materials Inc.,NYSE,,USD,6.789999961853027,-2.1613846416524085,,,2026-10-06
RYAN,"Ryan Specialty Holdings, Inc. Class A",NYSE,,USD,38.29999923706055,0.8425479164852367,,,2026-10-06
RYN,Rayonier Inc. REIT,NYSE,,USD,18.09000015258789,0.4441972386972193,,,2026-10-06
RYZ,Ryerson Holding Corporation,NYSE,,USD,26.549999237060547,-1.5572861957248052,,,2026-10-06
RZC,"Reinsurance Group of America, Incorporated 7.125% Fixed-Rate Reset Subordinated Debentures due 2052",NYSE,,USD,25.079999923706055,-0.2783288106797621,,,2026-10-06
S,"SentinelOne, Inc. Class A",NYSE,,USD,25.799999237060547,1.4549702219604832,,,2026-10-06
SA,"Seabridge Gold, Inc. Common Shares New",NYSE,,USD,27.440000534057617,1.0309303689933103,,,2026-10-06
SABA,Saba Capital Income & Opportunities Fund II,NYSE,,USD,7.860000133514404,-0.5063286249386678,,,2026-10-06
SAC,Safeguard Acquisition Corp.,NYSE,,USD,10.100000381469727,0.0,,,2026-10-05
SAFE,Safehold Inc. New,NYSE,,USD,12.100000381469727,1.6806787340397866,,,2026-10-06
SAGU,Shreya Acquisition Group,NYSE,,USD,10.050000190734863,0.0,,,2026-10-05
SAH,"Sonic Automotive, Inc.",NYSE,,USD,61.0,-2.602588280882312,,,2026-10-06
SAJ,Saratoga Investment Corp 8.00% Notes due 2027,NYSE,,USD,25.26110076904297,0.08360141884371508,,,2026-10-06
SAM,"Boston Beer Company, Inc. (The)",NYSE,,USD,170.3699951171875,1.598182740034071,,,2026-10-06
SAMO,Samos Energy Acquisition Corporation,NYSE,,USD,9.800000190734863,-0.30518548529022693,,,2026-10-05
SAN,"Banco Santander, S.A. Sponsored ADR (Spain)",NYSE,,USD,14.010000228881836,0.7913713192115424,,,2026-10-06
SAP,SAP  SE ADS,NYSE,,USD,210.4600067138672,1.3093295218925105,,,2026-10-06
SAR,Saratoga Investment Corp New,NYSE,,USD,15.8100004196167,-4.8163766486335575,,,2026-10-06
SARO,"StandardAero, Inc.",NYSE,,USD,20.940000534057617,-0.47528696349022903,,,2026-10-06
SAV,Saratoga Investment Corp 7.50% Notes due 2031,NYSE,,USD,24.83340072631836,0.5400808067142382,,,2026-10-06
SAX,Saratoga Investment Corp 8.00% Notes due 2031,NYSE,,USD,25.34000015258789,-0.11825260407209992,,,2026-10-06
SAY,Saratoga Investment Corp 8.125% Notes due 2027,NYSE,,USD,25.264699935913086,0.2448153913799711,,,2026-10-06
SAZ,Saratoga Investment Corp 8.50% Notes due 2028,NYSE,,USD,25.280000686645508,0.03957352077832432,,,2026-10-06
SB,"Safe Bulkers, Inc Common Stock ($0.001 par value)",NYSE,,USD,8.579999923706055,-1.9428580147879515,,,2026-10-06
SBH,"Sally Beauty Holdings, Inc. (Name to be changed from Sally Holdings, Inc.)",NYSE,,USD,16.260000228881836,1.371566713200889,,,2026-10-06
SBI,Western Asset Intermediate Muni Fund Inc,NYSE,,USD,7.019999980926514,1.2987035327166385,,,2026-10-06
SBR,Sabine Royalty Trust,NYSE,,USD,72.3499984741211,1.3589258308029484,,,2026-10-06
SBS,Companhia de saneamento Basico Do Estado De Sao Paulo - Sabesp,NYSE,,USD,6.409999847412109,2.3961599528098843,,,2026-10-06
SBSI,"Southside Bancshares, Inc.",NYSE,,USD,30.190000534057617,-0.7886946063465627,,,2026-10-06
SBSW,D/B/A Sibanye-Stillwater Limited ADS,NYSE,,USD,10.010000228881836,-0.09980267889196925,,,2026-10-06
SBXE,SilverBox Corp V,NYSE,,USD,10.109999656677246,0.0,,,2026-10-06
SCCO,Southern Copper Corporation,NYSE,,USD,204.25999450683594,-0.5017286828302714,,,2026-10-06
SCD,LMP Capital and Income Fund Inc.,NYSE,,USD,14.720000267028809,0.27247929851148545,,,2026-10-06
SCHW,Charles Schwab Corporation (The),NYSE,,USD,96.80000305175781,-1.184152759857171,,,2026-10-06
SCI,Service Corporation International,NYSE,,USD,77.30000305175781,1.7908882889500877,,,2026-10-06
SCL,Stepan Company,NYSE,,USD,62.38999938964844,-0.5578614591247089,,,2026-10-06
SCM,Stellus Capital Investment Corporation,NYSE,,USD,7.300000190734863,-0.6802682251218939,,,2026-10-06
SD,"SandRidge Energy, Inc.",NYSE,,USD,13.760000228881836,0.2915449057909525,,,2026-10-06
SDHC,Smith Douglas Homes Corp. Class A,NYSE,,USD,10.1899995803833,1.1916572909208778,,,2026-10-06
SDHY,PGIM Short Duration High Yield Opportunities Fund,NYSE,,USD,15.3100004196167,0.5252848311551928,,,2026-10-06
SDRL,Seadrill Limited,NYSE,,USD,45.09000015258789,-1.5287196963171157,,,2026-10-06
SE,Sea Limited,NYSE,,USD,96.52999877929688,-0.3304075372904891,,,2026-10-06
SECZ,Securitize Corp.,NYSE,,USD,12.699999809265137,8.547008686342949,,,2026-10-06
SEG,Seaport Entertainment Group Inc.,NYSE,,USD,22.549999237060547,0.22221883138020537,,,2026-10-06
SEI,"Solaris Energy Infrastructure, Inc. Class A",NYSE,,USD,79.69999694824219,6.622069495976168,,,2026-10-06
SES,SES AI Corporation Class A,NYSE,,USD,0.7900999784469604,-5.490436057158576,,,2026-10-06
SF,Stifel Financial Corporation,NYSE,,USD,70.12000274658203,-0.722065024307017,,,2026-10-06
SFB,Stifel Financial Corporation 5.20% Senior Notes due 2047,NYSE,,USD,18.559999465942383,-1.118811863078184,,,2026-10-06
SFBS,"ServisFirst Bancshares, Inc.",NYSE,,USD,38.720001220703125,-1.9994865461675393,,,2026-10-06
SFL,SFL Corporation Ltd,NYSE,,USD,13.300000190734863,-1.4814800686306473,,,2026-10-06
SG,"Sweetgreen, Inc. Class A",NYSE,,USD,9.140000343322754,0.5500570945604188,,,2026-10-06
SGHC,Super Group (SGHC) Limited,NYSE,,USD,11.430000305175781,-0.34873549190761466,,,2026-10-06
SGI,Somnigroup International Inc.,NYSE,,USD,62.7400016784668,0.7224285701162625,,,2026-10-06
SGU,Star Group L.P.,NYSE,,USD,12.9399995803833,0.31007723283627,,,2026-10-06
SHAK,"Shake Shack, Inc. Class A",NYSE,,USD,64.61000061035156,3.541665112870418,,,2026-10-06
SHEL,Shell PLC,NYSE,,USD,97.62000274658203,1.1396665372704895,,,2026-10-06
SHG,Shinhan Financial Group Co Ltd,NYSE,,USD,77.91000366210938,-0.7009883109623027,,,2026-10-06
SHO,"Sunstone Hotel Investors, Inc. Sunstone Hotel Investors, Inc.",NYSE,,USD,11.220000267028809,-0.8833871951527739,,,2026-10-06
SHW,Sherwin-Williams Company (The),NYSE,,USD,321.1600036621094,0.8478340386478767,,,2026-10-06
SI,"Shoulder Innovations, Inc.",NYSE,,USD,19.139999389648438,-2.3469437901449397,,,2026-10-06
SID,Companhia Siderurgica Nacional S.A.,NYSE,,USD,1.2300000190734863,-0.8064508376086854,,,2026-10-06
SIG,Signet Jewelers Limited,NYSE,,USD,102.0999984741211,1.199325098416848,,,2026-10-06
SII,Sprott Inc.,NYSE,,USD,119.41000366210938,3.1530765882186618,,,2026-10-06
SIND,Sinda Ltd.,NYSE,,USD,13.449999809265137,3.620957500803046,,,2026-10-06
SITC,SITE Centers Corp.,NYSE,,USD,3.200000047683716,-1.2345667202249944,,,2026-10-06
SITE,"SiteOne Landscape Supply, Inc.",NYSE,,USD,90.47000122070312,3.2055640442647526,,,2026-10-06
SJM,The J.M. Smucker Company,NYSE,,USD,116.80000305175781,0.4904066750078151,,,2026-10-06
SJT,San Juan Basin Royalty Trust,NYSE,,USD,3.7899999618530273,2.7100244737636725,,,2026-10-06
SKE,Skeena Resources Limited,NYSE,,USD,31.350000381469727,3.670636966775742,,,2026-10-06
SKIL,Skillsoft Corp. Class A,NYSE,,USD,5.760000228881836,2.1276660503010802,,,2026-10-06
SKM,"SK Telecom Co., Ltd.",NYSE,,USD,36.45000076293945,0.1373605356170149,,,2026-10-06
SKT,Tanger Inc.,NYSE,,USD,34.939998626708984,1.0118487209515248,,,2026-10-06
SKY,"Champion Homes, Inc.",NYSE,,USD,85.88999938964844,0.1515826144820709,,,2026-10-06
SKYD,Skydance Corporation Class B,NYSE,,USD,9.529999732971191,-2.5562372886082874,,,2026-10-06
SKYH,Sky Harbour Group Corporation Class A,NYSE,,USD,9.359999656677246,0.2141274492786227,,,2026-10-06
SLB,SLB Limited,NYSE,,USD,50.0,-0.55687904951216,,,2026-10-06
SLF,Sun Life Financial Inc.,NYSE,,USD,77.7300033569336,-1.1194469489701153,,,2026-10-06
SLG,SL Green Realty Corp,NYSE,,USD,48.400001525878906,0.8123374671537453,,,2026-10-06
SLGN,Silgan Holdings Inc.,NYSE,,USD,35.209999084472656,0.6287436280440373,,,2026-10-06
SLQT,"SelectQuote, Inc.",NYSE,,USD,0.3799999952316284,-9.307876981418783,,,2026-10-06
SLVM,Sylvamo Corporation,NYSE,,USD,32.90999984741211,-1.3784809685238875,,,2026-10-06
SM,SM Energy Company,NYSE,,USD,35.099998474121094,0.14265117874148192,,,2026-10-06
SMA,"SmartStop Self Storage REIT, Inc.",NYSE,,USD,33.130001068115234,2.032644972588704,,,2026-10-06
SMBK,"SmartFinancial, Inc.",NYSE,,USD,51.25,1.3046053477395514,,,2026-10-06
SMC,Summit Midstream Corporation,NYSE,,USD,33.150001525878906,3.3676390437539894,,,2026-10-06
SMFG,Sumitomo Mitsui Financial Group Inc Unsponsored,NYSE,,USD,25.829999923706055,0.7803385465794621,,,2026-10-06
SMG,Scotts Miracle-Gro Company (The),NYSE,,USD,50.52000045776367,2.8920611563583165,,,2026-10-06
SMHI,SEACOR Marine Holdings Inc.,NYSE,,USD,8.380000114440918,-3.5673127837908325,,,2026-10-06
SMP,"Standard Motor Products, Inc.",NYSE,,USD,37.560001373291016,0.37414006198934757,,,2026-10-06
SMR,NuScale Power Corporation Class A,NYSE,,USD,8.020000457763672,4.427091627925206,,,2026-10-06
SMRT,"SmartRent, Inc. Class A",NYSE,,USD,1.2000000476837158,0.0,,,2026-10-06
SMWB,Similarweb Ltd.,NYSE,,USD,8.029999732971191,-0.6188142476111547,,,2026-10-06
SN,"SharkNinja, Inc.",NYSE,,USD,184.72000122070312,1.111171247560705,,,2026-10-06
SNA,Snap-On Incorporated,NYSE,,USD,368.6099853515625,0.3293389970548066,,,2026-10-06
SNAP,Snap Inc. Class A,NYSE,,USD,5.78000020980835,3.0303043181471034,,,2026-10-06
SNDA,"Sonida Senior Living, Inc.",NYSE,,USD,37.119998931884766,1.0893183493581038,,,2026-10-06
SNDR,"Schneider National, Inc.",NYSE,,USD,31.600000381469727,-2.2277206687900897,,,2026-10-06
SNN,"Smith & Nephew SNATS, Inc.",NYSE,,USD,26.8700008392334,-0.18573267800462423,,,2026-10-06
SNOW,Snowflake Inc.,NYSE,,USD,335.95001220703125,-0.8967751600104545,,,2026-10-06
SNX,TD SYNNEX Corporation,NYSE,,USD,278.3800048828125,0.39671310890014855,,,2026-10-06
SO,Southern Company (The),NYSE,,USD,85.44000244140625,1.9692105356847511,,,2026-10-06
SOBO,South Bow Corporation,NYSE,,USD,34.150001525878906,0.6187475181706814,,,2026-10-06
SOC,Sable Offshore Corp.,NYSE,,USD,3.569999933242798,2.8818416083016496,,,2026-10-06
SOJC,"Southern Company (The) Series 2017B 5.25% Junior Subordinated Notes due December 1, 2077",NYSE,,USD,18.700000762939453,-0.37293390046384545,,,2026-10-06
SOJD,"Southern Company (The) Series 2020A 4.95% Junior Subordinated Notes due January 30, 2080",NYSE,,USD,17.690000534057617,-0.4277845909297806,,,2026-10-06
SOJE,"Southern Company (The) Series 2020C 4.20% Junior Subordinated Notes due October 15, 2060",NYSE,,USD,15.979999542236328,-0.3740733782186534,,,2026-10-06
SOJF,"Southern Company (The) Series 2025A 6.50% Junior Subordinated Notes due March 15, 2085",NYSE,,USD,23.18000030517578,-0.3439377597542759,,,2026-10-06
SOLV,Solventum Corporation,NYSE,,USD,87.04000091552734,-1.1246141968621282,,,2026-10-06
SOMN,Southern Company (The) 2025 Series A Corporate,NYSE,,USD,45.650001525878906,1.1074196746447829,,,2026-10-06
SON,Sonoco Products Company,NYSE,,USD,48.02000045776367,-0.4147672291090365,,,2026-10-06
SONY,Sony Group Corporation,NYSE,,USD,23.850000381469727,1.3169050717321884,,,2026-10-06
SOR,"Source Capital, Inc. Cmn Shs of BI",NYSE,,USD,45.0099983215332,0.11120826974797549,,,2026-10-06
SOS,SOS Limited,NYSE,,USD,0.3199999928474426,-1.5384601277006582,,,2026-10-06
SOUL,Soulpower Acquisition Corporation,NYSE,,USD,10.48009967803955,-0.09437648517277575,,,2026-10-06
SPB,"Spectrum Brands Holdings, Inc.",NYSE,,USD,76.72000122070312,0.9606571620679683,,,2026-10-06
SPCE,"Virgin Galactic Holdings, Inc.",NYSE,,USD,3.069999933242798,0.655737089809616,,,2026-10-06
SPE,"Special Opportunities Fund, Inc",NYSE,,USD,12.65999984741211,0.47618622322125326,,,2026-10-06
SPG,"Simon Property Group, Inc.",NYSE,,USD,201.74000549316406,0.1688240352452297,,,2026-10-06
SPGI,S&P Global Inc.,NYSE,,USD,396.1300048828125,1.3327512729253588,,,2026-10-06
SPH,"Suburban Propane Partners, L.P.",NYSE,,USD,17.079999923706055,1.8485358227815052,,,2026-10-06
SPHR,Sphere Entertainment Co. Class A,NYSE,,USD,105.37999725341797,-4.891701849329378,,,2026-10-06
SPIR,"Spire Global, Inc. Class A",NYSE,,USD,10.979999542236328,0.8264388987715421,,,2026-10-06
SPMA,"Sound Point Meridian Capital, Inc. 8.00% Series A Preferred Shares Due 2029",NYSE,,USD,24.989999771118164,0.14426263289777363,,,2026-10-06
SPMC,"Sound Point Meridian Capital, Inc.",NYSE,,USD,8.25,0.0,,,2026-10-06
SPME,"Sound Point Meridian Capital, Inc. 7.875% Series B Preferred Shares due 2030",NYSE,,USD,24.690000534057617,-0.08093302774586641,,,2026-10-06
SPNT,SiriusPoint Ltd.,NYSE,,USD,24.610000610351562,0.4489820830676061,,,2026-10-06
SPOT,Spotify Technology S.A.,NYSE,,USD,488.1300048828125,1.0516545322884818,,,2026-10-06
SPRU,Spruce Power Holding Corporation Class A,NYSE,,USD,1.6100000143051147,3.2051329076644652,,,2026-10-06
SPXC,"SPX Technologies, Inc.",NYSE,,USD,175.82000732421875,-0.5542962164158838,,,2026-10-06
SPXX,Nuveen S&P 500 Dynamic Overwrite Fund,NYSE,,USD,18.719999313354492,0.26780523222402763,,,2026-10-06
SQM,Sociedad Quimica y Minera S.A.,NYSE,,USD,66.16999816894531,0.5164762698369518,,,2026-10-06
SQNS,Sequans Communications S.A.,NYSE,,USD,2.7899999618530273,1.8248157716151958,,,2026-10-06
SR,Spire Inc.,NYSE,,USD,78.16999816894531,0.9817781564166683,,,2026-10-06
SRE,DBA Sempra,NYSE,,USD,79.97000122070312,2.3157593062795634,,,2026-10-06
SREA,DBA Sempra 5.750% Junior Subordinated Notes due 2079,NYSE,,USD,18.959999084472656,0.1055889643671204,,,2026-10-06
SRFM,Surf Air Mobility Inc.,NYSE,,USD,1.0099999904632568,13.355782409993132,,,2026-10-06
SRG,Seritage Growth Properties Class A,NYSE,,USD,1.7200000286102295,-1.7142840794154623,,,2026-10-06
SRI,"Stoneridge, Inc.",NYSE,,USD,6.5,-0.45942126867450916,,,2026-10-06
SRJN,Spire Inc. 6.375% Junior Subordinated Notes due 2086,NYSE,,USD,21.25,-0.37505824656447473,,,2026-10-06
SRL,Scully Royalty Ltd.,NYSE,,USD,5.079999923706055,1.5999984741210893,,,2026-10-05
SRV,NXG Cushing Midstream Energy Fund,NYSE,,USD,44.06999969482422,1.6843551907388177,,,2026-10-06
SSB,SouthState Bank Corporation,NYSE,,USD,100.94999694824219,-0.1779890339804191,,,2026-10-06
SSD,"Simpson Manufacturing Company, Inc.",NYSE,,USD,175.02000427246094,1.302309396515211,,,2026-10-06
SSL,Sasol Ltd.,NYSE,,USD,14.289999961853027,1.7081834011392294,,,2026-10-06
SSMR,Sunshine Silver Mining & Refining Company,NYSE,,USD,15.529999732971191,1.9697977659348886,,,2026-10-06
SST,"System1, Inc. Class A",NYSE,,USD,2.359999895095825,2.6086932184114398,,,2026-10-06
SSTK,"Shutterstock, Inc.",NYSE,,USD,4.079999923706055,1.7456282002192847,,,2026-10-06
ST,Sensata Technologies Holding plc,NYSE,,USD,43.91999816894531,1.7373176553422187,,,2026-10-06
STAG,"Stag Industrial, Inc.",NYSE,,USD,36.119998931884766,0.19417391485616609,,,2026-10-06
STC,Stewart Information Services Corporation,NYSE,,USD,51.720001220703125,1.750933223662976,,,2026-10-06
STDN,"Standard Nuclear, Inc. Class A",NYSE,,USD,15.1899995803833,16.75633599653541,,,2026-10-06
STE,STERIS plc (Ireland),NYSE,,USD,208.64999389648438,-1.1465453848291451,,,2026-10-06
STEM,"Stem, Inc. Class A",NYSE,,USD,4.769999980926514,12.235293668859137,,,2026-10-06
STEW,"SRH Total Return Fund, Inc.",NYSE,,USD,17.600000381469727,0.1707495000944359,,,2026-10-06
STG,Sunlands Technology Group,NYSE,,USD,2.7799999713897705,-2.4561380907071495,,,2026-10-05
STK,Columbia Seligman Premium Technology Growth Fund Inc,NYSE,,USD,56.2599983215332,1.7543812442467388,,,2026-10-06
STLA,Stellantis N.V.,NYSE,,USD,4.610000133514404,2.672613998070572,,,2026-10-06
STM,STMicroelectronics N.V.,NYSE,,USD,58.720001220703125,1.8030528953274283,,,2026-10-06
STN,Stantec Inc,NYSE,,USD,67.54000091552734,1.017051000550695,,,2026-10-06
STNG,Scorpio Tankers Inc.,NYSE,,USD,86.2300033569336,-0.20830956781304755,,,2026-10-06
STT,State Street Corporation,NYSE,,USD,175.75,-0.35153094877365954,,,2026-10-06
STUB,"StubHub Holdings, Inc. Class A",NYSE,,USD,5.730000019073486,3.61663294172041,,,2026-10-06
STVN,Stevanato Group S.p.A.,NYSE,,USD,19.860000610351562,-0.9476241094203641,,,2026-10-06
STWD,"STARWOOD PROPERTY TRUST, INC. Starwood Property Trust Inc.",NYSE,,USD,12.930000305175781,-0.3852021481037138,,,2026-10-06
STZ,"Constellation Brands, Inc.",NYSE,,USD,115.66999816894531,2.0827823327162154,,,2026-10-06
SU,Suncor Energy  Inc.,NYSE,,USD,68.22000122070312,-0.7997607230052606,,,2026-10-06
SUI,"Sun Communities, Inc.",NYSE,,USD,112.06999969482422,0.20565393818390287,,,2026-10-06
SUNB,"Sunbelt Rentals Holdings, Inc.",NYSE,,USD,78.52999877929688,1.473057757642171,,,2026-10-06
SUPV,Grupo Supervielle S.A.,NYSE,,USD,7.440000057220459,1.0869554654186597,,,2026-10-06
SUZ,Suzano S.A.,NYSE,,USD,8.399999618530273,-0.3558800184987887,,,2026-10-06
SVV,"Savers Value Village, Inc.",NYSE,,USD,9.199999809265137,0.10881642370454969,,,2026-10-06
SW,Smurfit WestRock plc,NYSE,,USD,42.38999938964844,-0.047159768534854596,,,2026-10-06
SWK,"Stanley Black & Decker, Inc.",NYSE,,USD,89.98999786376953,0.34567078226901415,,,2026-10-06
SWX,"Southwest Gas Holdings, Inc. Common Stock (DE)",NYSE,,USD,83.31999969482422,0.6401724525134878,,,2026-10-06
SWZ,Total Return Securities Fund,NYSE,,USD,5.800000190734863,0.6944437545759019,,,2026-10-06
SXC,"SunCoke Energy, Inc.",NYSE,,USD,10.039999961853027,1.0060400974973627,,,2026-10-06
SXI,Standex International Corporation,NYSE,,USD,297.1199951171875,2.7243829169082856,,,2026-10-06
SXT,Sensient Technologies Corporation,NYSE,,USD,132.91000366210938,2.8555969714811003,,,2026-10-06
SYF,Synchrony Financial,NYSE,,USD,72.16000366210938,0.3895470497921938,,,2026-10-06
SYK,Stryker Corporation,NYSE,,USD,278.20001220703125,-2.4612541138865685,,,2026-10-06
SYY,Sysco Corporation,NYSE,,USD,77.44999694824219,1.4008899362409233,,,2026-10-06
T,AT&T Inc.,NYSE,,USD,24.43000030517578,0.7838305934474654,,,2026-10-06
TAC,TransAlta Corporation,NYSE,,USD,13.119999885559082,5.2125068533390495,,,2026-10-06
TAK,Takeda Pharmaceutical Company Limited,NYSE,,USD,18.100000381469727,1.628303897941752,,,2026-10-06
TAL,TAL Education Group,NYSE,,USD,12.600000381469727,2.355807895756823,,,2026-10-06
TALO,"Talos Energy, Inc.",NYSE,,USD,16.760000228881836,-1.4697236721697204,,,2026-10-06
TAP,Molson Coors Beverage Company Class B,NYSE,,USD,36.90999984741211,1.0679063109527709,,,2026-10-06
TBB,AT&T Inc. 5.350% Global Notes due 2066,NYSE,,USD,18.84000015258789,-0.15898614367377828,,,2026-10-06
TBBB,BBB Foods Inc.,NYSE,,USD,54.2400016784668,0.6868437978806652,,,2026-10-06
TBI,"TrueBlue, Inc.",NYSE,,USD,8.970000267028809,0.7865241741447981,,,2026-10-06
TBN,Tamboran Resources Corporation,NYSE,,USD,34.68000030517578,2.3008812512926635,,,2026-10-06
TCBX,"Third Coast Bancshares, Inc.",NYSE,,USD,43.02000045776367,0.30310345060673427,,,2026-10-06
TCI,"Transcontinental Realty Investors, Inc.",NYSE,,USD,45.119998931884766,-0.7479106014853021,,,2026-10-06
TCPA,TransCanada PipeLines Limited 6.250% Junior Subordinated Notes due 2085,NYSE,,USD,20.049999237060547,0.14984404900570958,,,2026-10-06
TD,Toronto Dominion Bank (The),NYSE,,USD,118.18000030517578,0.9222902178716685,,,2026-10-06
TDAY,"USA TODAY Co., Inc.",NYSE,,USD,7.349999904632568,-1.0767150141905546,,,2026-10-06
TDC,Teradata Corporation,NYSE,,USD,29.6200008392334,-0.9695720817725184,,,2026-10-06
TDF,"Templeton Dragon Fund, Inc.",NYSE,,USD,9.569999694824219,-0.3125071401394508,,,2026-10-06
TDG,Transdigm Group Incorporated,NYSE,,USD,1103.3299560546875,0.9765088445840675,,,2026-10-06
TDOC,"Teladoc Health, Inc.",NYSE,,USD,5.769999980926514,-0.34542281620522086,,,2026-10-06
TDS,"Telephone and Data Systems, Inc.",NYSE,,USD,35.150001525878906,0.11393026155501751,,,2026-10-06
TDW,Tidewater Inc.,NYSE,,USD,82.06999969482422,-2.2161332105188336,,,2026-10-06
TDY,Teledyne Technologies Incorporated,NYSE,,USD,622.219970703125,0.4163636940314852,,,2026-10-06
TE,T1 Energy Inc.,NYSE,,USD,3.799999952316284,2.702700090373522,,,2026-10-06
TECK,Teck Resources Ltd,NYSE,,USD,67.0999984741211,-1.1345281292179044,,,2026-10-06
TEI,"Templeton Emerging Markets Income Fund, Inc.",NYSE,,USD,6.139999866485596,1.487597899394455,,,2026-10-06
TEL,TE Connectivity plc,NYSE,,USD,219.50999450683594,0.26492570705634044,,,2026-10-06
TEN,Tsakos Energy Navigation Ltd,NYSE,,USD,50.470001220703125,-1.5987515698717258,,,2026-10-06
TEO,Telecom Argentina SA,NYSE,,USD,12.6899995803833,1.4388437106971352,,,2026-10-06
TEVA,Teva Pharmaceutical Industries Limited,NYSE,,USD,39.130001068115234,-1.336355979162862,,,2026-10-06
TEX,Terex Corporation,NYSE,,USD,56.77000045776367,-0.22847287281021478,,,2026-10-06
TFC,Truist Financial Corporation,NYSE,,USD,46.25,-0.172678238490942,,,2026-10-06
TFII,TFI International Inc.,NYSE,,USD,113.94000244140625,-0.7491294316114505,,,2026-10-06
TFIN,"Triumph Financial, Inc.",NYSE,,USD,61.970001220703125,0.6006538242650628,,,2026-10-06
TFPM,Triple Flag Precious Metals Corp.,NYSE,,USD,30.68000030517578,0.6561704919395117,,,2026-10-06
TFX,Teleflex Incorporated,NYSE,,USD,124.73999786376953,-0.39923347854403657,,,2026-10-06
TG,Tredegar Corporation,NYSE,,USD,7.03000020980835,0.4285744258335722,,,2026-10-06
TGE,The Generation Essentials Group,NYSE,,USD,1.2000000476837158,10.091744122626768,,,2026-10-06
TGLS,Tecnoglass Holdings Inc.,NYSE,,USD,36.68000030517578,5.070181797479667,,,2026-10-06
TGS,Transportadora de Gas del Sur SA TGS,NYSE,,USD,27.040000915527344,1.7306282661461836,,,2026-10-06
TGT,Target Corporation,NYSE,,USD,154.3300018310547,0.8758718150059241,,,2026-10-06
THC,Tenet Healthcare Corporation,NYSE,,USD,258.4700012207031,-0.38540100793749144,,,2026-10-06
THG,Hanover Insurance Group Inc,NYSE,,USD,220.0399932861328,-0.16333966439248115,,,2026-10-06
THO,"Thor Industries, Inc.",NYSE,,USD,67.62999725341797,0.5800110083860943,,,2026-10-06
THQ,abrdn Healthcare Opportunities Fund,NYSE,,USD,17.530000686645508,-1.2394327512929126,,,2026-10-06
THW,abrdn World Healthcare Fund,NYSE,,USD,12.279999732971191,0.16312808903740095,,,2026-10-06
TIC,"TIC Solutions, Inc.",NYSE,,USD,8.850000381469727,7.142858792241946,,,2026-10-06
TIMB,TIM S.A.,NYSE,,USD,18.979999542236328,-1.6580295724040406,,,2026-10-06
TISI,"Team, Inc.",NYSE,,USD,27.610000610351562,-2.713173267036273,,,2026-10-06
TJX,"TJX Companies, Inc. (The)",NYSE,,USD,137.02999877929688,1.9492560418150617,,,2026-10-06
TK,Teekay Corporation Ltd.,NYSE,,USD,14.699999809265137,-1.737969439965592,,,2026-10-06
TKC,Turkcell Iletisim Hizmetleri AS,NYSE,,USD,5.170000076293945,-0.19304541266529363,,,2026-10-06
TKO,"TKO Group Holdings, Inc. Class A",NYSE,,USD,176.4600067138672,-0.3276020076030228,,,2026-10-06
TKR,Timken Company (The),NYSE,,USD,119.54000091552734,-0.3750287159377197,,,2026-10-06
TLK,"PT Telekomunikasi Indonesia, Tbk",NYSE,,USD,12.859999656677246,-0.2327438777846802,,,2026-10-06
TLYS,"Tilly's, Inc.",NYSE,,USD,4.420000076293945,-4.121476176088823,,,2026-10-06
TM,Toyota Motor Corporation,NYSE,,USD,185.57000732421875,0.7875365226402309,,,2026-10-06
TME,Tencent Music Entertainment Group,NYSE,,USD,7.929999828338623,0.7623881023129053,,,2026-10-06
TMO,Thermo Fisher Scientific Inc,NYSE,,USD,656.5800170898438,-2.981853594270434,,,2026-10-06
TNC,Tennant Company,NYSE,,USD,68.16999816894531,0.14690535414927375,,,2026-10-06
TNET,"TriNet Group, Inc.",NYSE,,USD,62.779998779296875,-1.7527429105435033,,,2026-10-06
TNK,Teekay Tankers Ltd.,NYSE,,USD,101.23999786376953,-2.0700323529730835,,,2026-10-06
TNL,Travel   Leisure Co. Common  Stock,NYSE,,USD,62.81999969482422,1.7822398774550052,,,2026-10-06
TOL,"Toll Brothers, Inc.",NYSE,,USD,138.0,1.9352895720866847,,,2026-10-06
TOST,"Toast, Inc. Class A",NYSE,,USD,30.25,0.6990648404544775,,,2026-10-06
TPB,"Turning Point Brands, Inc.",NYSE,,USD,58.27000045776367,1.145634161464515,,,2026-10-06
TPC,Tutor Perini Corporation,NYSE,,USD,89.05999755859375,3.0429217217768256,,,2026-10-06
TPL,Texas Pacific Land Corporation,NYSE,,USD,355.1600036621094,3.0434879234350287,,,2026-10-06
TPR,"Tapestry, Inc.",NYSE,,USD,116.75,-0.17101064853443093,,,2026-10-06
TPTS,"Terra Property Trust, Inc. 7.00% Senior Secured Notes due 2029",NYSE,,USD,14.489999771118164,5.228753009579967,,,2026-10-06
TPVG,TriplePoint Venture Growth BDC Corp.,NYSE,,USD,4.809999942779541,-0.41407828659275614,,,2026-10-06
TR,"Tootsie Roll Industries, Inc.",NYSE,,USD,37.36000061035156,-0.6647168198428366,,,2026-10-06
TRAD,APEX Tech Acquisition Inc.,NYSE,,USD,10.079899787902832,0.3974086275040145,,,2026-10-06
TRAK,"ReposiTrak, Inc.",NYSE,,USD,8.010000228881836,-0.8663328649155755,,,2026-10-06
TRC,Tejon Ranch Co,NYSE,,USD,16.329999923706055,0.9270680822069499,,,2026-10-06
TREX,"Trex Company, Inc.",NYSE,,USD,44.86000061035156,1.4702590801618065,,,2026-10-06
TRGP,"Targa Resources, Inc.",NYSE,,USD,285.7200012207031,-0.5845486121987653,,,2026-10-06
TRIN,Trinity Capital Inc.,NYSE,,USD,17.3799991607666,-0.2868682933661937,,,2026-10-06
TRLV,Trulieve Cannabis Corp. Subordinate Voting Shares,NYSE,,USD,10.649999618530273,0.0,,,2026-10-06
TRN,"Trinity Industries, Inc.",NYSE,,USD,26.209999084472656,-0.6820777163276004,,,2026-10-06
TRNI,Trinity Capital Inc. 7.875% Notes Due 2029,NYSE,,USD,25.020000457763672,-0.11975560962290688,,,2026-10-06
TRNO,Terreno Realty Corporation,NYSE,,USD,64.2300033569336,-0.3104096652101429,,,2026-10-06
TRNZ,Trinity Capital Inc. 7.875% Notes due 2029,NYSE,,USD,25.049999237060547,0.19999694824219816,,,2026-10-06
TROX,Tronox Holdings plc Ordinary Shares (UK),NYSE,,USD,3.869999885559082,-1.0230230023922982,,,2026-10-06
TRP,TC Energy Corporation,NYSE,,USD,60.22999954223633,1.2609280527438926,,,2026-10-06
TRTX,"TPG RE Finance Trust, Inc.",NYSE,,USD,6.050000190734863,0.49834235719934394,,,2026-10-06
TRU,TransUnion,NYSE,,USD,63.41999816894531,-0.6267651641987504,,,2026-10-06
TRV,"The Travelers Companies, Inc.",NYSE,,USD,360.6400146484375,-0.016633644736141484,,,2026-10-06
TS,Tenaris S.A.,NYSE,,USD,56.869998931884766,-2.7198087196176557,,,2026-10-06
TSI,"TCW Strategic Income Fund, Inc.",NYSE,,USD,4.21999979019165,-0.4716976888241464,,,2026-10-06
TSLX,"Sixth Street Specialty Lending, Inc.",NYSE,,USD,17.270000457763672,-1.819213712611245,,,2026-10-06
TSM,Taiwan Semiconductor Manufacturing Company Ltd.,NYSE,,USD,482.29998779296875,-0.7204611132043848,,,2026-10-06
TSN,"Tyson Foods, Inc.",NYSE,,USD,51.970001220703125,0.502808239864283,,,2026-10-06
TSQ,"Townsquare Media, Inc. Class A",NYSE,,USD,4.539999961853027,2.2522500753112684,,,2026-10-06
TT,Trane Technologies plc,NYSE,,USD,476.3900146484375,1.1959394948639401,,,2026-10-06
TTAM,Titan America SA,NYSE,,USD,13.5600004196167,0.4444475527162872,,,2026-10-06
TTC,Toro Company (The),NYSE,,USD,98.88999938964844,-0.05053876139473612,,,2026-10-06
TTE,TotalEnergies SE,NYSE,,USD,83.9800033569336,-0.4622488763214361,,,2026-10-06
TTI,"Tetra Technologies, Inc.",NYSE,,USD,6.139999866485596,1.824206514923854,,,2026-10-06
TU,Telus Corporation,NYSE,,USD,7.880000114440918,0.0,,,2026-10-06
TUYA,Tuya Inc.,NYSE,,USD,1.7300000190734863,2.976194826586309,,,2026-10-06
TV,Grupo Televisa S.A.B.,NYSE,,USD,2.2799999713897705,-0.4366808135300104,,,2026-10-06
TVC,Tennessee Valley Authority,NYSE,,USD,23.69499969482422,-0.10539468488178771,,,2026-10-06
TVE,Tennessee Valley Authority,NYSE,,USD,23.09000015258789,-0.47414054626792046,,,2026-10-06
TWI,"Titan International, Inc. (DE)",NYSE,,USD,7.03000020980835,0.7163351088572023,,,2026-10-06
TWLO,Twilio Inc. Class A,NYSE,,USD,280.4100036621094,-6.812668156762037,,,2026-10-06
TWN,"Taiwan Fund, Inc. (The)",NYSE,,USD,106.88999938964844,0.6686749693275873,,,2026-10-06
TX,Ternium S.A. Ternium S.A.,NYSE,,USD,56.970001220703125,-1.7250301517034772,,,2026-10-06
TXNM,"TXNM Energy, Inc.",NYSE,,USD,58.54999923706055,0.06836594885462066,,,2026-10-06
TXO,"TXO Partners, L.P. Common",NYSE,,USD,13.960000038146973,0.3594550056315482,,,2026-10-06
TXT,Textron Inc.,NYSE,,USD,75.52999877929688,-0.29043065439356974,,,2026-10-06
TY,Tri Continental Corporation,NYSE,,USD,34.540000915527344,0.9941524707693272,,,2026-10-06
TYG,Tortoise Energy Infrastructure Corporation,NYSE,,USD,39.189998626708984,1.3709228696035636,,,2026-10-06
TYL,"Tyler Technologies, Inc.",NYSE,,USD,330.9100036621094,0.788863389410488,,,2026-10-06
U,Unity Software Inc.,NYSE,,USD,44.95000076293945,-1.5980725423804687,,,2026-10-06
UA,"Under Armour, Inc. Class C",NYSE,,USD,4.71999979019165,3.282267240610248,,,2026-10-06
UAA,"Under Armour, Inc. Class A",NYSE,,USD,4.880000114440918,3.8297938825645472,,,2026-10-06
UAMY,United States Antimony Corporation,NYSE,,USD,3.990000009536743,1.0126572498773356,,,2026-10-06
UAN,"CVR Partners, LP Common",NYSE,,USD,125.27999877929688,-0.5161609817388335,,,2026-10-06
UBER,"Uber Technologies, Inc.",NYSE,,USD,69.08000183105469,-0.5757074072435087,,,2026-10-06
UBS,UBS Group AG Registered,NYSE,,USD,48.470001220703125,0.6019114024293337,,,2026-10-06
UCB,"United Community Banks, Inc.",NYSE,,USD,33.720001220703125,-0.2661938743930059,,,2026-10-06
UDR,"UDR, Inc.",NYSE,,USD,33.90999984741211,0.20685488920975104,,,2026-10-06
UE,Urban Edge Properties,NYSE,,USD,19.600000381469727,0.4613026731524972,,,2026-10-06
UFI,"Unifi, Inc. New",NYSE,,USD,6.559999942779541,2.1806832526770403,,,2026-10-06
UGI,UGI Corporation,NYSE,,USD,37.150001525878906,1.0059890126758342,,,2026-10-06
UGP,Ultrapar Participacoes S.A. (New),NYSE,,USD,7.739999771118164,-0.3861030872843396,,,2026-10-06
UHAL,U-Haul Holding Company,NYSE,,USD,60.66999816894531,-0.7037648378304118,,,2026-10-06
UHS,"Universal Health Services, Inc.",NYSE,,USD,177.0800018310547,0.5850603586721181,,,2026-10-06
UHT,Universal Health Realty Income Trust,NYSE,,USD,37.41999816894531,1.354279590459373,,,2026-10-06
UI,Ubiquiti Inc.,NYSE,,USD,626.47998046875,2.821317116861355,,,2026-10-06
UIS,Unisys Corporation New,NYSE,,USD,2.309999942779541,-0.43103408409496113,,,2026-10-06
UL,Unilever PLC,NYSE,,USD,60.79999923706055,1.3671218757626002,,,2026-10-06
ULS,UL Solutions Inc. Class A,NYSE,,USD,68.37000274658203,0.17582820012018718,,,2026-10-06
UMC,United Microelectronics Corporation (NEW),NYSE,,USD,23.190000534057617,-3.051837541421243,,,2026-10-06
UMH,"UMH Properties, Inc.",NYSE,,USD,15.420000076293945,0.3253102869690938,,,2026-10-06
UNF,Unifirst Corporation,NYSE,,USD,251.72000122070312,-0.46265102288312043,,,2026-10-06
UNFI,"United Natural Foods, Inc.",NYSE,,USD,44.290000915527344,-0.5389577146835967,,,2026-10-06
UNH,UnitedHealth Group Incorporated Common Stock (DE),NYSE,,USD,376.32000732421875,-0.5969621554771432,,,2026-10-06
UNM,Unum Group,NYSE,,USD,91.83000183105469,2.112756054076814,,,2026-10-06
UNMA,Unum Group 6.250% Junior Subordinated Notes due 2058,NYSE,,USD,21.149999618530273,-0.04726006121904547,,,2026-10-06
UNP,Union Pacific Corporation,NYSE,,USD,276.6099853515625,-0.16242409983276973,,,2026-10-06
UP,Wheels Up Experience Inc. Class A,NYSE,,USD,3.4700000286102295,1.16617962316381,,,2026-10-06
UPS,"United Parcel Service, Inc.",NYSE,,USD,93.11000061035156,-0.032208266580913136,,,2026-10-06
URI,"United Rentals, Inc.",NYSE,,USD,1080.6199951171875,0.5901595159003348,,,2026-10-06
USA,Liberty All-Star Equity Fund,NYSE,,USD,5.889999866485596,1.3769350171074501,,,2026-10-06
USB,U.S. Bancorp,NYSE,,USD,57.290000915527344,0.03492309691601747,,,2026-10-06
USFD,US Foods Holding Corp.,NYSE,,USD,96.52999877929688,2.0078216009990157,,,2026-10-06
USNA,"USANA Health Sciences, Inc.",NYSE,,USD,14.829999923706055,-0.13468321380400994,,,2026-10-06
USPH,"U.S. Physical Therapy, Inc.",NYSE,,USD,83.62999725341797,-0.3930464919641885,,,2026-10-06
UTF,"Cohen & Steers Infrastructure Fund, Inc",NYSE,,USD,25.600000381469727,1.708384202909774,,,2026-10-06
UTI,Universal Technical Institute Inc,NYSE,,USD,19.670000076293945,2.6082420344813118,,,2026-10-06
UTL,UNITIL Corporation,NYSE,,USD,51.18000030517578,1.0463943994672542,,,2026-10-06
UTZ,Utz Brands Inc,NYSE,,USD,14.270000457763672,-0.07002293693627593,,,2026-10-06
UVE,UNIVERSAL INSURANCE HOLDINGS INC,NYSE,,USD,43.5099983215332,-0.34356739899942257,,,2026-10-06
UVV,Universal Corporation,NYSE,,USD,42.70000076293945,1.3529543801877653,,,2026-10-06
UWMC,UWM Holdings Corporation Class A,NYSE,,USD,1.2000000476837158,-6.976737738815952,,,2026-10-06
UZD,"Array Digital Infrastructure, Inc. 6.250% Senior Notes due 2069",NYSE,,USD,18.34000015258789,1.32596555834259,,,2026-10-06
UZE,"Array Digital Infrastructure, Inc. 5.500% Senior Notes due 2070",NYSE,,USD,16.0,0.7556667801907446,,,2026-10-06
UZF,"Array Digital Infrastructure, Inc. 5.500% Senior Notes due 2070",NYSE,,USD,16.020000457763672,0.9451831965108237,,,2026-10-06
V,Visa Inc.,NYSE,,USD,370.6400146484375,0.25155479020164684,,,2026-10-06
VAC,Marriott Vacations Worldwide Corporation,NYSE,,USD,104.56999969482422,2.590012147301435,,,2026-10-06
VAL,Valaris Limited,NYSE,,USD,82.0,-1.7846423546455936,,,2026-10-06
VALE,VALE S.A.,NYSE,,USD,14.079999923706055,-0.4946975032603551,,,2026-10-06
VATE,INNOVATE Corp.,NYSE,,USD,7.190000057220459,-3.360215027920288,,,2026-10-06
VBF,Invesco Bond Fund,NYSE,,USD,14.1899995803833,0.2118625232660154,,,2026-10-06
VCV,Invesco California Value Municipal Income Trust,NYSE,,USD,8.949999809265137,1.2443399861825188,,,2026-10-06
VCX,"Fundrise Innovation Fund, LLC Common Shares of Limited Liability Company Interests",NYSE,,USD,29.440000534057617,-1.2080493698644834,,,2026-10-06
VECA,Vernal Capital Acquisition Corp.,NYSE,,USD,10.050000190734863,0.0,,,2026-10-05
VEEV,Veeva Systems Inc. Class A,NYSE,,USD,283.5,0.017635488028222568,,,2026-10-06
VEL,"Velocity Financial, Inc.",NYSE,,USD,14.869999885559082,1.6404632210581305,,,2026-10-06
VET,Vermilion Energy Inc. Common (Canada),NYSE,,USD,11.600000381469727,-1.1082622833744504,,,2026-10-06
VFC,V.F. Corporation,NYSE,,USD,14.449999809265137,1.2613829413266497,,,2026-10-06
VG,"Venture Global, Inc.",NYSE,,USD,13.510000228881836,0.4460997804279998,,,2026-10-06
VGI,Virtus Global Multi-Sector Income Fund,NYSE,,USD,6.699999809265137,0.6006000415836432,,,2026-10-06
VGM,Invesco Trust for Investment Grade Municipals Common Stock (DE),NYSE,,USD,8.789999961853027,1.2672771061039478,,,2026-10-06
VGNT,Versigent PLC,NYSE,,USD,47.369998931884766,0.21154743632898487,,,2026-10-06
VHI,"Valhi, Inc.",NYSE,,USD,15.119999885559082,2.508473800400557,,,2026-10-06
VIA,"Via Transportation, Inc. Class A",NYSE,,USD,30.829999923706055,-0.1942358922884524,,,2026-10-06
VICI,VICI Properties Inc.,NYSE,,USD,22.729999542236328,0.8877001753016645,,,2026-10-06
VII,Viking Acquisition Corp. II,NYSE,,USD,9.829999923706055,0.0,,,2026-10-06
VIK,Viking Holdings Ltd,NYSE,,USD,81.63999938964844,0.75280836670506,,,2026-10-06
VIPS,Vipshop Holdings Limited,NYSE,,USD,12.75,0.31471252346950696,,,2026-10-06
VIRT,"Virtu Financial, Inc. Class A",NYSE,,USD,61.619998931884766,-2.00382015716819,,,2026-10-06
VIST,Vista Energy S.A.B. de C.V.,NYSE,,USD,66.05999755859375,-0.7213756392082993,,,2026-10-06
VIV,Telefonica Brasil S.A.,NYSE,,USD,12.640000343322754,0.15848223411283335,,,2026-10-06
VKQ,Invesco Municipal Trust,NYSE,,USD,8.550000190734863,1.7857211787687621,,,2026-10-06
VLN,Valens Semiconductor Ltd.,NYSE,,USD,1.8799999952316284,0.0,,,2026-10-06
VLO,Valero Energy Corporation,NYSE,,USD,419.2200012207031,-0.02622883053547964,,,2026-10-06
VLRS,"Controladora Vuela Compania de Aviacion, S.A.B. de C.V.",NYSE,,USD,6.5,0.7751967785028402,,,2026-10-06
VLT,Invesco High Income Trust II,NYSE,,USD,9.050000190734863,0.33259125774622866,,,2026-10-06
VLTO,Veralto Corp,NYSE,,USD,96.44999694824219,-0.12426503775629927,,,2026-10-06
VMC,Vulcan Materials Company (Holding Company),NYSE,,USD,248.85000610351562,1.335667500700266,,,2026-10-06
VMI,"Valmont Industries, Inc.",NYSE,,USD,486.8900146484375,2.105485669794116,,,2026-10-06
VMO,Invesco Municipal Opportunity Trust,NYSE,,USD,8.4399995803833,1.3205241018574565,,,2026-10-06
VMRK,Vivmark Residential,NYSE,,USD,60.369998931884766,0.4659656824527625,,,2026-10-06
VNO,Vornado Realty Trust,NYSE,,USD,33.52000045776367,0.9334579398888154,,,2026-10-06
VNT,Vontier Corporation,NYSE,,USD,32.84000015258789,2.9789927285098106,,,2026-10-06
VOC,VOC Energy Trust,NYSE,,USD,3.4200000762939453,0.0,,,2026-10-06
VOYA,"Voya Financial, Inc.",NYSE,,USD,97.81999969482422,-0.28542179781047006,,,2026-10-06
VOYG,"Voyager Technologies, Inc. Class A",NYSE,,USD,30.8799991607666,2.2516502670477445,,,2026-10-06
VPG,"Vishay Precision Group, Inc.",NYSE,,USD,77.91000366210938,-0.192152064022022,,,2026-10-06
VPV,Invesco Pennsylvania Value Municipal Income Trust Common Stock (DE),NYSE,,USD,10.9399995803833,2.6266391836690772,,,2026-10-06
VRT,"Vertiv Holdings, LLC Class A",NYSE,,USD,253.13999938964844,-0.18925784117189703,,,2026-10-06
VRTS,"Virtus Investment Partners, Inc.",NYSE,,USD,132.02000427246094,-1.8219654391324447,,,2026-10-06
VSH,"Vishay Intertechnology, Inc.",NYSE,,USD,37.84000015258789,1.9946137706258416,,,2026-10-06
VST,Vistra Corp.,NYSE,,USD,160.5,10.773690852445972,,,2026-10-06
VSTS,Vestis Corporation,NYSE,,USD,13.920000076293945,-0.6423993655785498,,,2026-10-06
VSXY,Victorias Secret & Co.,NYSE,,USD,85.08999633789062,-4.831682303184492,,,2026-10-06
VTEX,,NYSE,,USD,3.799999952316284,0.2638519937706807,,,2026-10-06
VTMX,"Corporacion Inmobiliaria Vesta, S.A.B de C.V.",NYSE,,USD,33.369998931884766,2.3933684432184243,,,2026-10-06
VTN,Invesco Trust for Investment Grade New York Municipals,NYSE,,USD,9.569999694824219,1.5923526254289166,,,2026-10-06
VTOL,"Bristow Group, Inc.",NYSE,,USD,40.310001373291016,-0.2968066558965754,,,2026-10-06
VTR,"Ventas, Inc.",NYSE,,USD,81.86000061035156,0.6145526010927549,,,2026-10-06
VTS,"Vitesse Energy, Inc.",NYSE,,USD,16.959999084472656,-0.5278601561005569,,,2026-10-06
VVR,Invesco Senior Income Trust Common Stock (DE),NYSE,,USD,2.890000104904175,0.6968717819721082,,,2026-10-06
VVV,Valvoline Inc.,NYSE,,USD,30.8700008392334,1.7468710744231952,,,2026-10-06
VVX,"V2X, Inc.",NYSE,,USD,70.95999908447266,0.12698791364864626,,,2026-10-06
VYLR,Vylor Inc.,NYSE,,USD,72.93000030517578,-0.5454814071878422,,,2026-10-06
VYX,NCR Voyix Corporation,NYSE,,USD,6.730000019073486,-1.608189050592146,,,2026-10-06
VZ,Verizon Communications Inc.,NYSE,,USD,45.97999954223633,0.2835355996546163,,,2026-10-06
W,Wayfair Inc. Class A,NYSE,,USD,105.44999694824219,-0.5657766018382748,,,2026-10-06
WAB,Westinghouse Air Brake Technologies Corporation,NYSE,,USD,291.1600036621094,-0.23983475796106601,,,2026-10-06
WAL,Western Alliance Bancorporation Common Stock (DE),NYSE,,USD,76.08999633789062,0.09208063393226773,,,2026-10-06
WAT,Waters Corporation,NYSE,,USD,436.42999267578125,-0.8384082710043095,,,2026-10-06
WBI,WaterBridge Infrastructure LLC Class A Shares Representing Limited Liability Company Interests,NYSE,,USD,30.100000381469727,2.9763970333844147,,,2026-10-06
WBX,Wallbox N.V.,NYSE,,USD,2.680000066757202,-2.8985479703797723,,,2026-10-06
WCC,"WESCO International, Inc.",NYSE,,USD,384.0899963378906,1.8563207902571044,,,2026-10-06
WCN,"Waste Connections, Inc.",NYSE,,USD,154.6199951171875,0.20738305839329563,,,2026-10-06
WD,"Walker & Dunlop, Inc",NYSE,,USD,35.099998474121094,6.170589885329458,,,2026-10-06
WDH,Waterdrop Inc.,NYSE,,USD,1.0199999809265137,-0.9708728874782357,,,2026-10-06
WDI,Western Asset Diversified Income Fund,NYSE,,USD,11.760000228881836,0.5128241076481466,,,2026-10-06
WDS,Woodside Energy Group Limited,NYSE,,USD,21.75,-0.0918716460409641,,,2026-10-06
WEA,Western Asset Bond Fund Share of Beneficial Interest,NYSE,,USD,9.83489990234375,0.04984718896974272,,,2026-10-06
WEAV,"Weave Communications, Inc.",NYSE,,USD,7.380000114440918,0.27173886635465383,,,2026-10-06
WEC,"WEC Energy Group, Inc.",NYSE,,USD,103.19000244140625,1.8657446522314158,,,2026-10-06
WELL,Welltower Inc.,NYSE,,USD,225.77999877929688,0.7226958827273311,,,2026-10-06
WENC,West Enclave Merger Corp.,NYSE,,USD,10.020000457763672,0.09990238414763208,,,2026-10-05
WES,"Western Midstream Partners, LP Common",NYSE,,USD,46.18000030517578,1.294143782876045,,,2026-10-06
WEX,WEX Inc.,NYSE,,USD,171.47999572753906,-0.5797773798531747,,,2026-10-06
WF,Woori Financial Group Inc.,NYSE,,USD,75.19999694824219,-0.6342539045956719,,,2026-10-06
WFC,Wells Fargo & Company,NYSE,,USD,81.51000213623047,0.08595247142162421,,,2026-10-06
WFG,West Fraser Timber Co. Ltd,NYSE,,USD,63.29999923706055,-3.945375157233255,,,2026-10-06
WGO,"Winnebago Industries, Inc.",NYSE,,USD,24.950000762939453,-0.19999694824218706,,,2026-10-06
WH,"Wyndham Hotels & Resorts, Inc.",NYSE,,USD,72.6500015258789,2.0078633539254875,,,2026-10-06
WHD,"Cactus, Inc. Class A",NYSE,,USD,64.16999816894531,-0.8957557236365821,,,2026-10-06
WHG,Westwood Holdings Group Inc,NYSE,,USD,19.010000228881836,-0.10509961661592238,,,2026-10-06
WHK,WhiteHawk Minerals Corp Class A,NYSE,,USD,26.139999389648438,1.8706139715146453,,,2026-10-06
WHR,Whirlpool Corporation,NYSE,,USD,30.149999618530273,0.39959683363619547,,,2026-10-06
WIA,Western Asset Inflation-Linked Income Fund,NYSE,,USD,7.570000171661377,-0.9162263880564514,,,2026-10-06
WIT,Wipro Limited,NYSE,,USD,1.6799999475479126,-0.5917224457964498,,,2026-10-06
WIW,Western Asset Inflation-Linked Opportunities & Income Fund,NYSE,,USD,7.929999828338623,0.25284426437830465,,,2026-10-06
WK,Workiva Inc. Class A,NYSE,,USD,70.16000366210938,-2.3928681928640505,,,2026-10-06
WKC,World Kinect Corporation,NYSE,,USD,36.52000045776367,0.2470495521107674,,,2026-10-06
WLK,Westlake Corporation,NYSE,,USD,63.38999938964844,-1.8882544639810206,,,2026-10-06
WLKP,Westlake Chemical Partners LP Common,NYSE,,USD,21.59000015258789,0.793651147004848,,,2026-10-06
WLY,"John Wiley & Sons, Inc.",NYSE,,USD,48.45000076293945,-0.18541440232874296,,,2026-10-06
WLYB,"John Wiley & Sons, Inc.",NYSE,,USD,49.53499984741211,0.0,,,2026-10-05
WM,"Waste Management, Inc.",NYSE,,USD,207.8800048828125,0.5903422041440676,,,2026-10-06
WMB,"Williams Companies, Inc. (The)",NYSE,,USD,72.38999938964844,2.2313259222290993,,,2026-10-06
WMK,"Weis Markets, Inc.",NYSE,,USD,72.5999984741211,-1.9051528461166312,,,2026-10-06
WMS,"Advanced Drainage Systems, Inc.",NYSE,,USD,130.07000732421875,0.49448712404760453,,,2026-10-06
WNC,Wabash National Corporation,NYSE,,USD,13.869999885559082,-0.857754735684968,,,2026-10-06
WOLF,"Wolfspeed, Inc. Common Stock New",NYSE,,USD,31.829999923706055,-5.070083261203351,,,2026-10-06
WOR,"Worthington Enterprises, Inc.",NYSE,,USD,61.63999938964844,0.8177952322398152,,,2026-10-06
WPAC,White Pearl Acquisition Corp.,NYSE,,USD,10.09000015258789,0.0,,,2026-10-06
WPC,W. P. Carey Inc. REIT,NYSE,,USD,64.01000213623047,0.12513973200811712,,,2026-10-06
WPM,Wheaton Precious Metals Corp Common Shares (Canada),NYSE,,USD,137.64999389648438,1.012687738135143,,,2026-10-06
WPP,WPP plc,NYSE,,USD,25.030000686645508,1.8307598223604948,,,2026-10-06
WRB,W.R. Berkley Corporation,NYSE,,USD,69.6500015258789,-0.1719867033982747,,,2026-10-06
WRBY,Warby Parker Inc. Class A,NYSE,,USD,26.229999542236328,-1.575985299459104,,,2026-10-06
WS,"Worthington Steel, Inc.",NYSE,,USD,38.189998626708984,-2.3773014585074193,,,2026-10-06
WSM,"Williams-Sonoma, Inc. Common Stock (DE)",NYSE,,USD,242.25,1.4872237524693244,,,2026-10-06
WSO,"Watsco, Inc.",NYSE,,USD,290.8299865722656,-0.45182521026732037,,,2026-10-06
WST,"West Pharmaceutical Services, Inc.",NYSE,,USD,372.6400146484375,-1.093533021126758,,,2026-10-06
WT,"WisdomTree, Inc.",NYSE,,USD,24.18000030517578,-1.1042963163131247,,,2026-10-06
WTI,"W&T Offshore, Inc.",NYSE,,USD,3.5899999141693115,-0.27777752022684066,,,2026-10-06
WTM,"White Mountains Insurance Group, Ltd.",NYSE,,USD,2037.25,0.8819305901886842,,,2026-10-06
WTRG,"Essential Utilities, Inc.",NYSE,,USD,38.810001373291016,0.3620460588956931,,,2026-10-06
WTS,"Watts Water Technologies, Inc. Class A",NYSE,,USD,362.45001220703125,-0.08269821997760607,,,2026-10-06
WTTR,"Select Water Solutions, Inc.",NYSE,,USD,19.989999771118164,-0.3489516285534511,,,2026-10-06
WU,Western Union Company (The),NYSE,,USD,6.139999866485596,0.655737089809616,,,2026-10-06
WWW,"Wolverine World Wide, Inc.",NYSE,,USD,19.309999465942383,1.9535317922480422,,,2026-10-06
WY,Weyerhaeuser Company,NYSE,,USD,18.600000381469727,0.5949194792494561,,,2026-10-06
XFLH,XFLH Capital Corporation,NYSE,,USD,10.069999694824219,-0.5923042343421558,,,2026-10-06
XFLT,XAI Floating Rate & Alternative Income Trust,NYSE,,USD,19.1299991607666,-0.8808294456691179,,,2026-10-06
XHR,"Xenia Hotels & Resorts, Inc.",NYSE,,USD,18.059999465942383,-0.4958686197216511,,,2026-10-06
XIFR,"XPLR Infrastructure, LP Common",NYSE,,USD,10.380000114440918,1.8645784286722256,,,2026-10-06
XOM,ExxonMobil Holdings Corporation,NYSE,,USD,164.47999572753906,0.2926803216701579,,,2026-10-06
XPER,Xperi Inc.,NYSE,,USD,5.28000020980835,-2.762424001331276,,,2026-10-06
XPEV,XPeng Inc.,NYSE,,USD,9.5600004196167,1.7021362508463866,,,2026-10-06
XPO,"XPO, Inc.",NYSE,,USD,183.49000549316406,0.3445285358797179,,,2026-10-06
XPOF,"Xponential Fitness, Inc. Class A",NYSE,,USD,4.829999923706055,4.094828937233741,,,2026-10-06
XPRO,Expro Ltd,NYSE,,USD,16.229999542236328,-3.2200411495954984,,,2026-10-06
XRN,Chiron Real Estate Inc.,NYSE,,USD,34.279998779296875,1.3901135371652051,,,2026-10-06
XTND,"Xtend AI Robotics, Inc.",NYSE,,USD,2.680000066757202,-8.843536918467498,,,2026-10-06
XXI,"Twenty One Capital, Inc. Class A",NYSE,,USD,6.53000020980835,-2.2455033291157944,,,2026-10-06
XYF,X Financial,NYSE,,USD,5.079999923706055,2.6262650393963805,,,2026-10-06
XYL,Xylem Inc. Common Stock New,NYSE,,USD,104.56999969482422,2.0992009024764835,,,2026-10-06
XYZ,"Block, Inc. Class A Common Stock",NYSE,,USD,76.54000091552734,0.40666082243527857,,,2026-10-06
XZO,"Exzeo Group, Inc.",NYSE,,USD,15.039999961853027,-2.2742064565422937,,,2026-10-06
YALA,Yalla Group Limited,NYSE,,USD,5.440000057220459,0.1841662835723401,,,2026-10-06
YCY,AA Mission Acquisition Corp. II,NYSE,,USD,10.260000228881836,0.0,,,2026-10-06
YELP,Yelp Inc.,NYSE,,USD,18.139999389648438,-1.9459492451435856,,,2026-10-06
YETI,"YETI Holdings, Inc.",NYSE,,USD,40.25,-0.6663387332512705,,,2026-10-06
YEXT,"Yext, Inc.",NYSE,,USD,6.559999942779541,-0.9063435621868399,,,2026-10-06
YMM,Full Truck Alliance Co. Ltd.,NYSE,,USD,8.4399995803833,0.3567150239654593,,,2026-10-06
YOU,"Clear Secure, Inc. Class A",NYSE,,USD,41.5,0.60606060606061,,,2026-10-06
YPF,YPF Sociedad Anonima,NYSE,,USD,51.15999984741211,-0.15613159335298166,,,2026-10-06
YRD,Yiren Digital Ltd.,NYSE,,USD,0.9800000190734863,3.3755279302142727,,,2026-10-06
YSG,Yatsen Holding Limited,NYSE,,USD,2.559999942779541,-0.7751930820906638,,,2026-10-06
YSS,York Space Systems Inc.,NYSE,,USD,8.029999732971191,-3.369442509106668,,,2026-10-06
YUM,"Yum! Brands, Inc.",NYSE,,USD,139.83999633789062,2.095345763020773,,,2026-10-06
YUMC,"Yum China Holdings, Inc.",NYSE,,USD,40.619998931884766,0.919252004682658,,,2026-10-06
ZBH,"Zimmer Biomet Holdings, Inc.",NYSE,,USD,89.68000030517578,-2.0639940984462646,,,2026-10-06
ZEPP,Zepp Health Corporation,NYSE,,USD,3.9049999713897705,1.1658051170187367,,,2026-10-06
ZETA,Zeta Global Holdings Corp. Class A,NYSE,,USD,32.95000076293945,0.2128944420628276,,,2026-10-06
ZGN,Ermenegildo Zegna N.V.,NYSE,,USD,12.5,-0.3189789631156903,,,2026-10-06
ZH,Zhihu Inc.,NYSE,,USD,3.4200000762939453,1.4836852353948382,,,2026-10-06
ZIM,ZIM Integrated Shipping Services Ltd.,NYSE,,USD,29.200000762939453,0.9332888175440646,,,2026-10-06
ZIP,"ZipRecruiter, Inc. Class A",NYSE,,USD,3.680000066757202,1.9390629832558126,,,2026-10-06
ZKH,ZKH Group Limited,NYSE,,USD,2.450000047683716,-0.8097158176053498,,,2026-10-06
ZTO,ZTO Express (Cayman) Inc.,NYSE,,USD,19.68000030517578,-0.10152516238119969,,,2026-10-06
ZTR,Virtus Total Return Fund Inc.,NYSE,,USD,6.130000114440918,3.0252153100154944,,,2026-10-06
ZTS,Zoetis Inc. Class A,NYSE,,USD,71.33000183105469,-0.11203168597110347,,,2026-10-06
ZVIA,Zevia PBC Class A,NYSE,,USD,1.2000000476837158,-0.8264454667762711,,,2026-10-06
ZWS,Zurn Elkay Water Solutions Corporation,NYSE,,USD,47.849998474121094,-0.2917341101251192,,,2026-10-06
